
[2026-04-09 13:24:57] local.WARNING: AddressDetails autocomplete API call failed. 
{"status":403,"body":
      {"error":{"code":403,"message":"Places API (New) has not been used in project 646210229589 before or it is disabled. 
      Enable it by visiting https://console.developers.google.com/apis/api/places.googleapis.com/overview?project=646210229589 then retry.
       If you enabled this API recently, wait a few minutes for the action to propagate to our systems and retry.",
       "status":"PERMISSION_DENIED",
       "details":[{"@type":"type.googleapis.com/google.rpc.ErrorInfo","reason":"SERVICE_DISABLED","domain":"googleapis.com",
       "metadata":{"activationUrl":"https://console.developers.google.com/apis/api/places.googleapis.com/overview?project=646210229589",
       "containerInfo":"646210229589","service":"places.googleapis.com","consumer":"projects/646210229589","serviceTitle":"Places API (New)"}},
       {"@type":"type.googleapis.com/google.rpc.LocalizedMessage","locale":"en-US","message":"Places API (New) has not been used in project 646210229589 before or it is disabled. 
       Enable it by visiting https://console.developers.google.com/apis/api/places.googleapis.com/overview?project=646210229589 then retry. 
       If you enabled this API recently, wait a few minutes for the action to propagate to our systems and retry."},
       {"@type":"type.googleapis.com/google.rpc.Help",
       "links":[
       {"description":"Google developers console API activation",
       "url":"https://console.developers.google.com/apis/api/places.googleapis.com/overview?project=646210229589"}]}]}}} 
[2026-04-09 14:00:55] local.INFO: AddressDetails show page opened. {"user_id":37,"route":"address-detail","ip":"127.0.0.1"} 
[2026-04-09 16:17:27] local.INFO: AddressDetails show page opened. {"user_id":35,"route":"address-detail","ip":"127.0.0.1"} 
[2026-04-09 16:45:21] local.ERROR: Call to undefined method App\Http\Controllers\LeadController::authorize() {"userId":38,"exception":"[object] (Error(code: 0): Call to undefined method App\\Http\\Controllers\\LeadController::authorize() at C:/Users/Lidiya Getale/Herd/immigrationknowhow/app/Http/Controllers/LeadController.php:34)
[stacktrace]
#0 C:/Users/Lidiya Getale/Herd/immigrationknowhow/vendor/laravel/framework/src/Illuminate/Routing/ControllerDispatcher.php(47): App/Http/Controllers/LeadController->store(Object(Illuminate/Http/Request), Object(App/Models/ServiceProvider))
#1 C:/Users/Lidiya Getale/Herd/immigrationknowhow/vendor/laravel/framework/src/Illuminate/Routing/Route.php(266): Illuminate/Routing/ControllerDispatcher->dispatch(Object(Illuminate/Routing/Route), Object(App/Http/Controllers/LeadController), 'store')
#2 C:/Users/Lidiya Getale/Herd/immigrationknowhow/vendor/laravel/framework/src/Illuminate/Routing/Route.php(212): Illuminate/Routing/Route->runController()
#3 C:/Users/Lidiya Getale/Herd/immigrationknowhow/vendor/laravel/framework/src/Illuminate/Routing/Router.php(808): Illuminate/Routing/Route->run()
#4 C:/Users/Lidiya Getale/Herd/immigrationknowhow/vendor/laravel/framework/src/Illuminate/Pipeline/Pipeline.php(170): Illuminate/Routing/Router->{closure:Illuminate/Routing/Router::runRouteWithinStack():807}(Object(Illuminate/Http/Request))
#5 C:/Users/Lidiya Getale/Herd/immigrationknowhow/app/Http/Middleware/EnsureOnboardingComplete.php(30): Illuminate/Pipeline/Pipeline->{closure:Illuminate/Pipeline/Pipeline::prepareDestination():168}(Object(Illuminate/Http/Request))
#6 C:/Users/Lidiya Getale/Herd/immigrationknowhow/vendor/laravel/framework/src/Illuminate/Pipeline/Pipeline.php(209): App/Http/Middleware/EnsureOnboardingComplete->handle(Object(Illuminate/Http/Request), Object(Closure))
#7 C:/Users/Lidiya Getale/Herd/immigrationknowhow/vendor/inertiajs/inertia-laravel/src/Middleware.php(87): Illuminate/Pipeline/Pipeline->{closure:{closure:Illuminate/Pipeline/Pipeline::carry():184}:185}(Object(Illuminate/Http/Request))
#8 C:/Users/Lidiya Getale/Herd/immigrationknowhow/vendor/laravel/framework/src/Illuminate/Pipeline/Pipeline.php(209): Inertia/Middleware->handle(Object(Illuminate/Http/Request), Object(Closure))
#9 C:/Users/Lidiya Getale/Herd/immigrationknowhow/vendor/laravel/framework/src/Illuminate/Routing/Middleware/SubstituteBindings.php(51): Illuminate/Pipeline/Pipeline->{closure:{closure:Illuminate/Pipeline/Pipeline::carry():184}:185}(Object(Illuminate/Http/Request))
#10 C:/Users/Lidiya Getale/Herd/immigrationknowhow/vendor/laravel/framework/src/Illuminate/Pipeline/Pipeline.php(209): Illuminate/Routing/Middleware/SubstituteBindings->handle(Object(Illuminate/Http/Request), Object(Closure))
#11 C:/Users/Lidiya Getale/Herd/immigrationknowhow/vendor/laravel/framework/src/Illuminate/Auth/Middleware/Authenticate.php(64): Illuminate/Pipeline/Pipeline->{closure:{closure:Illuminate/Pipeline/Pipeline::carry():184}:185}(Object(Illuminate/Http/Request))
#12 C:/Users/Lidiya Getale/Herd/immigrationknowhow/vendor/laravel/framework/src/Illuminate/Pipeline/Pipeline.php(209): Illuminate/Auth/Middleware/Authenticate->handle(Object(Illuminate/Http/Request), Object(Closure))
#13 C:/Users/Lidiya Getale/Herd/immigrationknowhow/vendor/laravel/framework/src/Illuminate/Foundation/Http/Middleware/VerifyCsrfToken.php(88): Illuminate/Pipeline/Pipeline->{closure:{closure:Illuminate/Pipeline/Pipeline::carry():184}:185}(Object(Illuminate/Http/Request))
#14 C:/Users/Lidiya Getale/Herd/immigrationknowhow/vendor/laravel/framework/src/Illuminate/Pipeline/Pipeline.php(209): Illuminate/Foundation/Http/Middleware/VerifyCsrfToken->handle(Object(Illuminate/Http/Request), Object(Closure))
#15 C:/Users/Lidiya Getale/Herd/immigrationknowhow/vendor/laravel/framework/src/Illuminate/View/Middleware/ShareErrorsFromSession.php(49): Illuminate/Pipeline/Pipeline->{closure:{closure:Illuminate/Pipeline/Pipeline::carry():184}:185}(Object(Illuminate/Http/Request))
#16 C:/Users/Lidiya Getale/Herd/immigrationknowhow/vendor/laravel/framework/src/Illuminate/Pipeline/Pipeline.php(209): Illuminate/View/Middleware/ShareErrorsFromSession->handle(Object(Illuminate/Http/Request), Object(Closure))
#17 C:/Users/Lidiya Getale/Herd/immigrationknowhow/vendor/laravel/framework/src/Illuminate/Session/Middleware/StartSession.php(121): Illuminate/Pipeline/Pipeline->{closure:{closure:Illuminate/Pipeline/Pipeline::carry():184}:185}(Object(Illuminate/Http/Request))
#18 C:/Users/Lidiya Getale/Herd/immigrationknowhow/vendor/laravel/framework/src/Illuminate/Session/Middleware/StartSession.php(64): Illuminate/Session/Middleware/StartSession->handleStatefulRequest(Object(Illuminate/Http/Request), Object(Illuminate/Session/Store), Object(Closure))
#19 C:/Users/Lidiya Getale/Herd/immigrationknowhow/vendor/laravel/framework/src/Illuminate/Pipeline/Pipeline.php(209): Illuminate/Session/Middleware/StartSession->handle(Object(Illuminate/Http/Request), Object(Closure))
#20 C:/Users/Lidiya Getale/Herd/immigrationknowhow/vendor/laravel/framework/src/Illuminate/Cookie/Middleware/AddQueuedCookiesToResponse.php(37): Illuminate/Pipeline/Pipeline->{closure:{closure:Illuminate/Pipeline/Pipeline::carry():184}:185}(Object(Illuminate/Http/Request))
#21 C:/Users/Lidiya Getale/Herd/immigrationknowhow/vendor/laravel/framework/src/Illuminate/Pipeline/Pipeline.php(209): Illuminate/Cookie/Middleware/AddQueuedCookiesToResponse->handle(Object(Illuminate/Http/Request), Object(Closure))
#22 C:/Users/Lidiya Getale/Herd/immigrationknowhow/vendor/laravel/framework/src/Illuminate/Cookie/Middleware/EncryptCookies.php(75): Illuminate/Pipeline/Pipeline->{closure:{closure:Illuminate/Pipeline/Pipeline::carry():184}:185}(Object(Illuminate/Http/Request))
#23 C:/Users/Lidiya Getale/Herd/immigrationknowhow/vendor/laravel/framework/src/Illuminate/Pipeline/Pipeline.php(209): Illuminate/Cookie/Middleware/EncryptCookies->handle(Object(Illuminate/Http/Request), Object(Closure))
#24 C:/Users/Lidiya Getale/Herd/immigrationknowhow/vendor/laravel/framework/src/Illuminate/Pipeline/Pipeline.php(127): Illuminate/Pipeline/Pipeline->{closure:{closure:Illuminate/Pipeline/Pipeline::carry():184}:185}(Object(Illuminate/Http/Request))
#25 C:/Users/Lidiya Getale/Herd/immigrationknowhow/vendor/laravel/framework/src/Illuminate/Routing/Router.php(807): Illuminate/Pipeline/Pipeline->then(Object(Closure))
#26 C:/Users/Lidiya Getale/Herd/immigrationknowhow/vendor/laravel/framework/src/Illuminate/Routing/Router.php(786): Illuminate/Routing/Router->runRouteWithinStack(Object(Illuminate/Routing/Route), Object(Illuminate/Http/Request))
#27 C:/Users/Lidiya Getale/Herd/immigrationknowhow/vendor/laravel/framework/src/Illuminate/Routing/Router.php(750): Illuminate/Routing/Router->runRoute(Object(Illuminate/Http/Request), Object(Illuminate/Routing/Route))
#28 C:/Users/Lidiya Getale/Herd/immigrationknowhow/vendor/laravel/framework/src/Illuminate/Routing/Router.php(739): Illuminate/Routing/Router->dispatchToRoute(Object(Illuminate/Http/Request))
#29 C:/Users/Lidiya Getale/Herd/immigrationknowhow/vendor/laravel/framework/src/Illuminate/Foundation/Http/Kernel.php(201): Illuminate/Routing/Router->dispatch(Object(Illuminate/Http/Request))
#30 C:/Users/Lidiya Getale/Herd/immigrationknowhow/vendor/laravel/framework/src/Illuminate/Pipeline/Pipeline.php(170): Illuminate/Foundation/Http/Kernel->{closure:Illuminate/Foundation/Http/Kernel::dispatchToRouter():198}(Object(Illuminate/Http/Request))
#31 C:/Users/Lidiya Getale/Herd/immigrationknowhow/vendor/laravel/framework/src/Illuminate/Foundation/Http/Middleware/TransformsRequest.php(21): Illuminate/Pipeline/Pipeline->{closure:Illuminate/Pipeline/Pipeline::prepareDestination():168}(Object(Illuminate/Http/Request))
#32 C:/Users/Lidiya Getale/Herd/immigrationknowhow/vendor/laravel/framework/src/Illuminate/Foundation/Http/Middleware/ConvertEmptyStringsToNull.php(31): Illuminate/Foundation/Http/Middleware/TransformsRequest->handle(Object(Illuminate/Http/Request), Object(Closure))
#33 C:/Users/Lidiya Getale/Herd/immigrationknowhow/vendor/laravel/framework/src/Illuminate/Pipeline/Pipeline.php(209): Illuminate/Foundation/Http/Middleware/ConvertEmptyStringsToNull->handle(Object(Illuminate/Http/Request), Object(Closure))
#34 C:/Users/Lidiya Getale/Herd/immigrationknowhow/vendor/laravel/framework/src/Illuminate/Foundation/Http/Middleware/TransformsRequest.php(21): Illuminate/Pipeline/Pipeline->{closure:{closure:Illuminate/Pipeline/Pipeline::carry():184}:185}(Object(Illuminate/Http/Request))
#35 C:/Users/Lidiya Getale/Herd/immigrationknowhow/vendor/laravel/framework/src/Illuminate/Foundation/Http/Middleware/TrimStrings.php(51): Illuminate/Foundation/Http/Middleware/TransformsRequest->handle(Object(Illuminate/Http/Request), Object(Closure))
#36 C:/Users/Lidiya Getale/Herd/immigrationknowhow/vendor/laravel/framework/src/Illuminate/Pipeline/Pipeline.php(209): Illuminate/Foundation/Http/Middleware/TrimStrings->handle(Object(Illuminate/Http/Request), Object(Closure))
#37 C:/Users/Lidiya Getale/Herd/immigrationknowhow/vendor/laravel/framework/src/Illuminate/Http/Middleware/ValidatePostSize.php(27): Illuminate/Pipeline/Pipeline->{closure:{closure:Illuminate/Pipeline/Pipeline::carry():184}:185}(Object(Illuminate/Http/Request))
#38 C:/Users/Lidiya Getale/Herd/immigrationknowhow/vendor/laravel/framework/src/Illuminate/Pipeline/Pipeline.php(209): Illuminate/Http/Middleware/ValidatePostSize->handle(Object(Illuminate/Http/Request), Object(Closure))
#39 C:/Users/Lidiya Getale/Herd/immigrationknowhow/vendor/laravel/framework/src/Illuminate/Foundation/Http/Middleware/PreventRequestsDuringMaintenance.php(110): Illuminate/Pipeline/Pipeline->{closure:{closure:Illuminate/Pipeline/Pipeline::carry():184}:185}(Object(Illuminate/Http/Request))
#40 C:/Users/Lidiya Getale/Herd/immigrationknowhow/vendor/laravel/framework/src/Illuminate/Pipeline/Pipeline.php(209): Illuminate/Foundation/Http/Middleware/PreventRequestsDuringMaintenance->handle(Object(Illuminate/Http/Request), Object(Closure))
#41 C:/Users/Lidiya Getale/Herd/immigrationknowhow/vendor/laravel/framework/src/Illuminate/Http/Middleware/HandleCors.php(49): Illuminate/Pipeline/Pipeline->{closure:{closure:Illuminate/Pipeline/Pipeline::carry():184}:185}(Object(Illuminate/Http/Request))
#42 C:/Users/Lidiya Getale/Herd/immigrationknowhow/vendor/laravel/framework/src/Illuminate/Pipeline/Pipeline.php(209): Illuminate/Http/Middleware/HandleCors->handle(Object(Illuminate/Http/Request), Object(Closure))
#43 C:/Users/Lidiya Getale/Herd/immigrationknowhow/vendor/laravel/framework/src/Illuminate/Http/Middleware/TrustProxies.php(58): Illuminate/Pipeline/Pipeline->{closure:{closure:Illuminate/Pipeline/Pipeline::carry():184}:185}(Object(Illuminate/Http/Request))
#44 C:/Users/Lidiya Getale/Herd/immigrationknowhow/vendor/laravel/framework/src/Illuminate/Pipeline/Pipeline.php(209): Illuminate/Http/Middleware/TrustProxies->handle(Object(Illuminate/Http/Request), Object(Closure))
#45 C:/Users/Lidiya Getale/Herd/immigrationknowhow/vendor/laravel/framework/src/Illuminate/Foundation/Http/Middleware/InvokeDeferredCallbacks.php(22): Illuminate/Pipeline/Pipeline->{closure:{closure:Illuminate/Pipeline/Pipeline::carry():184}:185}(Object(Illuminate/Http/Request))
#46 C:/Users/Lidiya Getale/Herd/immigrationknowhow/vendor/laravel/framework/src/Illuminate/Pipeline/Pipeline.php(209): Illuminate/Foundation/Http/Middleware/InvokeDeferredCallbacks->handle(Object(Illuminate/Http/Request), Object(Closure))
#47 C:/Users/Lidiya Getale/Herd/immigrationknowhow/vendor/laravel/framework/src/Illuminate/Pipeline/Pipeline.php(127): Illuminate/Pipeline/Pipeline->{closure:{closure:Illuminate/Pipeline/Pipeline::carry():184}:185}(Object(Illuminate/Http/Request))
#48 C:/Users/Lidiya Getale/Herd/immigrationknowhow/vendor/laravel/framework/src/Illuminate/Foundation/Http/Kernel.php(176): Illuminate/Pipeline/Pipeline->then(Object(Closure))
#49 C:/Users/Lidiya Getale/Herd/immigrationknowhow/vendor/laravel/framework/src/Illuminate/Foundation/Http/Kernel.php(145): Illuminate/Foundation/Http/Kernel->sendRequestThroughRouter(Object(Illuminate/Http/Request))
#50 C:/Users/Lidiya Getale/Herd/immigrationknowhow/vendor/laravel/framework/src/Illuminate/Foundation/Application.php(1220): Illuminate/Foundation/Http/Kernel->handle(Object(Illuminate/Http/Request))
#51 C:/Users/Lidiya Getale/Herd/immigrationknowhow/public/index.php(17): Illuminate/Foundation/Application->handleRequest(Object(Illuminate/Http/Request))
#52 C:/Program Files/Herd/resources/app.asar.unpacked/resources/valet/server.php(139): require('C://Users//Lidiya...')
#53 {main}
"} 
[2026-04-09 16:58:50] local.INFO: AddressDetails show page opened. {"user_id":40,"route":"address-detail","ip":"127.0.0.1"} 
[2026-04-09 16:58:51] local.INFO: AddressDetails show page opened. {"user_id":40,"route":"address-detail","ip":"127.0.0.1"} 
[2026-04-09 16:58:55] local.INFO: AddressDetails autocomplete requested. {"user_id":40,"query":"Addia Abeba","country":"US","ip":"127.0.0.1","has_api_key":true} 
[2026-04-09 16:58:56] local.WARNING: AddressDetails autocomplete API call failed. {"status":403,"body":{"error":{"code":403,"message":"Places API (New) has not been used in project 646210229589 before or it is disabled. Enable it by visiting https://console.developers.google.com/apis/api/places.googleapis.com/overview?project=646210229589 then retry. If you enabled this API recently, wait a few minutes for the action to propagate to our systems and retry.","status":"PERMISSION_DENIED","details":[{"@type":"type.googleapis.com/google.rpc.ErrorInfo","reason":"SERVICE_DISABLED","domain":"googleapis.com","metadata":{"activationUrl":"https://console.developers.google.com/apis/api/places.googleapis.com/overview?project=646210229589","service":"places.googleapis.com","consumer":"projects/646210229589","serviceTitle":"Places API (New)","containerInfo":"646210229589"}},{"@type":"type.googleapis.com/google.rpc.LocalizedMessage","locale":"en-US","message":"Places API (New) has not been used in project 646210229589 before or it is disabled. Enable it by visiting https://console.developers.google.com/apis/api/places.googleapis.com/overview?project=646210229589 then retry. If you enabled this API recently, wait a few minutes for the action to propagate to our systems and retry."},{"@type":"type.googleapis.com/google.rpc.Help","links":[{"description":"Google developers console API activation","url":"https://console.developers.google.com/apis/api/places.googleapis.com/overview?project=646210229589"}]}]}}} 
[2026-04-09 17:00:19] local.INFO: AddressDetails show page opened. {"user_id":40,"route":"address-detail","ip":"127.0.0.1"} 
[2026-04-09 17:01:24] local.INFO: AddressDetails autocomplete requested. {"user_id":40,"query":"Addia Abeba","country":"US","ip":"127.0.0.1","has_api_key":true} 
[2026-04-09 17:01:24] local.WARNING: AddressDetails autocomplete API call failed. {"status":403,"body":{"error":{"code":403,"message":"Requests to this API places.googleapis.com method google.maps.places.v1.Places.AutocompletePlaces are blocked.","status":"PERMISSION_DENIED","details":[{"@type":"type.googleapis.com/google.rpc.ErrorInfo","reason":"API_KEY_SERVICE_BLOCKED","domain":"googleapis.com","metadata":{"service":"places.googleapis.com","consumer":"projects/646210229589","apiName":"places.googleapis.com","methodName":"google.maps.places.v1.Places.AutocompletePlaces"}},{"@type":"type.googleapis.com/google.rpc.LocalizedMessage","locale":"en-US","message":"Requests to this API places.googleapis.com method google.maps.places.v1.Places.AutocompletePlaces are blocked."}]}}} 
[2026-04-09 17:01:27] local.INFO: AddressDetails sendOtp request received. {"user_id":40,"route":"address-detail","ip":"127.0.0.1","address_payload":{"address":"Addia Abeba","city":"city_officer","state":"gjhkl","country":"CA","postal_code":"11000000","preferred_language":"en","serve_client_in_location":true},"has_phone":false} 
[2026-04-09 17:01:27] local.INFO: AddressDetails sendOtp validated payload. {"user_id":40,"validated":{"address":"Addia Abeba","city":"city_officer","state":"gjhkl","country":"CA","postal_code":"11000000","preferred_language":"en"}} 
[2026-04-09 17:01:27] local.INFO: AddressDetails sendOtp persisted user address details. {"user_id":40,"saved":{"address":"Addia Abeba","city":"city_officer","state":"gjhkl","country":"CA","postal_code":"11000000","preferred_language":"en"}} 
[2026-04-09 17:01:27] local.INFO: AddressDetails sendOtp completed without phone send; redirecting to OTP step. {"user_id":40} 
[2026-04-09 17:01:36] local.INFO: AddressDetails sendOtp request received. {"user_id":40,"route":"address-detail","ip":"127.0.0.1","address_payload":{"address":null,"city":null,"state":null,"country":null,"postal_code":null,"preferred_language":null,"serve_client_in_location":false},"has_phone":true} 
[2026-04-09 17:01:36] local.INFO: AddressDetails sendOtp validated payload. {"user_id":40,"validated":{"phone":"11234567890"}} 
[2026-04-09 17:01:36] local.INFO: AddressDetails sendOtp persisted user address details. {"user_id":40,"saved":{"address":"Addia Abeba","city":"city_officer","state":"gjhkl","country":"CA","postal_code":"11000000","preferred_language":"en"}} 
[2026-04-09 17:01:36] local.INFO: Phone verification OTP {"user_id":40,"phone":"11234567890","code":"996169","hint":"Replace with SMS in production; OTP is logged for development."} 
[2026-04-09 17:01:36] local.INFO: AddressDetails sendOtp OTP sent successfully. {"user_id":40,"phone_last4":"7890"} 
[2026-04-09 17:08:09] local.ERROR: SQLSTATE[42S22]: Column not found: 1054 Unknown column 'overall_rating' in 'where clause' (Connection: mysql, SQL: select count(*) as aggregate from `reviews` where `service_provider_id` = 14 and `overall_rating` = 5 and `reviews`.`deleted_at` is null) {"userId":40,"exception":"[object] (Illuminate\\Database\\QueryException(code: 42S22): SQLSTATE[42S22]: Column not found: 1054 Unknown column 'overall_rating' in 'where clause' (Connection: mysql, SQL: select count(*) as aggregate from `reviews` where `service_provider_id` = 14 and `overall_rating` = 5 and `reviews`.`deleted_at` is null) at C:/Users/Lidiya Getale/Herd/immigrationknowhow/vendor/laravel/framework/src/Illuminate/Database/Connection.php:825)
[stacktrace]
#0 C:/Users/Lidiya Getale/Herd/immigrationknowhow/vendor/laravel/framework/src/Illuminate/Database/Connection.php(779): Illuminate/Database/Connection->runQueryCallback('select count(*)...', Array, Object(Closure))
#1 C:/Users/Lidiya Getale/Herd/immigrationknowhow/vendor/laravel/framework/src/Illuminate/Database/Connection.php(398): Illuminate/Database/Connection->run('select count(*)...', Array, Object(Closure))
#2 C:/Users/Lidiya Getale/Herd/immigrationknowhow/vendor/laravel/framework/src/Illuminate/Database/Query/Builder.php(3106): Illuminate/Database/Connection->select('select count(*)...', Array, true)
#3 C:/Users/Lidiya Getale/Herd/immigrationknowhow/vendor/laravel/framework/src/Illuminate/Database/Query/Builder.php(3091): Illuminate/Database/Query/Builder->runSelect()
#4 C:/Users/Lidiya Getale/Herd/immigrationknowhow/vendor/laravel/framework/src/Illuminate/Database/Query/Builder.php(3676): Illuminate/Database/Query/Builder->{closure:Illuminate/Database/Query/Builder::get():3090}()
#5 C:/Users/Lidiya Getale/Herd/immigrationknowhow/vendor/laravel/framework/src/Illuminate/Database/Query/Builder.php(3090): Illuminate/Database/Query/Builder->onceWithColumns(Array, Object(Closure))
#6 C:/Users/Lidiya Getale/Herd/immigrationknowhow/vendor/laravel/framework/src/Illuminate/Database/Query/Builder.php(3603): Illuminate/Database/Query/Builder->get(Array)
#7 C:/Users/Lidiya Getale/Herd/immigrationknowhow/vendor/laravel/framework/src/Illuminate/Database/Query/Builder.php(3531): Illuminate/Database/Query/Builder->aggregate('count', Array)
#8 C:/Users/Lidiya Getale/Herd/immigrationknowhow/vendor/laravel/framework/src/Illuminate/Database/Eloquent/Builder.php(2120): Illuminate/Database/Query/Builder->count()
#9 C:/Users/Lidiya Getale/Herd/immigrationknowhow/app/Http/Controllers/Provider/ReviewController.php(54): Illuminate/Database/Eloquent/Builder->__call('count', Array)
#10 C:/Users/Lidiya Getale/Herd/immigrationknowhow/vendor/laravel/framework/src/Illuminate/Routing/ControllerDispatcher.php(47): App/Http/Controllers/Provider/ReviewController->index(Object(Illuminate/Http/Request))
#11 C:/Users/Lidiya Getale/Herd/immigrationknowhow/vendor/laravel/framework/src/Illuminate/Routing/Route.php(266): Illuminate/Routing/ControllerDispatcher->dispatch(Object(Illuminate/Routing/Route), Object(App/Http/Controllers/Provider/ReviewController), 'index')
#12 C:/Users/Lidiya Getale/Herd/immigrationknowhow/vendor/laravel/framework/src/Illuminate/Routing/Route.php(212): Illuminate/Routing/Route->runController()
#13 C:/Users/Lidiya Getale/Herd/immigrationknowhow/vendor/laravel/framework/src/Illuminate/Routing/Router.php(808): Illuminate/Routing/Route->run()
#14 C:/Users/Lidiya Getale/Herd/immigrationknowhow/vendor/laravel/framework/src/Illuminate/Pipeline/Pipeline.php(170): Illuminate/Routing/Router->{closure:Illuminate/Routing/Router::runRouteWithinStack():807}(Object(Illuminate/Http/Request))
#15 C:/Users/Lidiya Getale/Herd/immigrationknowhow/app/Http/Middleware/EnsureOnboardingComplete.php(30): Illuminate/Pipeline/Pipeline->{closure:Illuminate/Pipeline/Pipeline::prepareDestination():168}(Object(Illuminate/Http/Request))
#16 C:/Users/Lidiya Getale/Herd/immigrationknowhow/vendor/laravel/framework/src/Illuminate/Pipeline/Pipeline.php(209): App/Http/Middleware/EnsureOnboardingComplete->handle(Object(Illuminate/Http/Request), Object(Closure))
#17 C:/Users/Lidiya Getale/Herd/immigrationknowhow/vendor/spatie/laravel-permission/src/Middleware/RoleMiddleware.php(37): Illuminate/Pipeline/Pipeline->{closure:{closure:Illuminate/Pipeline/Pipeline::carry():184}:185}(Object(Illuminate/Http/Request))
#18 C:/Users/Lidiya Getale/Herd/immigrationknowhow/vendor/laravel/framework/src/Illuminate/Pipeline/Pipeline.php(209): Spatie/Permission/Middleware/RoleMiddleware->handle(Object(Illuminate/Http/Request), Object(Closure), 'provider')
#19 C:/Users/Lidiya Getale/Herd/immigrationknowhow/vendor/inertiajs/inertia-laravel/src/Middleware.php(87): Illuminate/Pipeline/Pipeline->{closure:{closure:Illuminate/Pipeline/Pipeline::carry():184}:185}(Object(Illuminate/Http/Request))
#20 C:/Users/Lidiya Getale/Herd/immigrationknowhow/vendor/laravel/framework/src/Illuminate/Pipeline/Pipeline.php(209): Inertia/Middleware->handle(Object(Illuminate/Http/Request), Object(Closure))
#21 C:/Users/Lidiya Getale/Herd/immigrationknowhow/vendor/laravel/framework/src/Illuminate/Routing/Middleware/SubstituteBindings.php(51): Illuminate/Pipeline/Pipeline->{closure:{closure:Illuminate/Pipeline/Pipeline::carry():184}:185}(Object(Illuminate/Http/Request))
#22 C:/Users/Lidiya Getale/Herd/immigrationknowhow/vendor/laravel/framework/src/Illuminate/Pipeline/Pipeline.php(209): Illuminate/Routing/Middleware/SubstituteBindings->handle(Object(Illuminate/Http/Request), Object(Closure))
#23 C:/Users/Lidiya Getale/Herd/immigrationknowhow/vendor/laravel/framework/src/Illuminate/Auth/Middleware/Authenticate.php(64): Illuminate/Pipeline/Pipeline->{closure:{closure:Illuminate/Pipeline/Pipeline::carry():184}:185}(Object(Illuminate/Http/Request))
#24 C:/Users/Lidiya Getale/Herd/immigrationknowhow/vendor/laravel/framework/src/Illuminate/Pipeline/Pipeline.php(209): Illuminate/Auth/Middleware/Authenticate->handle(Object(Illuminate/Http/Request), Object(Closure))
#25 C:/Users/Lidiya Getale/Herd/immigrationknowhow/vendor/laravel/framework/src/Illuminate/Foundation/Http/Middleware/VerifyCsrfToken.php(88): Illuminate/Pipeline/Pipeline->{closure:{closure:Illuminate/Pipeline/Pipeline::carry():184}:185}(Object(Illuminate/Http/Request))
#26 C:/Users/Lidiya Getale/Herd/immigrationknowhow/vendor/laravel/framework/src/Illuminate/Pipeline/Pipeline.php(209): Illuminate/Foundation/Http/Middleware/VerifyCsrfToken->handle(Object(Illuminate/Http/Request), Object(Closure))
#27 C:/Users/Lidiya Getale/Herd/immigrationknowhow/vendor/laravel/framework/src/Illuminate/View/Middleware/ShareErrorsFromSession.php(49): Illuminate/Pipeline/Pipeline->{closure:{closure:Illuminate/Pipeline/Pipeline::carry():184}:185}(Object(Illuminate/Http/Request))
#28 C:/Users/Lidiya Getale/Herd/immigrationknowhow/vendor/laravel/framework/src/Illuminate/Pipeline/Pipeline.php(209): Illuminate/View/Middleware/ShareErrorsFromSession->handle(Object(Illuminate/Http/Request), Object(Closure))
#29 C:/Users/Lidiya Getale/Herd/immigrationknowhow/vendor/laravel/framework/src/Illuminate/Session/Middleware/StartSession.php(121): Illuminate/Pipeline/Pipeline->{closure:{closure:Illuminate/Pipeline/Pipeline::carry():184}:185}(Object(Illuminate/Http/Request))
#30 C:/Users/Lidiya Getale/Herd/immigrationknowhow/vendor/laravel/framework/src/Illuminate/Session/Middleware/StartSession.php(64): Illuminate/Session/Middleware/StartSession->handleStatefulRequest(Object(Illuminate/Http/Request), Object(Illuminate/Session/Store), Object(Closure))
#31 C:/Users/Lidiya Getale/Herd/immigrationknowhow/vendor/laravel/framework/src/Illuminate/Pipeline/Pipeline.php(209): Illuminate/Session/Middleware/StartSession->handle(Object(Illuminate/Http/Request), Object(Closure))
#32 C:/Users/Lidiya Getale/Herd/immigrationknowhow/vendor/laravel/framework/src/Illuminate/Cookie/Middleware/AddQueuedCookiesToResponse.php(37): Illuminate/Pipeline/Pipeline->{closure:{closure:Illuminate/Pipeline/Pipeline::carry():184}:185}(Object(Illuminate/Http/Request))
#33 C:/Users/Lidiya Getale/Herd/immigrationknowhow/vendor/laravel/framework/src/Illuminate/Pipeline/Pipeline.php(209): Illuminate/Cookie/Middleware/AddQueuedCookiesToResponse->handle(Object(Illuminate/Http/Request), Object(Closure))
#34 C:/Users/Lidiya Getale/Herd/immigrationknowhow/vendor/laravel/framework/src/Illuminate/Cookie/Middleware/EncryptCookies.php(75): Illuminate/Pipeline/Pipeline->{closure:{closure:Illuminate/Pipeline/Pipeline::carry():184}:185}(Object(Illuminate/Http/Request))
#35 C:/Users/Lidiya Getale/Herd/immigrationknowhow/vendor/laravel/framework/src/Illuminate/Pipeline/Pipeline.php(209): Illuminate/Cookie/Middleware/EncryptCookies->handle(Object(Illuminate/Http/Request), Object(Closure))
#36 C:/Users/Lidiya Getale/Herd/immigrationknowhow/vendor/laravel/framework/src/Illuminate/Pipeline/Pipeline.php(127): Illuminate/Pipeline/Pipeline->{closure:{closure:Illuminate/Pipeline/Pipeline::carry():184}:185}(Object(Illuminate/Http/Request))
#37 C:/Users/Lidiya Getale/Herd/immigrationknowhow/vendor/laravel/framework/src/Illuminate/Routing/Router.php(807): Illuminate/Pipeline/Pipeline->then(Object(Closure))
#38 C:/Users/Lidiya Getale/Herd/immigrationknowhow/vendor/laravel/framework/src/Illuminate/Routing/Router.php(786): Illuminate/Routing/Router->runRouteWithinStack(Object(Illuminate/Routing/Route), Object(Illuminate/Http/Request))
#39 C:/Users/Lidiya Getale/Herd/immigrationknowhow/vendor/laravel/framework/src/Illuminate/Routing/Router.php(750): Illuminate/Routing/Router->runRoute(Object(Illuminate/Http/Request), Object(Illuminate/Routing/Route))
#40 C:/Users/Lidiya Getale/Herd/immigrationknowhow/vendor/laravel/framework/src/Illuminate/Routing/Router.php(739): Illuminate/Routing/Router->dispatchToRoute(Object(Illuminate/Http/Request))
#41 C:/Users/Lidiya Getale/Herd/immigrationknowhow/vendor/laravel/framework/src/Illuminate/Foundation/Http/Kernel.php(201): Illuminate/Routing/Router->dispatch(Object(Illuminate/Http/Request))
#42 C:/Users/Lidiya Getale/Herd/immigrationknowhow/vendor/laravel/framework/src/Illuminate/Pipeline/Pipeline.php(170): Illuminate/Foundation/Http/Kernel->{closure:Illuminate/Foundation/Http/Kernel::dispatchToRouter():198}(Object(Illuminate/Http/Request))
#43 C:/Users/Lidiya Getale/Herd/immigrationknowhow/vendor/laravel/framework/src/Illuminate/Foundation/Http/Middleware/TransformsRequest.php(21): Illuminate/Pipeline/Pipeline->{closure:Illuminate/Pipeline/Pipeline::prepareDestination():168}(Object(Illuminate/Http/Request))
#44 C:/Users/Lidiya Getale/Herd/immigrationknowhow/vendor/laravel/framework/src/Illuminate/Foundation/Http/Middleware/ConvertEmptyStringsToNull.php(31): Illuminate/Foundation/Http/Middleware/TransformsRequest->handle(Object(Illuminate/Http/Request), Object(Closure))
#45 C:/Users/Lidiya Getale/Herd/immigrationknowhow/vendor/laravel/framework/src/Illuminate/Pipeline/Pipeline.php(209): Illuminate/Foundation/Http/Middleware/ConvertEmptyStringsToNull->handle(Object(Illuminate/Http/Request), Object(Closure))
#46 C:/Users/Lidiya Getale/Herd/immigrationknowhow/vendor/laravel/framework/src/Illuminate/Foundation/Http/Middleware/TransformsRequest.php(21): Illuminate/Pipeline/Pipeline->{closure:{closure:Illuminate/Pipeline/Pipeline::carry():184}:185}(Object(Illuminate/Http/Request))
#47 C:/Users/Lidiya Getale/Herd/immigrationknowhow/vendor/laravel/framework/src/Illuminate/Foundation/Http/Middleware/TrimStrings.php(51): Illuminate/Foundation/Http/Middleware/TransformsRequest->handle(Object(Illuminate/Http/Request), Object(Closure))
#48 C:/Users/Lidiya Getale/Herd/immigrationknowhow/vendor/laravel/framework/src/Illuminate/Pipeline/Pipeline.php(209): Illuminate/Foundation/Http/Middleware/TrimStrings->handle(Object(Illuminate/Http/Request), Object(Closure))
#49 C:/Users/Lidiya Getale/Herd/immigrationknowhow/vendor/laravel/framework/src/Illuminate/Http/Middleware/ValidatePostSize.php(27): Illuminate/Pipeline/Pipeline->{closure:{closure:Illuminate/Pipeline/Pipeline::carry():184}:185}(Object(Illuminate/Http/Request))
#50 C:/Users/Lidiya Getale/Herd/immigrationknowhow/vendor/laravel/framework/src/Illuminate/Pipeline/Pipeline.php(209): Illuminate/Http/Middleware/ValidatePostSize->handle(Object(Illuminate/Http/Request), Object(Closure))
#51 C:/Users/Lidiya Getale/Herd/immigrationknowhow/vendor/laravel/framework/src/Illuminate/Foundation/Http/Middleware/PreventRequestsDuringMaintenance.php(110): Illuminate/Pipeline/Pipeline->{closure:{closure:Illuminate/Pipeline/Pipeline::carry():184}:185}(Object(Illuminate/Http/Request))
#52 C:/Users/Lidiya Getale/Herd/immigrationknowhow/vendor/laravel/framework/src/Illuminate/Pipeline/Pipeline.php(209): Illuminate/Foundation/Http/Middleware/PreventRequestsDuringMaintenance->handle(Object(Illuminate/Http/Request), Object(Closure))
#53 C:/Users/Lidiya Getale/Herd/immigrationknowhow/vendor/laravel/framework/src/Illuminate/Http/Middleware/HandleCors.php(49): Illuminate/Pipeline/Pipeline->{closure:{closure:Illuminate/Pipeline/Pipeline::carry():184}:185}(Object(Illuminate/Http/Request))
#54 C:/Users/Lidiya Getale/Herd/immigrationknowhow/vendor/laravel/framework/src/Illuminate/Pipeline/Pipeline.php(209): Illuminate/Http/Middleware/HandleCors->handle(Object(Illuminate/Http/Request), Object(Closure))
#55 C:/Users/Lidiya Getale/Herd/immigrationknowhow/vendor/laravel/framework/src/Illuminate/Http/Middleware/TrustProxies.php(58): Illuminate/Pipeline/Pipeline->{closure:{closure:Illuminate/Pipeline/Pipeline::carry():184}:185}(Object(Illuminate/Http/Request))
#56 C:/Users/Lidiya Getale/Herd/immigrationknowhow/vendor/laravel/framework/src/Illuminate/Pipeline/Pipeline.php(209): Illuminate/Http/Middleware/TrustProxies->handle(Object(Illuminate/Http/Request), Object(Closure))
#57 C:/Users/Lidiya Getale/Herd/immigrationknowhow/vendor/laravel/framework/src/Illuminate/Foundation/Http/Middleware/InvokeDeferredCallbacks.php(22): Illuminate/Pipeline/Pipeline->{closure:{closure:Illuminate/Pipeline/Pipeline::carry():184}:185}(Object(Illuminate/Http/Request))
#58 C:/Users/Lidiya Getale/Herd/immigrationknowhow/vendor/laravel/framework/src/Illuminate/Pipeline/Pipeline.php(209): Illuminate/Foundation/Http/Middleware/InvokeDeferredCallbacks->handle(Object(Illuminate/Http/Request), Object(Closure))
#59 C:/Users/Lidiya Getale/Herd/immigrationknowhow/vendor/laravel/framework/src/Illuminate/Pipeline/Pipeline.php(127): Illuminate/Pipeline/Pipeline->{closure:{closure:Illuminate/Pipeline/Pipeline::carry():184}:185}(Object(Illuminate/Http/Request))
#60 C:/Users/Lidiya Getale/Herd/immigrationknowhow/vendor/laravel/framework/src/Illuminate/Foundation/Http/Kernel.php(176): Illuminate/Pipeline/Pipeline->then(Object(Closure))
#61 C:/Users/Lidiya Getale/Herd/immigrationknowhow/vendor/laravel/framework/src/Illuminate/Foundation/Http/Kernel.php(145): Illuminate/Foundation/Http/Kernel->sendRequestThroughRouter(Object(Illuminate/Http/Request))
#62 C:/Users/Lidiya Getale/Herd/immigrationknowhow/vendor/laravel/framework/src/Illuminate/Foundation/Application.php(1220): Illuminate/Foundation/Http/Kernel->handle(Object(Illuminate/Http/Request))
#63 C:/Users/Lidiya Getale/Herd/immigrationknowhow/public/index.php(17): Illuminate/Foundation/Application->handleRequest(Object(Illuminate/Http/Request))
#64 C:/Program Files/Herd/resources/app.asar.unpacked/resources/valet/server.php(139): require('C://Users//Lidiya...')
#65 {main}

[previous exception] [object] (PDOException(code: 42S22): SQLSTATE[42S22]: Column not found: 1054 Unknown column 'overall_rating' in 'where clause' at C:/Users/Lidiya Getale/Herd/immigrationknowhow/vendor/laravel/framework/src/Illuminate/Database/Connection.php:407)
[stacktrace]
#0 C:/Users/Lidiya Getale/Herd/immigrationknowhow/vendor/laravel/framework/src/Illuminate/Database/Connection.php(407): PDO->prepare('select count(*)...')
#1 C:/Users/Lidiya Getale/Herd/immigrationknowhow/vendor/laravel/framework/src/Illuminate/Database/Connection.php(812): Illuminate/Database/Connection->{closure:Illuminate/Database/Connection::select():398}('select count(*)...', Array)
#2 C:/Users/Lidiya Getale/Herd/immigrationknowhow/vendor/laravel/framework/src/Illuminate/Database/Connection.php(779): Illuminate/Database/Connection->runQueryCallback('select count(*)...', Array, Object(Closure))
#3 C:/Users/Lidiya Getale/Herd/immigrationknowhow/vendor/laravel/framework/src/Illuminate/Database/Connection.php(398): Illuminate/Database/Connection->run('select count(*)...', Array, Object(Closure))
#4 C:/Users/Lidiya Getale/Herd/immigrationknowhow/vendor/laravel/framework/src/Illuminate/Database/Query/Builder.php(3106): Illuminate/Database/Connection->select('select count(*)...', Array, true)
#5 C:/Users/Lidiya Getale/Herd/immigrationknowhow/vendor/laravel/framework/src/Illuminate/Database/Query/Builder.php(3091): Illuminate/Database/Query/Builder->runSelect()
#6 C:/Users/Lidiya Getale/Herd/immigrationknowhow/vendor/laravel/framework/src/Illuminate/Database/Query/Builder.php(3676): Illuminate/Database/Query/Builder->{closure:Illuminate/Database/Query/Builder::get():3090}()
#7 C:/Users/Lidiya Getale/Herd/immigrationknowhow/vendor/laravel/framework/src/Illuminate/Database/Query/Builder.php(3090): Illuminate/Database/Query/Builder->onceWithColumns(Array, Object(Closure))
#8 C:/Users/Lidiya Getale/Herd/immigrationknowhow/vendor/laravel/framework/src/Illuminate/Database/Query/Builder.php(3603): Illuminate/Database/Query/Builder->get(Array)
#9 C:/Users/Lidiya Getale/Herd/immigrationknowhow/vendor/laravel/framework/src/Illuminate/Database/Query/Builder.php(3531): Illuminate/Database/Query/Builder->aggregate('count', Array)
#10 C:/Users/Lidiya Getale/Herd/immigrationknowhow/vendor/laravel/framework/src/Illuminate/Database/Eloquent/Builder.php(2120): Illuminate/Database/Query/Builder->count()
#11 C:/Users/Lidiya Getale/Herd/immigrationknowhow/app/Http/Controllers/Provider/ReviewController.php(54): Illuminate/Database/Eloquent/Builder->__call('count', Array)
#12 C:/Users/Lidiya Getale/Herd/immigrationknowhow/vendor/laravel/framework/src/Illuminate/Routing/ControllerDispatcher.php(47): App/Http/Controllers/Provider/ReviewController->index(Object(Illuminate/Http/Request))
#13 C:/Users/Lidiya Getale/Herd/immigrationknowhow/vendor/laravel/framework/src/Illuminate/Routing/Route.php(266): Illuminate/Routing/ControllerDispatcher->dispatch(Object(Illuminate/Routing/Route), Object(App/Http/Controllers/Provider/ReviewController), 'index')
#14 C:/Users/Lidiya Getale/Herd/immigrationknowhow/vendor/laravel/framework/src/Illuminate/Routing/Route.php(212): Illuminate/Routing/Route->runController()
#15 C:/Users/Lidiya Getale/Herd/immigrationknowhow/vendor/laravel/framework/src/Illuminate/Routing/Router.php(808): Illuminate/Routing/Route->run()
#16 C:/Users/Lidiya Getale/Herd/immigrationknowhow/vendor/laravel/framework/src/Illuminate/Pipeline/Pipeline.php(170): Illuminate/Routing/Router->{closure:Illuminate/Routing/Router::runRouteWithinStack():807}(Object(Illuminate/Http/Request))
#17 C:/Users/Lidiya Getale/Herd/immigrationknowhow/app/Http/Middleware/EnsureOnboardingComplete.php(30): Illuminate/Pipeline/Pipeline->{closure:Illuminate/Pipeline/Pipeline::prepareDestination():168}(Object(Illuminate/Http/Request))
#18 C:/Users/Lidiya Getale/Herd/immigrationknowhow/vendor/laravel/framework/src/Illuminate/Pipeline/Pipeline.php(209): App/Http/Middleware/EnsureOnboardingComplete->handle(Object(Illuminate/Http/Request), Object(Closure))
#19 C:/Users/Lidiya Getale/Herd/immigrationknowhow/vendor/spatie/laravel-permission/src/Middleware/RoleMiddleware.php(37): Illuminate/Pipeline/Pipeline->{closure:{closure:Illuminate/Pipeline/Pipeline::carry():184}:185}(Object(Illuminate/Http/Request))
#20 C:/Users/Lidiya Getale/Herd/immigrationknowhow/vendor/laravel/framework/src/Illuminate/Pipeline/Pipeline.php(209): Spatie/Permission/Middleware/RoleMiddleware->handle(Object(Illuminate/Http/Request), Object(Closure), 'provider')
#21 C:/Users/Lidiya Getale/Herd/immigrationknowhow/vendor/inertiajs/inertia-laravel/src/Middleware.php(87): Illuminate/Pipeline/Pipeline->{closure:{closure:Illuminate/Pipeline/Pipeline::carry():184}:185}(Object(Illuminate/Http/Request))
#22 C:/Users/Lidiya Getale/Herd/immigrationknowhow/vendor/laravel/framework/src/Illuminate/Pipeline/Pipeline.php(209): Inertia/Middleware->handle(Object(Illuminate/Http/Request), Object(Closure))
#23 C:/Users/Lidiya Getale/Herd/immigrationknowhow/vendor/laravel/framework/src/Illuminate/Routing/Middleware/SubstituteBindings.php(51): Illuminate/Pipeline/Pipeline->{closure:{closure:Illuminate/Pipeline/Pipeline::carry():184}:185}(Object(Illuminate/Http/Request))
#24 C:/Users/Lidiya Getale/Herd/immigrationknowhow/vendor/laravel/framework/src/Illuminate/Pipeline/Pipeline.php(209): Illuminate/Routing/Middleware/SubstituteBindings->handle(Object(Illuminate/Http/Request), Object(Closure))
#25 C:/Users/Lidiya Getale/Herd/immigrationknowhow/vendor/laravel/framework/src/Illuminate/Auth/Middleware/Authenticate.php(64): Illuminate/Pipeline/Pipeline->{closure:{closure:Illuminate/Pipeline/Pipeline::carry():184}:185}(Object(Illuminate/Http/Request))
#26 C:/Users/Lidiya Getale/Herd/immigrationknowhow/vendor/laravel/framework/src/Illuminate/Pipeline/Pipeline.php(209): Illuminate/Auth/Middleware/Authenticate->handle(Object(Illuminate/Http/Request), Object(Closure))
#27 C:/Users/Lidiya Getale/Herd/immigrationknowhow/vendor/laravel/framework/src/Illuminate/Foundation/Http/Middleware/VerifyCsrfToken.php(88): Illuminate/Pipeline/Pipeline->{closure:{closure:Illuminate/Pipeline/Pipeline::carry():184}:185}(Object(Illuminate/Http/Request))
#28 C:/Users/Lidiya Getale/Herd/immigrationknowhow/vendor/laravel/framework/src/Illuminate/Pipeline/Pipeline.php(209): Illuminate/Foundation/Http/Middleware/VerifyCsrfToken->handle(Object(Illuminate/Http/Request), Object(Closure))
#29 C:/Users/Lidiya Getale/Herd/immigrationknowhow/vendor/laravel/framework/src/Illuminate/View/Middleware/ShareErrorsFromSession.php(49): Illuminate/Pipeline/Pipeline->{closure:{closure:Illuminate/Pipeline/Pipeline::carry():184}:185}(Object(Illuminate/Http/Request))
#30 C:/Users/Lidiya Getale/Herd/immigrationknowhow/vendor/laravel/framework/src/Illuminate/Pipeline/Pipeline.php(209): Illuminate/View/Middleware/ShareErrorsFromSession->handle(Object(Illuminate/Http/Request), Object(Closure))
#31 C:/Users/Lidiya Getale/Herd/immigrationknowhow/vendor/laravel/framework/src/Illuminate/Session/Middleware/StartSession.php(121): Illuminate/Pipeline/Pipeline->{closure:{closure:Illuminate/Pipeline/Pipeline::carry():184}:185}(Object(Illuminate/Http/Request))
#32 C:/Users/Lidiya Getale/Herd/immigrationknowhow/vendor/laravel/framework/src/Illuminate/Session/Middleware/StartSession.php(64): Illuminate/Session/Middleware/StartSession->handleStatefulRequest(Object(Illuminate/Http/Request), Object(Illuminate/Session/Store), Object(Closure))
#33 C:/Users/Lidiya Getale/Herd/immigrationknowhow/vendor/laravel/framework/src/Illuminate/Pipeline/Pipeline.php(209): Illuminate/Session/Middleware/StartSession->handle(Object(Illuminate/Http/Request), Object(Closure))
#34 C:/Users/Lidiya Getale/Herd/immigrationknowhow/vendor/laravel/framework/src/Illuminate/Cookie/Middleware/AddQueuedCookiesToResponse.php(37): Illuminate/Pipeline/Pipeline->{closure:{closure:Illuminate/Pipeline/Pipeline::carry():184}:185}(Object(Illuminate/Http/Request))
#35 C:/Users/Lidiya Getale/Herd/immigrationknowhow/vendor/laravel/framework/src/Illuminate/Pipeline/Pipeline.php(209): Illuminate/Cookie/Middleware/AddQueuedCookiesToResponse->handle(Object(Illuminate/Http/Request), Object(Closure))
#36 C:/Users/Lidiya Getale/Herd/immigrationknowhow/vendor/laravel/framework/src/Illuminate/Cookie/Middleware/EncryptCookies.php(75): Illuminate/Pipeline/Pipeline->{closure:{closure:Illuminate/Pipeline/Pipeline::carry():184}:185}(Object(Illuminate/Http/Request))
#37 C:/Users/Lidiya Getale/Herd/immigrationknowhow/vendor/laravel/framework/src/Illuminate/Pipeline/Pipeline.php(209): Illuminate/Cookie/Middleware/EncryptCookies->handle(Object(Illuminate/Http/Request), Object(Closure))
#38 C:/Users/Lidiya Getale/Herd/immigrationknowhow/vendor/laravel/framework/src/Illuminate/Pipeline/Pipeline.php(127): Illuminate/Pipeline/Pipeline->{closure:{closure:Illuminate/Pipeline/Pipeline::carry():184}:185}(Object(Illuminate/Http/Request))
#39 C:/Users/Lidiya Getale/Herd/immigrationknowhow/vendor/laravel/framework/src/Illuminate/Routing/Router.php(807): Illuminate/Pipeline/Pipeline->then(Object(Closure))
#40 C:/Users/Lidiya Getale/Herd/immigrationknowhow/vendor/laravel/framework/src/Illuminate/Routing/Router.php(786): Illuminate/Routing/Router->runRouteWithinStack(Object(Illuminate/Routing/Route), Object(Illuminate/Http/Request))
#41 C:/Users/Lidiya Getale/Herd/immigrationknowhow/vendor/laravel/framework/src/Illuminate/Routing/Router.php(750): Illuminate/Routing/Router->runRoute(Object(Illuminate/Http/Request), Object(Illuminate/Routing/Route))
#42 C:/Users/Lidiya Getale/Herd/immigrationknowhow/vendor/laravel/framework/src/Illuminate/Routing/Router.php(739): Illuminate/Routing/Router->dispatchToRoute(Object(Illuminate/Http/Request))
#43 C:/Users/Lidiya Getale/Herd/immigrationknowhow/vendor/laravel/framework/src/Illuminate/Foundation/Http/Kernel.php(201): Illuminate/Routing/Router->dispatch(Object(Illuminate/Http/Request))
#44 C:/Users/Lidiya Getale/Herd/immigrationknowhow/vendor/laravel/framework/src/Illuminate/Pipeline/Pipeline.php(170): Illuminate/Foundation/Http/Kernel->{closure:Illuminate/Foundation/Http/Kernel::dispatchToRouter():198}(Object(Illuminate/Http/Request))
#45 C:/Users/Lidiya Getale/Herd/immigrationknowhow/vendor/laravel/framework/src/Illuminate/Foundation/Http/Middleware/TransformsRequest.php(21): Illuminate/Pipeline/Pipeline->{closure:Illuminate/Pipeline/Pipeline::prepareDestination():168}(Object(Illuminate/Http/Request))
#46 C:/Users/Lidiya Getale/Herd/immigrationknowhow/vendor/laravel/framework/src/Illuminate/Foundation/Http/Middleware/ConvertEmptyStringsToNull.php(31): Illuminate/Foundation/Http/Middleware/TransformsRequest->handle(Object(Illuminate/Http/Request), Object(Closure))
#47 C:/Users/Lidiya Getale/Herd/immigrationknowhow/vendor/laravel/framework/src/Illuminate/Pipeline/Pipeline.php(209): Illuminate/Foundation/Http/Middleware/ConvertEmptyStringsToNull->handle(Object(Illuminate/Http/Request), Object(Closure))
#48 C:/Users/Lidiya Getale/Herd/immigrationknowhow/vendor/laravel/framework/src/Illuminate/Foundation/Http/Middleware/TransformsRequest.php(21): Illuminate/Pipeline/Pipeline->{closure:{closure:Illuminate/Pipeline/Pipeline::carry():184}:185}(Object(Illuminate/Http/Request))
#49 C:/Users/Lidiya Getale/Herd/immigrationknowhow/vendor/laravel/framework/src/Illuminate/Foundation/Http/Middleware/TrimStrings.php(51): Illuminate/Foundation/Http/Middleware/TransformsRequest->handle(Object(Illuminate/Http/Request), Object(Closure))
#50 C:/Users/Lidiya Getale/Herd/immigrationknowhow/vendor/laravel/framework/src/Illuminate/Pipeline/Pipeline.php(209): Illuminate/Foundation/Http/Middleware/TrimStrings->handle(Object(Illuminate/Http/Request), Object(Closure))
#51 C:/Users/Lidiya Getale/Herd/immigrationknowhow/vendor/laravel/framework/src/Illuminate/Http/Middleware/ValidatePostSize.php(27): Illuminate/Pipeline/Pipeline->{closure:{closure:Illuminate/Pipeline/Pipeline::carry():184}:185}(Object(Illuminate/Http/Request))
#52 C:/Users/Lidiya Getale/Herd/immigrationknowhow/vendor/laravel/framework/src/Illuminate/Pipeline/Pipeline.php(209): Illuminate/Http/Middleware/ValidatePostSize->handle(Object(Illuminate/Http/Request), Object(Closure))
#53 C:/Users/Lidiya Getale/Herd/immigrationknowhow/vendor/laravel/framework/src/Illuminate/Foundation/Http/Middleware/PreventRequestsDuringMaintenance.php(110): Illuminate/Pipeline/Pipeline->{closure:{closure:Illuminate/Pipeline/Pipeline::carry():184}:185}(Object(Illuminate/Http/Request))
#54 C:/Users/Lidiya Getale/Herd/immigrationknowhow/vendor/laravel/framework/src/Illuminate/Pipeline/Pipeline.php(209): Illuminate/Foundation/Http/Middleware/PreventRequestsDuringMaintenance->handle(Object(Illuminate/Http/Request), Object(Closure))
#55 C:/Users/Lidiya Getale/Herd/immigrationknowhow/vendor/laravel/framework/src/Illuminate/Http/Middleware/HandleCors.php(49): Illuminate/Pipeline/Pipeline->{closure:{closure:Illuminate/Pipeline/Pipeline::carry():184}:185}(Object(Illuminate/Http/Request))
#56 C:/Users/Lidiya Getale/Herd/immigrationknowhow/vendor/laravel/framework/src/Illuminate/Pipeline/Pipeline.php(209): Illuminate/Http/Middleware/HandleCors->handle(Object(Illuminate/Http/Request), Object(Closure))
#57 C:/Users/Lidiya Getale/Herd/immigrationknowhow/vendor/laravel/framework/src/Illuminate/Http/Middleware/TrustProxies.php(58): Illuminate/Pipeline/Pipeline->{closure:{closure:Illuminate/Pipeline/Pipeline::carry():184}:185}(Object(Illuminate/Http/Request))
#58 C:/Users/Lidiya Getale/Herd/immigrationknowhow/vendor/laravel/framework/src/Illuminate/Pipeline/Pipeline.php(209): Illuminate/Http/Middleware/TrustProxies->handle(Object(Illuminate/Http/Request), Object(Closure))
#59 C:/Users/Lidiya Getale/Herd/immigrationknowhow/vendor/laravel/framework/src/Illuminate/Foundation/Http/Middleware/InvokeDeferredCallbacks.php(22): Illuminate/Pipeline/Pipeline->{closure:{closure:Illuminate/Pipeline/Pipeline::carry():184}:185}(Object(Illuminate/Http/Request))
#60 C:/Users/Lidiya Getale/Herd/immigrationknowhow/vendor/laravel/framework/src/Illuminate/Pipeline/Pipeline.php(209): Illuminate/Foundation/Http/Middleware/InvokeDeferredCallbacks->handle(Object(Illuminate/Http/Request), Object(Closure))
#61 C:/Users/Lidiya Getale/Herd/immigrationknowhow/vendor/laravel/framework/src/Illuminate/Pipeline/Pipeline.php(127): Illuminate/Pipeline/Pipeline->{closure:{closure:Illuminate/Pipeline/Pipeline::carry():184}:185}(Object(Illuminate/Http/Request))
#62 C:/Users/Lidiya Getale/Herd/immigrationknowhow/vendor/laravel/framework/src/Illuminate/Foundation/Http/Kernel.php(176): Illuminate/Pipeline/Pipeline->then(Object(Closure))
#63 C:/Users/Lidiya Getale/Herd/immigrationknowhow/vendor/laravel/framework/src/Illuminate/Foundation/Http/Kernel.php(145): Illuminate/Foundation/Http/Kernel->sendRequestThroughRouter(Object(Illuminate/Http/Request))
#64 C:/Users/Lidiya Getale/Herd/immigrationknowhow/vendor/laravel/framework/src/Illuminate/Foundation/Application.php(1220): Illuminate/Foundation/Http/Kernel->handle(Object(Illuminate/Http/Request))
#65 C:/Users/Lidiya Getale/Herd/immigrationknowhow/public/index.php(17): Illuminate/Foundation/Application->handleRequest(Object(Illuminate/Http/Request))
#66 C:/Program Files/Herd/resources/app.asar.unpacked/resources/valet/server.php(139): require('C://Users//Lidiya...')
#67 {main}
"} 
[2026-04-09 17:17:50] local.INFO: AddressDetails show page opened. {"user_id":41,"route":"address-detail","ip":"127.0.0.1"} 
[2026-04-09 17:17:50] local.INFO: AddressDetails show page opened. {"user_id":41,"route":"address-detail","ip":"127.0.0.1"} 
[2026-04-09 17:18:47] local.INFO: AddressDetails autocomplete requested. {"user_id":41,"query":"Addia Abeba","country":"US","ip":"127.0.0.1","has_api_key":true} 
[2026-04-09 17:18:49] local.WARNING: AddressDetails autocomplete API call failed. {"status":403,"body":{"error":{"code":403,"message":"Requests to this API places.googleapis.com method google.maps.places.v1.Places.AutocompletePlaces are blocked.","status":"PERMISSION_DENIED","details":[{"@type":"type.googleapis.com/google.rpc.ErrorInfo","reason":"API_KEY_SERVICE_BLOCKED","domain":"googleapis.com","metadata":{"service":"places.googleapis.com","apiName":"places.googleapis.com","consumer":"projects/646210229589","methodName":"google.maps.places.v1.Places.AutocompletePlaces"}},{"@type":"type.googleapis.com/google.rpc.LocalizedMessage","locale":"en-US","message":"Requests to this API places.googleapis.com method google.maps.places.v1.Places.AutocompletePlaces are blocked."}]}}} 
[2026-04-09 17:18:49] local.INFO: AddressDetails sendOtp request received. {"user_id":41,"route":"address-detail","ip":"127.0.0.1","address_payload":{"address":"Addia Abeba","city":"city_officer","state":"gjhkl","country":"US","postal_code":"11000000","preferred_language":"en","serve_client_in_location":true},"has_phone":false} 
[2026-04-09 17:18:49] local.INFO: AddressDetails sendOtp validated payload. {"user_id":41,"validated":{"address":"Addia Abeba","city":"city_officer","state":"gjhkl","country":"US","postal_code":"11000000","preferred_language":"en"}} 
[2026-04-09 17:18:50] local.INFO: AddressDetails sendOtp persisted user address details. {"user_id":41,"saved":{"address":"Addia Abeba","city":"city_officer","state":"gjhkl","country":"US","postal_code":"11000000","preferred_language":"en"}} 
[2026-04-09 17:18:50] local.INFO: AddressDetails sendOtp completed without phone send; redirecting to OTP step. {"user_id":41} 
[2026-04-09 17:18:53] local.INFO: AddressDetails sendOtp request received. {"user_id":41,"route":"address-detail","ip":"127.0.0.1","address_payload":{"address":null,"city":null,"state":null,"country":null,"postal_code":null,"preferred_language":null,"serve_client_in_location":false},"has_phone":true} 
[2026-04-09 17:18:53] local.INFO: AddressDetails sendOtp validated payload. {"user_id":41,"validated":{"phone":"10943587412"}} 
[2026-04-09 17:18:53] local.INFO: AddressDetails sendOtp persisted user address details. {"user_id":41,"saved":{"address":"Addia Abeba","city":"city_officer","state":"gjhkl","country":"US","postal_code":"11000000","preferred_language":"en"}} 
[2026-04-09 17:18:53] local.INFO: Phone verification OTP {"user_id":41,"phone":"10943587412","code":"685951","hint":"Replace with SMS in production; OTP is logged for development."} 
[2026-04-09 17:18:53] local.INFO: AddressDetails sendOtp OTP sent successfully. {"user_id":41,"phone_last4":"7412"} 
[2026-04-09 17:19:07] local.ERROR: SQLSTATE[42S22]: Column not found: 1054 Unknown column 'overall_rating' in 'where clause' (Connection: mysql, SQL: select count(*) as aggregate from `reviews` where `service_provider_id` = 15 and `overall_rating` = 5 and `reviews`.`deleted_at` is null) {"userId":41,"exception":"[object] (Illuminate\\Database\\QueryException(code: 42S22): SQLSTATE[42S22]: Column not found: 1054 Unknown column 'overall_rating' in 'where clause' (Connection: mysql, SQL: select count(*) as aggregate from `reviews` where `service_provider_id` = 15 and `overall_rating` = 5 and `reviews`.`deleted_at` is null) at C:/Users/Lidiya Getale/Herd/immigrationknowhow/vendor/laravel/framework/src/Illuminate/Database/Connection.php:825)
[stacktrace]
#0 C:/Users/Lidiya Getale/Herd/immigrationknowhow/vendor/laravel/framework/src/Illuminate/Database/Connection.php(779): Illuminate/Database/Connection->runQueryCallback('select count(*)...', Array, Object(Closure))
#1 C:/Users/Lidiya Getale/Herd/immigrationknowhow/vendor/laravel/framework/src/Illuminate/Database/Connection.php(398): Illuminate/Database/Connection->run('select count(*)...', Array, Object(Closure))
#2 C:/Users/Lidiya Getale/Herd/immigrationknowhow/vendor/laravel/framework/src/Illuminate/Database/Query/Builder.php(3106): Illuminate/Database/Connection->select('select count(*)...', Array, true)
#3 C:/Users/Lidiya Getale/Herd/immigrationknowhow/vendor/laravel/framework/src/Illuminate/Database/Query/Builder.php(3091): Illuminate/Database/Query/Builder->runSelect()
#4 C:/Users/Lidiya Getale/Herd/immigrationknowhow/vendor/laravel/framework/src/Illuminate/Database/Query/Builder.php(3676): Illuminate/Database/Query/Builder->{closure:Illuminate/Database/Query/Builder::get():3090}()
#5 C:/Users/Lidiya Getale/Herd/immigrationknowhow/vendor/laravel/framework/src/Illuminate/Database/Query/Builder.php(3090): Illuminate/Database/Query/Builder->onceWithColumns(Array, Object(Closure))
#6 C:/Users/Lidiya Getale/Herd/immigrationknowhow/vendor/laravel/framework/src/Illuminate/Database/Query/Builder.php(3603): Illuminate/Database/Query/Builder->get(Array)
#7 C:/Users/Lidiya Getale/Herd/immigrationknowhow/vendor/laravel/framework/src/Illuminate/Database/Query/Builder.php(3531): Illuminate/Database/Query/Builder->aggregate('count', Array)
#8 C:/Users/Lidiya Getale/Herd/immigrationknowhow/vendor/laravel/framework/src/Illuminate/Database/Eloquent/Builder.php(2120): Illuminate/Database/Query/Builder->count()
#9 C:/Users/Lidiya Getale/Herd/immigrationknowhow/app/Http/Controllers/Provider/ReviewController.php(54): Illuminate/Database/Eloquent/Builder->__call('count', Array)
#10 C:/Users/Lidiya Getale/Herd/immigrationknowhow/vendor/laravel/framework/src/Illuminate/Routing/ControllerDispatcher.php(47): App/Http/Controllers/Provider/ReviewController->index(Object(Illuminate/Http/Request))
#11 C:/Users/Lidiya Getale/Herd/immigrationknowhow/vendor/laravel/framework/src/Illuminate/Routing/Route.php(266): Illuminate/Routing/ControllerDispatcher->dispatch(Object(Illuminate/Routing/Route), Object(App/Http/Controllers/Provider/ReviewController), 'index')
#12 C:/Users/Lidiya Getale/Herd/immigrationknowhow/vendor/laravel/framework/src/Illuminate/Routing/Route.php(212): Illuminate/Routing/Route->runController()
#13 C:/Users/Lidiya Getale/Herd/immigrationknowhow/vendor/laravel/framework/src/Illuminate/Routing/Router.php(808): Illuminate/Routing/Route->run()
#14 C:/Users/Lidiya Getale/Herd/immigrationknowhow/vendor/laravel/framework/src/Illuminate/Pipeline/Pipeline.php(170): Illuminate/Routing/Router->{closure:Illuminate/Routing/Router::runRouteWithinStack():807}(Object(Illuminate/Http/Request))
#15 C:/Users/Lidiya Getale/Herd/immigrationknowhow/app/Http/Middleware/EnsureOnboardingComplete.php(30): Illuminate/Pipeline/Pipeline->{closure:Illuminate/Pipeline/Pipeline::prepareDestination():168}(Object(Illuminate/Http/Request))
#16 C:/Users/Lidiya Getale/Herd/immigrationknowhow/vendor/laravel/framework/src/Illuminate/Pipeline/Pipeline.php(209): App/Http/Middleware/EnsureOnboardingComplete->handle(Object(Illuminate/Http/Request), Object(Closure))
#17 C:/Users/Lidiya Getale/Herd/immigrationknowhow/vendor/spatie/laravel-permission/src/Middleware/RoleMiddleware.php(37): Illuminate/Pipeline/Pipeline->{closure:{closure:Illuminate/Pipeline/Pipeline::carry():184}:185}(Object(Illuminate/Http/Request))
#18 C:/Users/Lidiya Getale/Herd/immigrationknowhow/vendor/laravel/framework/src/Illuminate/Pipeline/Pipeline.php(209): Spatie/Permission/Middleware/RoleMiddleware->handle(Object(Illuminate/Http/Request), Object(Closure), 'provider')
#19 C:/Users/Lidiya Getale/Herd/immigrationknowhow/vendor/inertiajs/inertia-laravel/src/Middleware.php(87): Illuminate/Pipeline/Pipeline->{closure:{closure:Illuminate/Pipeline/Pipeline::carry():184}:185}(Object(Illuminate/Http/Request))
#20 C:/Users/Lidiya Getale/Herd/immigrationknowhow/vendor/laravel/framework/src/Illuminate/Pipeline/Pipeline.php(209): Inertia/Middleware->handle(Object(Illuminate/Http/Request), Object(Closure))
#21 C:/Users/Lidiya Getale/Herd/immigrationknowhow/vendor/laravel/framework/src/Illuminate/Routing/Middleware/SubstituteBindings.php(51): Illuminate/Pipeline/Pipeline->{closure:{closure:Illuminate/Pipeline/Pipeline::carry():184}:185}(Object(Illuminate/Http/Request))
#22 C:/Users/Lidiya Getale/Herd/immigrationknowhow/vendor/laravel/framework/src/Illuminate/Pipeline/Pipeline.php(209): Illuminate/Routing/Middleware/SubstituteBindings->handle(Object(Illuminate/Http/Request), Object(Closure))
#23 C:/Users/Lidiya Getale/Herd/immigrationknowhow/vendor/laravel/framework/src/Illuminate/Auth/Middleware/Authenticate.php(64): Illuminate/Pipeline/Pipeline->{closure:{closure:Illuminate/Pipeline/Pipeline::carry():184}:185}(Object(Illuminate/Http/Request))
#24 C:/Users/Lidiya Getale/Herd/immigrationknowhow/vendor/laravel/framework/src/Illuminate/Pipeline/Pipeline.php(209): Illuminate/Auth/Middleware/Authenticate->handle(Object(Illuminate/Http/Request), Object(Closure))
#25 C:/Users/Lidiya Getale/Herd/immigrationknowhow/vendor/laravel/framework/src/Illuminate/Foundation/Http/Middleware/VerifyCsrfToken.php(88): Illuminate/Pipeline/Pipeline->{closure:{closure:Illuminate/Pipeline/Pipeline::carry():184}:185}(Object(Illuminate/Http/Request))
#26 C:/Users/Lidiya Getale/Herd/immigrationknowhow/vendor/laravel/framework/src/Illuminate/Pipeline/Pipeline.php(209): Illuminate/Foundation/Http/Middleware/VerifyCsrfToken->handle(Object(Illuminate/Http/Request), Object(Closure))
#27 C:/Users/Lidiya Getale/Herd/immigrationknowhow/vendor/laravel/framework/src/Illuminate/View/Middleware/ShareErrorsFromSession.php(49): Illuminate/Pipeline/Pipeline->{closure:{closure:Illuminate/Pipeline/Pipeline::carry():184}:185}(Object(Illuminate/Http/Request))
#28 C:/Users/Lidiya Getale/Herd/immigrationknowhow/vendor/laravel/framework/src/Illuminate/Pipeline/Pipeline.php(209): Illuminate/View/Middleware/ShareErrorsFromSession->handle(Object(Illuminate/Http/Request), Object(Closure))
#29 C:/Users/Lidiya Getale/Herd/immigrationknowhow/vendor/laravel/framework/src/Illuminate/Session/Middleware/StartSession.php(121): Illuminate/Pipeline/Pipeline->{closure:{closure:Illuminate/Pipeline/Pipeline::carry():184}:185}(Object(Illuminate/Http/Request))
#30 C:/Users/Lidiya Getale/Herd/immigrationknowhow/vendor/laravel/framework/src/Illuminate/Session/Middleware/StartSession.php(64): Illuminate/Session/Middleware/StartSession->handleStatefulRequest(Object(Illuminate/Http/Request), Object(Illuminate/Session/Store), Object(Closure))
#31 C:/Users/Lidiya Getale/Herd/immigrationknowhow/vendor/laravel/framework/src/Illuminate/Pipeline/Pipeline.php(209): Illuminate/Session/Middleware/StartSession->handle(Object(Illuminate/Http/Request), Object(Closure))
#32 C:/Users/Lidiya Getale/Herd/immigrationknowhow/vendor/laravel/framework/src/Illuminate/Cookie/Middleware/AddQueuedCookiesToResponse.php(37): Illuminate/Pipeline/Pipeline->{closure:{closure:Illuminate/Pipeline/Pipeline::carry():184}:185}(Object(Illuminate/Http/Request))
#33 C:/Users/Lidiya Getale/Herd/immigrationknowhow/vendor/laravel/framework/src/Illuminate/Pipeline/Pipeline.php(209): Illuminate/Cookie/Middleware/AddQueuedCookiesToResponse->handle(Object(Illuminate/Http/Request), Object(Closure))
#34 C:/Users/Lidiya Getale/Herd/immigrationknowhow/vendor/laravel/framework/src/Illuminate/Cookie/Middleware/EncryptCookies.php(75): Illuminate/Pipeline/Pipeline->{closure:{closure:Illuminate/Pipeline/Pipeline::carry():184}:185}(Object(Illuminate/Http/Request))
#35 C:/Users/Lidiya Getale/Herd/immigrationknowhow/vendor/laravel/framework/src/Illuminate/Pipeline/Pipeline.php(209): Illuminate/Cookie/Middleware/EncryptCookies->handle(Object(Illuminate/Http/Request), Object(Closure))
#36 C:/Users/Lidiya Getale/Herd/immigrationknowhow/vendor/laravel/framework/src/Illuminate/Pipeline/Pipeline.php(127): Illuminate/Pipeline/Pipeline->{closure:{closure:Illuminate/Pipeline/Pipeline::carry():184}:185}(Object(Illuminate/Http/Request))
#37 C:/Users/Lidiya Getale/Herd/immigrationknowhow/vendor/laravel/framework/src/Illuminate/Routing/Router.php(807): Illuminate/Pipeline/Pipeline->then(Object(Closure))
#38 C:/Users/Lidiya Getale/Herd/immigrationknowhow/vendor/laravel/framework/src/Illuminate/Routing/Router.php(786): Illuminate/Routing/Router->runRouteWithinStack(Object(Illuminate/Routing/Route), Object(Illuminate/Http/Request))
#39 C:/Users/Lidiya Getale/Herd/immigrationknowhow/vendor/laravel/framework/src/Illuminate/Routing/Router.php(750): Illuminate/Routing/Router->runRoute(Object(Illuminate/Http/Request), Object(Illuminate/Routing/Route))
#40 C:/Users/Lidiya Getale/Herd/immigrationknowhow/vendor/laravel/framework/src/Illuminate/Routing/Router.php(739): Illuminate/Routing/Router->dispatchToRoute(Object(Illuminate/Http/Request))
#41 C:/Users/Lidiya Getale/Herd/immigrationknowhow/vendor/laravel/framework/src/Illuminate/Foundation/Http/Kernel.php(201): Illuminate/Routing/Router->dispatch(Object(Illuminate/Http/Request))
#42 C:/Users/Lidiya Getale/Herd/immigrationknowhow/vendor/laravel/framework/src/Illuminate/Pipeline/Pipeline.php(170): Illuminate/Foundation/Http/Kernel->{closure:Illuminate/Foundation/Http/Kernel::dispatchToRouter():198}(Object(Illuminate/Http/Request))
#43 C:/Users/Lidiya Getale/Herd/immigrationknowhow/vendor/laravel/framework/src/Illuminate/Foundation/Http/Middleware/TransformsRequest.php(21): Illuminate/Pipeline/Pipeline->{closure:Illuminate/Pipeline/Pipeline::prepareDestination():168}(Object(Illuminate/Http/Request))
#44 C:/Users/Lidiya Getale/Herd/immigrationknowhow/vendor/laravel/framework/src/Illuminate/Foundation/Http/Middleware/ConvertEmptyStringsToNull.php(31): Illuminate/Foundation/Http/Middleware/TransformsRequest->handle(Object(Illuminate/Http/Request), Object(Closure))
#45 C:/Users/Lidiya Getale/Herd/immigrationknowhow/vendor/laravel/framework/src/Illuminate/Pipeline/Pipeline.php(209): Illuminate/Foundation/Http/Middleware/ConvertEmptyStringsToNull->handle(Object(Illuminate/Http/Request), Object(Closure))
#46 C:/Users/Lidiya Getale/Herd/immigrationknowhow/vendor/laravel/framework/src/Illuminate/Foundation/Http/Middleware/TransformsRequest.php(21): Illuminate/Pipeline/Pipeline->{closure:{closure:Illuminate/Pipeline/Pipeline::carry():184}:185}(Object(Illuminate/Http/Request))
#47 C:/Users/Lidiya Getale/Herd/immigrationknowhow/vendor/laravel/framework/src/Illuminate/Foundation/Http/Middleware/TrimStrings.php(51): Illuminate/Foundation/Http/Middleware/TransformsRequest->handle(Object(Illuminate/Http/Request), Object(Closure))
#48 C:/Users/Lidiya Getale/Herd/immigrationknowhow/vendor/laravel/framework/src/Illuminate/Pipeline/Pipeline.php(209): Illuminate/Foundation/Http/Middleware/TrimStrings->handle(Object(Illuminate/Http/Request), Object(Closure))
#49 C:/Users/Lidiya Getale/Herd/immigrationknowhow/vendor/laravel/framework/src/Illuminate/Http/Middleware/ValidatePostSize.php(27): Illuminate/Pipeline/Pipeline->{closure:{closure:Illuminate/Pipeline/Pipeline::carry():184}:185}(Object(Illuminate/Http/Request))
#50 C:/Users/Lidiya Getale/Herd/immigrationknowhow/vendor/laravel/framework/src/Illuminate/Pipeline/Pipeline.php(209): Illuminate/Http/Middleware/ValidatePostSize->handle(Object(Illuminate/Http/Request), Object(Closure))
#51 C:/Users/Lidiya Getale/Herd/immigrationknowhow/vendor/laravel/framework/src/Illuminate/Foundation/Http/Middleware/PreventRequestsDuringMaintenance.php(110): Illuminate/Pipeline/Pipeline->{closure:{closure:Illuminate/Pipeline/Pipeline::carry():184}:185}(Object(Illuminate/Http/Request))
#52 C:/Users/Lidiya Getale/Herd/immigrationknowhow/vendor/laravel/framework/src/Illuminate/Pipeline/Pipeline.php(209): Illuminate/Foundation/Http/Middleware/PreventRequestsDuringMaintenance->handle(Object(Illuminate/Http/Request), Object(Closure))
#53 C:/Users/Lidiya Getale/Herd/immigrationknowhow/vendor/laravel/framework/src/Illuminate/Http/Middleware/HandleCors.php(49): Illuminate/Pipeline/Pipeline->{closure:{closure:Illuminate/Pipeline/Pipeline::carry():184}:185}(Object(Illuminate/Http/Request))
#54 C:/Users/Lidiya Getale/Herd/immigrationknowhow/vendor/laravel/framework/src/Illuminate/Pipeline/Pipeline.php(209): Illuminate/Http/Middleware/HandleCors->handle(Object(Illuminate/Http/Request), Object(Closure))
#55 C:/Users/Lidiya Getale/Herd/immigrationknowhow/vendor/laravel/framework/src/Illuminate/Http/Middleware/TrustProxies.php(58): Illuminate/Pipeline/Pipeline->{closure:{closure:Illuminate/Pipeline/Pipeline::carry():184}:185}(Object(Illuminate/Http/Request))
#56 C:/Users/Lidiya Getale/Herd/immigrationknowhow/vendor/laravel/framework/src/Illuminate/Pipeline/Pipeline.php(209): Illuminate/Http/Middleware/TrustProxies->handle(Object(Illuminate/Http/Request), Object(Closure))
#57 C:/Users/Lidiya Getale/Herd/immigrationknowhow/vendor/laravel/framework/src/Illuminate/Foundation/Http/Middleware/InvokeDeferredCallbacks.php(22): Illuminate/Pipeline/Pipeline->{closure:{closure:Illuminate/Pipeline/Pipeline::carry():184}:185}(Object(Illuminate/Http/Request))
#58 C:/Users/Lidiya Getale/Herd/immigrationknowhow/vendor/laravel/framework/src/Illuminate/Pipeline/Pipeline.php(209): Illuminate/Foundation/Http/Middleware/InvokeDeferredCallbacks->handle(Object(Illuminate/Http/Request), Object(Closure))
#59 C:/Users/Lidiya Getale/Herd/immigrationknowhow/vendor/laravel/framework/src/Illuminate/Pipeline/Pipeline.php(127): Illuminate/Pipeline/Pipeline->{closure:{closure:Illuminate/Pipeline/Pipeline::carry():184}:185}(Object(Illuminate/Http/Request))
#60 C:/Users/Lidiya Getale/Herd/immigrationknowhow/vendor/laravel/framework/src/Illuminate/Foundation/Http/Kernel.php(176): Illuminate/Pipeline/Pipeline->then(Object(Closure))
#61 C:/Users/Lidiya Getale/Herd/immigrationknowhow/vendor/laravel/framework/src/Illuminate/Foundation/Http/Kernel.php(145): Illuminate/Foundation/Http/Kernel->sendRequestThroughRouter(Object(Illuminate/Http/Request))
#62 C:/Users/Lidiya Getale/Herd/immigrationknowhow/vendor/laravel/framework/src/Illuminate/Foundation/Application.php(1220): Illuminate/Foundation/Http/Kernel->handle(Object(Illuminate/Http/Request))
#63 C:/Users/Lidiya Getale/Herd/immigrationknowhow/public/index.php(17): Illuminate/Foundation/Application->handleRequest(Object(Illuminate/Http/Request))
#64 C:/Program Files/Herd/resources/app.asar.unpacked/resources/valet/server.php(139): require('C://Users//Lidiya...')
#65 {main}

[previous exception] [object] (PDOException(code: 42S22): SQLSTATE[42S22]: Column not found: 1054 Unknown column 'overall_rating' in 'where clause' at C:/Users/Lidiya Getale/Herd/immigrationknowhow/vendor/laravel/framework/src/Illuminate/Database/Connection.php:407)
[stacktrace]
#0 C:/Users/Lidiya Getale/Herd/immigrationknowhow/vendor/laravel/framework/src/Illuminate/Database/Connection.php(407): PDO->prepare('select count(*)...')
#1 C:/Users/Lidiya Getale/Herd/immigrationknowhow/vendor/laravel/framework/src/Illuminate/Database/Connection.php(812): Illuminate/Database/Connection->{closure:Illuminate/Database/Connection::select():398}('select count(*)...', Array)
#2 C:/Users/Lidiya Getale/Herd/immigrationknowhow/vendor/laravel/framework/src/Illuminate/Database/Connection.php(779): Illuminate/Database/Connection->runQueryCallback('select count(*)...', Array, Object(Closure))
#3 C:/Users/Lidiya Getale/Herd/immigrationknowhow/vendor/laravel/framework/src/Illuminate/Database/Connection.php(398): Illuminate/Database/Connection->run('select count(*)...', Array, Object(Closure))
#4 C:/Users/Lidiya Getale/Herd/immigrationknowhow/vendor/laravel/framework/src/Illuminate/Database/Query/Builder.php(3106): Illuminate/Database/Connection->select('select count(*)...', Array, true)
#5 C:/Users/Lidiya Getale/Herd/immigrationknowhow/vendor/laravel/framework/src/Illuminate/Database/Query/Builder.php(3091): Illuminate/Database/Query/Builder->runSelect()
#6 C:/Users/Lidiya Getale/Herd/immigrationknowhow/vendor/laravel/framework/src/Illuminate/Database/Query/Builder.php(3676): Illuminate/Database/Query/Builder->{closure:Illuminate/Database/Query/Builder::get():3090}()
#7 C:/Users/Lidiya Getale/Herd/immigrationknowhow/vendor/laravel/framework/src/Illuminate/Database/Query/Builder.php(3090): Illuminate/Database/Query/Builder->onceWithColumns(Array, Object(Closure))
#8 C:/Users/Lidiya Getale/Herd/immigrationknowhow/vendor/laravel/framework/src/Illuminate/Database/Query/Builder.php(3603): Illuminate/Database/Query/Builder->get(Array)
#9 C:/Users/Lidiya Getale/Herd/immigrationknowhow/vendor/laravel/framework/src/Illuminate/Database/Query/Builder.php(3531): Illuminate/Database/Query/Builder->aggregate('count', Array)
#10 C:/Users/Lidiya Getale/Herd/immigrationknowhow/vendor/laravel/framework/src/Illuminate/Database/Eloquent/Builder.php(2120): Illuminate/Database/Query/Builder->count()
#11 C:/Users/Lidiya Getale/Herd/immigrationknowhow/app/Http/Controllers/Provider/ReviewController.php(54): Illuminate/Database/Eloquent/Builder->__call('count', Array)
#12 C:/Users/Lidiya Getale/Herd/immigrationknowhow/vendor/laravel/framework/src/Illuminate/Routing/ControllerDispatcher.php(47): App/Http/Controllers/Provider/ReviewController->index(Object(Illuminate/Http/Request))
#13 C:/Users/Lidiya Getale/Herd/immigrationknowhow/vendor/laravel/framework/src/Illuminate/Routing/Route.php(266): Illuminate/Routing/ControllerDispatcher->dispatch(Object(Illuminate/Routing/Route), Object(App/Http/Controllers/Provider/ReviewController), 'index')
#14 C:/Users/Lidiya Getale/Herd/immigrationknowhow/vendor/laravel/framework/src/Illuminate/Routing/Route.php(212): Illuminate/Routing/Route->runController()
#15 C:/Users/Lidiya Getale/Herd/immigrationknowhow/vendor/laravel/framework/src/Illuminate/Routing/Router.php(808): Illuminate/Routing/Route->run()
#16 C:/Users/Lidiya Getale/Herd/immigrationknowhow/vendor/laravel/framework/src/Illuminate/Pipeline/Pipeline.php(170): Illuminate/Routing/Router->{closure:Illuminate/Routing/Router::runRouteWithinStack():807}(Object(Illuminate/Http/Request))
#17 C:/Users/Lidiya Getale/Herd/immigrationknowhow/app/Http/Middleware/EnsureOnboardingComplete.php(30): Illuminate/Pipeline/Pipeline->{closure:Illuminate/Pipeline/Pipeline::prepareDestination():168}(Object(Illuminate/Http/Request))
#18 C:/Users/Lidiya Getale/Herd/immigrationknowhow/vendor/laravel/framework/src/Illuminate/Pipeline/Pipeline.php(209): App/Http/Middleware/EnsureOnboardingComplete->handle(Object(Illuminate/Http/Request), Object(Closure))
#19 C:/Users/Lidiya Getale/Herd/immigrationknowhow/vendor/spatie/laravel-permission/src/Middleware/RoleMiddleware.php(37): Illuminate/Pipeline/Pipeline->{closure:{closure:Illuminate/Pipeline/Pipeline::carry():184}:185}(Object(Illuminate/Http/Request))
#20 C:/Users/Lidiya Getale/Herd/immigrationknowhow/vendor/laravel/framework/src/Illuminate/Pipeline/Pipeline.php(209): Spatie/Permission/Middleware/RoleMiddleware->handle(Object(Illuminate/Http/Request), Object(Closure), 'provider')
#21 C:/Users/Lidiya Getale/Herd/immigrationknowhow/vendor/inertiajs/inertia-laravel/src/Middleware.php(87): Illuminate/Pipeline/Pipeline->{closure:{closure:Illuminate/Pipeline/Pipeline::carry():184}:185}(Object(Illuminate/Http/Request))
#22 C:/Users/Lidiya Getale/Herd/immigrationknowhow/vendor/laravel/framework/src/Illuminate/Pipeline/Pipeline.php(209): Inertia/Middleware->handle(Object(Illuminate/Http/Request), Object(Closure))
#23 C:/Users/Lidiya Getale/Herd/immigrationknowhow/vendor/laravel/framework/src/Illuminate/Routing/Middleware/SubstituteBindings.php(51): Illuminate/Pipeline/Pipeline->{closure:{closure:Illuminate/Pipeline/Pipeline::carry():184}:185}(Object(Illuminate/Http/Request))
#24 C:/Users/Lidiya Getale/Herd/immigrationknowhow/vendor/laravel/framework/src/Illuminate/Pipeline/Pipeline.php(209): Illuminate/Routing/Middleware/SubstituteBindings->handle(Object(Illuminate/Http/Request), Object(Closure))
#25 C:/Users/Lidiya Getale/Herd/immigrationknowhow/vendor/laravel/framework/src/Illuminate/Auth/Middleware/Authenticate.php(64): Illuminate/Pipeline/Pipeline->{closure:{closure:Illuminate/Pipeline/Pipeline::carry():184}:185}(Object(Illuminate/Http/Request))
#26 C:/Users/Lidiya Getale/Herd/immigrationknowhow/vendor/laravel/framework/src/Illuminate/Pipeline/Pipeline.php(209): Illuminate/Auth/Middleware/Authenticate->handle(Object(Illuminate/Http/Request), Object(Closure))
#27 C:/Users/Lidiya Getale/Herd/immigrationknowhow/vendor/laravel/framework/src/Illuminate/Foundation/Http/Middleware/VerifyCsrfToken.php(88): Illuminate/Pipeline/Pipeline->{closure:{closure:Illuminate/Pipeline/Pipeline::carry():184}:185}(Object(Illuminate/Http/Request))
#28 C:/Users/Lidiya Getale/Herd/immigrationknowhow/vendor/laravel/framework/src/Illuminate/Pipeline/Pipeline.php(209): Illuminate/Foundation/Http/Middleware/VerifyCsrfToken->handle(Object(Illuminate/Http/Request), Object(Closure))
#29 C:/Users/Lidiya Getale/Herd/immigrationknowhow/vendor/laravel/framework/src/Illuminate/View/Middleware/ShareErrorsFromSession.php(49): Illuminate/Pipeline/Pipeline->{closure:{closure:Illuminate/Pipeline/Pipeline::carry():184}:185}(Object(Illuminate/Http/Request))
#30 C:/Users/Lidiya Getale/Herd/immigrationknowhow/vendor/laravel/framework/src/Illuminate/Pipeline/Pipeline.php(209): Illuminate/View/Middleware/ShareErrorsFromSession->handle(Object(Illuminate/Http/Request), Object(Closure))
#31 C:/Users/Lidiya Getale/Herd/immigrationknowhow/vendor/laravel/framework/src/Illuminate/Session/Middleware/StartSession.php(121): Illuminate/Pipeline/Pipeline->{closure:{closure:Illuminate/Pipeline/Pipeline::carry():184}:185}(Object(Illuminate/Http/Request))
#32 C:/Users/Lidiya Getale/Herd/immigrationknowhow/vendor/laravel/framework/src/Illuminate/Session/Middleware/StartSession.php(64): Illuminate/Session/Middleware/StartSession->handleStatefulRequest(Object(Illuminate/Http/Request), Object(Illuminate/Session/Store), Object(Closure))
#33 C:/Users/Lidiya Getale/Herd/immigrationknowhow/vendor/laravel/framework/src/Illuminate/Pipeline/Pipeline.php(209): Illuminate/Session/Middleware/StartSession->handle(Object(Illuminate/Http/Request), Object(Closure))
#34 C:/Users/Lidiya Getale/Herd/immigrationknowhow/vendor/laravel/framework/src/Illuminate/Cookie/Middleware/AddQueuedCookiesToResponse.php(37): Illuminate/Pipeline/Pipeline->{closure:{closure:Illuminate/Pipeline/Pipeline::carry():184}:185}(Object(Illuminate/Http/Request))
#35 C:/Users/Lidiya Getale/Herd/immigrationknowhow/vendor/laravel/framework/src/Illuminate/Pipeline/Pipeline.php(209): Illuminate/Cookie/Middleware/AddQueuedCookiesToResponse->handle(Object(Illuminate/Http/Request), Object(Closure))
#36 C:/Users/Lidiya Getale/Herd/immigrationknowhow/vendor/laravel/framework/src/Illuminate/Cookie/Middleware/EncryptCookies.php(75): Illuminate/Pipeline/Pipeline->{closure:{closure:Illuminate/Pipeline/Pipeline::carry():184}:185}(Object(Illuminate/Http/Request))
#37 C:/Users/Lidiya Getale/Herd/immigrationknowhow/vendor/laravel/framework/src/Illuminate/Pipeline/Pipeline.php(209): Illuminate/Cookie/Middleware/EncryptCookies->handle(Object(Illuminate/Http/Request), Object(Closure))
#38 C:/Users/Lidiya Getale/Herd/immigrationknowhow/vendor/laravel/framework/src/Illuminate/Pipeline/Pipeline.php(127): Illuminate/Pipeline/Pipeline->{closure:{closure:Illuminate/Pipeline/Pipeline::carry():184}:185}(Object(Illuminate/Http/Request))
#39 C:/Users/Lidiya Getale/Herd/immigrationknowhow/vendor/laravel/framework/src/Illuminate/Routing/Router.php(807): Illuminate/Pipeline/Pipeline->then(Object(Closure))
#40 C:/Users/Lidiya Getale/Herd/immigrationknowhow/vendor/laravel/framework/src/Illuminate/Routing/Router.php(786): Illuminate/Routing/Router->runRouteWithinStack(Object(Illuminate/Routing/Route), Object(Illuminate/Http/Request))
#41 C:/Users/Lidiya Getale/Herd/immigrationknowhow/vendor/laravel/framework/src/Illuminate/Routing/Router.php(750): Illuminate/Routing/Router->runRoute(Object(Illuminate/Http/Request), Object(Illuminate/Routing/Route))
#42 C:/Users/Lidiya Getale/Herd/immigrationknowhow/vendor/laravel/framework/src/Illuminate/Routing/Router.php(739): Illuminate/Routing/Router->dispatchToRoute(Object(Illuminate/Http/Request))
#43 C:/Users/Lidiya Getale/Herd/immigrationknowhow/vendor/laravel/framework/src/Illuminate/Foundation/Http/Kernel.php(201): Illuminate/Routing/Router->dispatch(Object(Illuminate/Http/Request))
#44 C:/Users/Lidiya Getale/Herd/immigrationknowhow/vendor/laravel/framework/src/Illuminate/Pipeline/Pipeline.php(170): Illuminate/Foundation/Http/Kernel->{closure:Illuminate/Foundation/Http/Kernel::dispatchToRouter():198}(Object(Illuminate/Http/Request))
#45 C:/Users/Lidiya Getale/Herd/immigrationknowhow/vendor/laravel/framework/src/Illuminate/Foundation/Http/Middleware/TransformsRequest.php(21): Illuminate/Pipeline/Pipeline->{closure:Illuminate/Pipeline/Pipeline::prepareDestination():168}(Object(Illuminate/Http/Request))
#46 C:/Users/Lidiya Getale/Herd/immigrationknowhow/vendor/laravel/framework/src/Illuminate/Foundation/Http/Middleware/ConvertEmptyStringsToNull.php(31): Illuminate/Foundation/Http/Middleware/TransformsRequest->handle(Object(Illuminate/Http/Request), Object(Closure))
#47 C:/Users/Lidiya Getale/Herd/immigrationknowhow/vendor/laravel/framework/src/Illuminate/Pipeline/Pipeline.php(209): Illuminate/Foundation/Http/Middleware/ConvertEmptyStringsToNull->handle(Object(Illuminate/Http/Request), Object(Closure))
#48 C:/Users/Lidiya Getale/Herd/immigrationknowhow/vendor/laravel/framework/src/Illuminate/Foundation/Http/Middleware/TransformsRequest.php(21): Illuminate/Pipeline/Pipeline->{closure:{closure:Illuminate/Pipeline/Pipeline::carry():184}:185}(Object(Illuminate/Http/Request))
#49 C:/Users/Lidiya Getale/Herd/immigrationknowhow/vendor/laravel/framework/src/Illuminate/Foundation/Http/Middleware/TrimStrings.php(51): Illuminate/Foundation/Http/Middleware/TransformsRequest->handle(Object(Illuminate/Http/Request), Object(Closure))
#50 C:/Users/Lidiya Getale/Herd/immigrationknowhow/vendor/laravel/framework/src/Illuminate/Pipeline/Pipeline.php(209): Illuminate/Foundation/Http/Middleware/TrimStrings->handle(Object(Illuminate/Http/Request), Object(Closure))
#51 C:/Users/Lidiya Getale/Herd/immigrationknowhow/vendor/laravel/framework/src/Illuminate/Http/Middleware/ValidatePostSize.php(27): Illuminate/Pipeline/Pipeline->{closure:{closure:Illuminate/Pipeline/Pipeline::carry():184}:185}(Object(Illuminate/Http/Request))
#52 C:/Users/Lidiya Getale/Herd/immigrationknowhow/vendor/laravel/framework/src/Illuminate/Pipeline/Pipeline.php(209): Illuminate/Http/Middleware/ValidatePostSize->handle(Object(Illuminate/Http/Request), Object(Closure))
#53 C:/Users/Lidiya Getale/Herd/immigrationknowhow/vendor/laravel/framework/src/Illuminate/Foundation/Http/Middleware/PreventRequestsDuringMaintenance.php(110): Illuminate/Pipeline/Pipeline->{closure:{closure:Illuminate/Pipeline/Pipeline::carry():184}:185}(Object(Illuminate/Http/Request))
#54 C:/Users/Lidiya Getale/Herd/immigrationknowhow/vendor/laravel/framework/src/Illuminate/Pipeline/Pipeline.php(209): Illuminate/Foundation/Http/Middleware/PreventRequestsDuringMaintenance->handle(Object(Illuminate/Http/Request), Object(Closure))
#55 C:/Users/Lidiya Getale/Herd/immigrationknowhow/vendor/laravel/framework/src/Illuminate/Http/Middleware/HandleCors.php(49): Illuminate/Pipeline/Pipeline->{closure:{closure:Illuminate/Pipeline/Pipeline::carry():184}:185}(Object(Illuminate/Http/Request))
#56 C:/Users/Lidiya Getale/Herd/immigrationknowhow/vendor/laravel/framework/src/Illuminate/Pipeline/Pipeline.php(209): Illuminate/Http/Middleware/HandleCors->handle(Object(Illuminate/Http/Request), Object(Closure))
#57 C:/Users/Lidiya Getale/Herd/immigrationknowhow/vendor/laravel/framework/src/Illuminate/Http/Middleware/TrustProxies.php(58): Illuminate/Pipeline/Pipeline->{closure:{closure:Illuminate/Pipeline/Pipeline::carry():184}:185}(Object(Illuminate/Http/Request))
#58 C:/Users/Lidiya Getale/Herd/immigrationknowhow/vendor/laravel/framework/src/Illuminate/Pipeline/Pipeline.php(209): Illuminate/Http/Middleware/TrustProxies->handle(Object(Illuminate/Http/Request), Object(Closure))
#59 C:/Users/Lidiya Getale/Herd/immigrationknowhow/vendor/laravel/framework/src/Illuminate/Foundation/Http/Middleware/InvokeDeferredCallbacks.php(22): Illuminate/Pipeline/Pipeline->{closure:{closure:Illuminate/Pipeline/Pipeline::carry():184}:185}(Object(Illuminate/Http/Request))
#60 C:/Users/Lidiya Getale/Herd/immigrationknowhow/vendor/laravel/framework/src/Illuminate/Pipeline/Pipeline.php(209): Illuminate/Foundation/Http/Middleware/InvokeDeferredCallbacks->handle(Object(Illuminate/Http/Request), Object(Closure))
#61 C:/Users/Lidiya Getale/Herd/immigrationknowhow/vendor/laravel/framework/src/Illuminate/Pipeline/Pipeline.php(127): Illuminate/Pipeline/Pipeline->{closure:{closure:Illuminate/Pipeline/Pipeline::carry():184}:185}(Object(Illuminate/Http/Request))
#62 C:/Users/Lidiya Getale/Herd/immigrationknowhow/vendor/laravel/framework/src/Illuminate/Foundation/Http/Kernel.php(176): Illuminate/Pipeline/Pipeline->then(Object(Closure))
#63 C:/Users/Lidiya Getale/Herd/immigrationknowhow/vendor/laravel/framework/src/Illuminate/Foundation/Http/Kernel.php(145): Illuminate/Foundation/Http/Kernel->sendRequestThroughRouter(Object(Illuminate/Http/Request))
#64 C:/Users/Lidiya Getale/Herd/immigrationknowhow/vendor/laravel/framework/src/Illuminate/Foundation/Application.php(1220): Illuminate/Foundation/Http/Kernel->handle(Object(Illuminate/Http/Request))
#65 C:/Users/Lidiya Getale/Herd/immigrationknowhow/public/index.php(17): Illuminate/Foundation/Application->handleRequest(Object(Illuminate/Http/Request))
#66 C:/Program Files/Herd/resources/app.asar.unpacked/resources/valet/server.php(139): require('C://Users//Lidiya...')
#67 {main}
"} 
[2026-04-09 17:27:48] local.ERROR: SQLSTATE[42S22]: Column not found: 1054 Unknown column 'overall_rating' in 'where clause' (Connection: mysql, SQL: select count(*) as aggregate from `reviews` where `service_provider_id` = 15 and `overall_rating` = 5 and `reviews`.`deleted_at` is null) {"userId":41,"exception":"[object] (Illuminate\\Database\\QueryException(code: 42S22): SQLSTATE[42S22]: Column not found: 1054 Unknown column 'overall_rating' in 'where clause' (Connection: mysql, SQL: select count(*) as aggregate from `reviews` where `service_provider_id` = 15 and `overall_rating` = 5 and `reviews`.`deleted_at` is null) at C:/Users/Lidiya Getale/Herd/immigrationknowhow/vendor/laravel/framework/src/Illuminate/Database/Connection.php:825)
[stacktrace]
#0 C:/Users/Lidiya Getale/Herd/immigrationknowhow/vendor/laravel/framework/src/Illuminate/Database/Connection.php(779): Illuminate/Database/Connection->runQueryCallback('select count(*)...', Array, Object(Closure))
#1 C:/Users/Lidiya Getale/Herd/immigrationknowhow/vendor/laravel/framework/src/Illuminate/Database/Connection.php(398): Illuminate/Database/Connection->run('select count(*)...', Array, Object(Closure))
#2 C:/Users/Lidiya Getale/Herd/immigrationknowhow/vendor/laravel/framework/src/Illuminate/Database/Query/Builder.php(3106): Illuminate/Database/Connection->select('select count(*)...', Array, true)
#3 C:/Users/Lidiya Getale/Herd/immigrationknowhow/vendor/laravel/framework/src/Illuminate/Database/Query/Builder.php(3091): Illuminate/Database/Query/Builder->runSelect()
#4 C:/Users/Lidiya Getale/Herd/immigrationknowhow/vendor/laravel/framework/src/Illuminate/Database/Query/Builder.php(3676): Illuminate/Database/Query/Builder->{closure:Illuminate/Database/Query/Builder::get():3090}()
#5 C:/Users/Lidiya Getale/Herd/immigrationknowhow/vendor/laravel/framework/src/Illuminate/Database/Query/Builder.php(3090): Illuminate/Database/Query/Builder->onceWithColumns(Array, Object(Closure))
#6 C:/Users/Lidiya Getale/Herd/immigrationknowhow/vendor/laravel/framework/src/Illuminate/Database/Query/Builder.php(3603): Illuminate/Database/Query/Builder->get(Array)
#7 C:/Users/Lidiya Getale/Herd/immigrationknowhow/vendor/laravel/framework/src/Illuminate/Database/Query/Builder.php(3531): Illuminate/Database/Query/Builder->aggregate('count', Array)
#8 C:/Users/Lidiya Getale/Herd/immigrationknowhow/vendor/laravel/framework/src/Illuminate/Database/Eloquent/Builder.php(2120): Illuminate/Database/Query/Builder->count()
#9 C:/Users/Lidiya Getale/Herd/immigrationknowhow/app/Http/Controllers/Provider/ReviewController.php(54): Illuminate/Database/Eloquent/Builder->__call('count', Array)
#10 C:/Users/Lidiya Getale/Herd/immigrationknowhow/vendor/laravel/framework/src/Illuminate/Routing/ControllerDispatcher.php(47): App/Http/Controllers/Provider/ReviewController->index(Object(Illuminate/Http/Request))
#11 C:/Users/Lidiya Getale/Herd/immigrationknowhow/vendor/laravel/framework/src/Illuminate/Routing/Route.php(266): Illuminate/Routing/ControllerDispatcher->dispatch(Object(Illuminate/Routing/Route), Object(App/Http/Controllers/Provider/ReviewController), 'index')
#12 C:/Users/Lidiya Getale/Herd/immigrationknowhow/vendor/laravel/framework/src/Illuminate/Routing/Route.php(212): Illuminate/Routing/Route->runController()
#13 C:/Users/Lidiya Getale/Herd/immigrationknowhow/vendor/laravel/framework/src/Illuminate/Routing/Router.php(808): Illuminate/Routing/Route->run()
#14 C:/Users/Lidiya Getale/Herd/immigrationknowhow/vendor/laravel/framework/src/Illuminate/Pipeline/Pipeline.php(170): Illuminate/Routing/Router->{closure:Illuminate/Routing/Router::runRouteWithinStack():807}(Object(Illuminate/Http/Request))
#15 C:/Users/Lidiya Getale/Herd/immigrationknowhow/app/Http/Middleware/EnsureOnboardingComplete.php(30): Illuminate/Pipeline/Pipeline->{closure:Illuminate/Pipeline/Pipeline::prepareDestination():168}(Object(Illuminate/Http/Request))
#16 C:/Users/Lidiya Getale/Herd/immigrationknowhow/vendor/laravel/framework/src/Illuminate/Pipeline/Pipeline.php(209): App/Http/Middleware/EnsureOnboardingComplete->handle(Object(Illuminate/Http/Request), Object(Closure))
#17 C:/Users/Lidiya Getale/Herd/immigrationknowhow/vendor/spatie/laravel-permission/src/Middleware/RoleMiddleware.php(37): Illuminate/Pipeline/Pipeline->{closure:{closure:Illuminate/Pipeline/Pipeline::carry():184}:185}(Object(Illuminate/Http/Request))
#18 C:/Users/Lidiya Getale/Herd/immigrationknowhow/vendor/laravel/framework/src/Illuminate/Pipeline/Pipeline.php(209): Spatie/Permission/Middleware/RoleMiddleware->handle(Object(Illuminate/Http/Request), Object(Closure), 'provider')
#19 C:/Users/Lidiya Getale/Herd/immigrationknowhow/vendor/inertiajs/inertia-laravel/src/Middleware.php(87): Illuminate/Pipeline/Pipeline->{closure:{closure:Illuminate/Pipeline/Pipeline::carry():184}:185}(Object(Illuminate/Http/Request))
#20 C:/Users/Lidiya Getale/Herd/immigrationknowhow/vendor/laravel/framework/src/Illuminate/Pipeline/Pipeline.php(209): Inertia/Middleware->handle(Object(Illuminate/Http/Request), Object(Closure))
#21 C:/Users/Lidiya Getale/Herd/immigrationknowhow/vendor/laravel/framework/src/Illuminate/Routing/Middleware/SubstituteBindings.php(51): Illuminate/Pipeline/Pipeline->{closure:{closure:Illuminate/Pipeline/Pipeline::carry():184}:185}(Object(Illuminate/Http/Request))
#22 C:/Users/Lidiya Getale/Herd/immigrationknowhow/vendor/laravel/framework/src/Illuminate/Pipeline/Pipeline.php(209): Illuminate/Routing/Middleware/SubstituteBindings->handle(Object(Illuminate/Http/Request), Object(Closure))
#23 C:/Users/Lidiya Getale/Herd/immigrationknowhow/vendor/laravel/framework/src/Illuminate/Auth/Middleware/Authenticate.php(64): Illuminate/Pipeline/Pipeline->{closure:{closure:Illuminate/Pipeline/Pipeline::carry():184}:185}(Object(Illuminate/Http/Request))
#24 C:/Users/Lidiya Getale/Herd/immigrationknowhow/vendor/laravel/framework/src/Illuminate/Pipeline/Pipeline.php(209): Illuminate/Auth/Middleware/Authenticate->handle(Object(Illuminate/Http/Request), Object(Closure))
#25 C:/Users/Lidiya Getale/Herd/immigrationknowhow/vendor/laravel/framework/src/Illuminate/Foundation/Http/Middleware/VerifyCsrfToken.php(88): Illuminate/Pipeline/Pipeline->{closure:{closure:Illuminate/Pipeline/Pipeline::carry():184}:185}(Object(Illuminate/Http/Request))
#26 C:/Users/Lidiya Getale/Herd/immigrationknowhow/vendor/laravel/framework/src/Illuminate/Pipeline/Pipeline.php(209): Illuminate/Foundation/Http/Middleware/VerifyCsrfToken->handle(Object(Illuminate/Http/Request), Object(Closure))
#27 C:/Users/Lidiya Getale/Herd/immigrationknowhow/vendor/laravel/framework/src/Illuminate/View/Middleware/ShareErrorsFromSession.php(49): Illuminate/Pipeline/Pipeline->{closure:{closure:Illuminate/Pipeline/Pipeline::carry():184}:185}(Object(Illuminate/Http/Request))
#28 C:/Users/Lidiya Getale/Herd/immigrationknowhow/vendor/laravel/framework/src/Illuminate/Pipeline/Pipeline.php(209): Illuminate/View/Middleware/ShareErrorsFromSession->handle(Object(Illuminate/Http/Request), Object(Closure))
#29 C:/Users/Lidiya Getale/Herd/immigrationknowhow/vendor/laravel/framework/src/Illuminate/Session/Middleware/StartSession.php(121): Illuminate/Pipeline/Pipeline->{closure:{closure:Illuminate/Pipeline/Pipeline::carry():184}:185}(Object(Illuminate/Http/Request))
#30 C:/Users/Lidiya Getale/Herd/immigrationknowhow/vendor/laravel/framework/src/Illuminate/Session/Middleware/StartSession.php(64): Illuminate/Session/Middleware/StartSession->handleStatefulRequest(Object(Illuminate/Http/Request), Object(Illuminate/Session/Store), Object(Closure))
#31 C:/Users/Lidiya Getale/Herd/immigrationknowhow/vendor/laravel/framework/src/Illuminate/Pipeline/Pipeline.php(209): Illuminate/Session/Middleware/StartSession->handle(Object(Illuminate/Http/Request), Object(Closure))
#32 C:/Users/Lidiya Getale/Herd/immigrationknowhow/vendor/laravel/framework/src/Illuminate/Cookie/Middleware/AddQueuedCookiesToResponse.php(37): Illuminate/Pipeline/Pipeline->{closure:{closure:Illuminate/Pipeline/Pipeline::carry():184}:185}(Object(Illuminate/Http/Request))
#33 C:/Users/Lidiya Getale/Herd/immigrationknowhow/vendor/laravel/framework/src/Illuminate/Pipeline/Pipeline.php(209): Illuminate/Cookie/Middleware/AddQueuedCookiesToResponse->handle(Object(Illuminate/Http/Request), Object(Closure))
#34 C:/Users/Lidiya Getale/Herd/immigrationknowhow/vendor/laravel/framework/src/Illuminate/Cookie/Middleware/EncryptCookies.php(75): Illuminate/Pipeline/Pipeline->{closure:{closure:Illuminate/Pipeline/Pipeline::carry():184}:185}(Object(Illuminate/Http/Request))
#35 C:/Users/Lidiya Getale/Herd/immigrationknowhow/vendor/laravel/framework/src/Illuminate/Pipeline/Pipeline.php(209): Illuminate/Cookie/Middleware/EncryptCookies->handle(Object(Illuminate/Http/Request), Object(Closure))
#36 C:/Users/Lidiya Getale/Herd/immigrationknowhow/vendor/laravel/framework/src/Illuminate/Pipeline/Pipeline.php(127): Illuminate/Pipeline/Pipeline->{closure:{closure:Illuminate/Pipeline/Pipeline::carry():184}:185}(Object(Illuminate/Http/Request))
#37 C:/Users/Lidiya Getale/Herd/immigrationknowhow/vendor/laravel/framework/src/Illuminate/Routing/Router.php(807): Illuminate/Pipeline/Pipeline->then(Object(Closure))
#38 C:/Users/Lidiya Getale/Herd/immigrationknowhow/vendor/laravel/framework/src/Illuminate/Routing/Router.php(786): Illuminate/Routing/Router->runRouteWithinStack(Object(Illuminate/Routing/Route), Object(Illuminate/Http/Request))
#39 C:/Users/Lidiya Getale/Herd/immigrationknowhow/vendor/laravel/framework/src/Illuminate/Routing/Router.php(750): Illuminate/Routing/Router->runRoute(Object(Illuminate/Http/Request), Object(Illuminate/Routing/Route))
#40 C:/Users/Lidiya Getale/Herd/immigrationknowhow/vendor/laravel/framework/src/Illuminate/Routing/Router.php(739): Illuminate/Routing/Router->dispatchToRoute(Object(Illuminate/Http/Request))
#41 C:/Users/Lidiya Getale/Herd/immigrationknowhow/vendor/laravel/framework/src/Illuminate/Foundation/Http/Kernel.php(201): Illuminate/Routing/Router->dispatch(Object(Illuminate/Http/Request))
#42 C:/Users/Lidiya Getale/Herd/immigrationknowhow/vendor/laravel/framework/src/Illuminate/Pipeline/Pipeline.php(170): Illuminate/Foundation/Http/Kernel->{closure:Illuminate/Foundation/Http/Kernel::dispatchToRouter():198}(Object(Illuminate/Http/Request))
#43 C:/Users/Lidiya Getale/Herd/immigrationknowhow/vendor/laravel/framework/src/Illuminate/Foundation/Http/Middleware/TransformsRequest.php(21): Illuminate/Pipeline/Pipeline->{closure:Illuminate/Pipeline/Pipeline::prepareDestination():168}(Object(Illuminate/Http/Request))
#44 C:/Users/Lidiya Getale/Herd/immigrationknowhow/vendor/laravel/framework/src/Illuminate/Foundation/Http/Middleware/ConvertEmptyStringsToNull.php(31): Illuminate/Foundation/Http/Middleware/TransformsRequest->handle(Object(Illuminate/Http/Request), Object(Closure))
#45 C:/Users/Lidiya Getale/Herd/immigrationknowhow/vendor/laravel/framework/src/Illuminate/Pipeline/Pipeline.php(209): Illuminate/Foundation/Http/Middleware/ConvertEmptyStringsToNull->handle(Object(Illuminate/Http/Request), Object(Closure))
#46 C:/Users/Lidiya Getale/Herd/immigrationknowhow/vendor/laravel/framework/src/Illuminate/Foundation/Http/Middleware/TransformsRequest.php(21): Illuminate/Pipeline/Pipeline->{closure:{closure:Illuminate/Pipeline/Pipeline::carry():184}:185}(Object(Illuminate/Http/Request))
#47 C:/Users/Lidiya Getale/Herd/immigrationknowhow/vendor/laravel/framework/src/Illuminate/Foundation/Http/Middleware/TrimStrings.php(51): Illuminate/Foundation/Http/Middleware/TransformsRequest->handle(Object(Illuminate/Http/Request), Object(Closure))
#48 C:/Users/Lidiya Getale/Herd/immigrationknowhow/vendor/laravel/framework/src/Illuminate/Pipeline/Pipeline.php(209): Illuminate/Foundation/Http/Middleware/TrimStrings->handle(Object(Illuminate/Http/Request), Object(Closure))
#49 C:/Users/Lidiya Getale/Herd/immigrationknowhow/vendor/laravel/framework/src/Illuminate/Http/Middleware/ValidatePostSize.php(27): Illuminate/Pipeline/Pipeline->{closure:{closure:Illuminate/Pipeline/Pipeline::carry():184}:185}(Object(Illuminate/Http/Request))
#50 C:/Users/Lidiya Getale/Herd/immigrationknowhow/vendor/laravel/framework/src/Illuminate/Pipeline/Pipeline.php(209): Illuminate/Http/Middleware/ValidatePostSize->handle(Object(Illuminate/Http/Request), Object(Closure))
#51 C:/Users/Lidiya Getale/Herd/immigrationknowhow/vendor/laravel/framework/src/Illuminate/Foundation/Http/Middleware/PreventRequestsDuringMaintenance.php(110): Illuminate/Pipeline/Pipeline->{closure:{closure:Illuminate/Pipeline/Pipeline::carry():184}:185}(Object(Illuminate/Http/Request))
#52 C:/Users/Lidiya Getale/Herd/immigrationknowhow/vendor/laravel/framework/src/Illuminate/Pipeline/Pipeline.php(209): Illuminate/Foundation/Http/Middleware/PreventRequestsDuringMaintenance->handle(Object(Illuminate/Http/Request), Object(Closure))
#53 C:/Users/Lidiya Getale/Herd/immigrationknowhow/vendor/laravel/framework/src/Illuminate/Http/Middleware/HandleCors.php(49): Illuminate/Pipeline/Pipeline->{closure:{closure:Illuminate/Pipeline/Pipeline::carry():184}:185}(Object(Illuminate/Http/Request))
#54 C:/Users/Lidiya Getale/Herd/immigrationknowhow/vendor/laravel/framework/src/Illuminate/Pipeline/Pipeline.php(209): Illuminate/Http/Middleware/HandleCors->handle(Object(Illuminate/Http/Request), Object(Closure))
#55 C:/Users/Lidiya Getale/Herd/immigrationknowhow/vendor/laravel/framework/src/Illuminate/Http/Middleware/TrustProxies.php(58): Illuminate/Pipeline/Pipeline->{closure:{closure:Illuminate/Pipeline/Pipeline::carry():184}:185}(Object(Illuminate/Http/Request))
#56 C:/Users/Lidiya Getale/Herd/immigrationknowhow/vendor/laravel/framework/src/Illuminate/Pipeline/Pipeline.php(209): Illuminate/Http/Middleware/TrustProxies->handle(Object(Illuminate/Http/Request), Object(Closure))
#57 C:/Users/Lidiya Getale/Herd/immigrationknowhow/vendor/laravel/framework/src/Illuminate/Foundation/Http/Middleware/InvokeDeferredCallbacks.php(22): Illuminate/Pipeline/Pipeline->{closure:{closure:Illuminate/Pipeline/Pipeline::carry():184}:185}(Object(Illuminate/Http/Request))
#58 C:/Users/Lidiya Getale/Herd/immigrationknowhow/vendor/laravel/framework/src/Illuminate/Pipeline/Pipeline.php(209): Illuminate/Foundation/Http/Middleware/InvokeDeferredCallbacks->handle(Object(Illuminate/Http/Request), Object(Closure))
#59 C:/Users/Lidiya Getale/Herd/immigrationknowhow/vendor/laravel/framework/src/Illuminate/Pipeline/Pipeline.php(127): Illuminate/Pipeline/Pipeline->{closure:{closure:Illuminate/Pipeline/Pipeline::carry():184}:185}(Object(Illuminate/Http/Request))
#60 C:/Users/Lidiya Getale/Herd/immigrationknowhow/vendor/laravel/framework/src/Illuminate/Foundation/Http/Kernel.php(176): Illuminate/Pipeline/Pipeline->then(Object(Closure))
#61 C:/Users/Lidiya Getale/Herd/immigrationknowhow/vendor/laravel/framework/src/Illuminate/Foundation/Http/Kernel.php(145): Illuminate/Foundation/Http/Kernel->sendRequestThroughRouter(Object(Illuminate/Http/Request))
#62 C:/Users/Lidiya Getale/Herd/immigrationknowhow/vendor/laravel/framework/src/Illuminate/Foundation/Application.php(1220): Illuminate/Foundation/Http/Kernel->handle(Object(Illuminate/Http/Request))
#63 C:/Users/Lidiya Getale/Herd/immigrationknowhow/public/index.php(17): Illuminate/Foundation/Application->handleRequest(Object(Illuminate/Http/Request))
#64 C:/Program Files/Herd/resources/app.asar.unpacked/resources/valet/server.php(139): require('C://Users//Lidiya...')
#65 {main}

[previous exception] [object] (PDOException(code: 42S22): SQLSTATE[42S22]: Column not found: 1054 Unknown column 'overall_rating' in 'where clause' at C:/Users/Lidiya Getale/Herd/immigrationknowhow/vendor/laravel/framework/src/Illuminate/Database/Connection.php:407)
[stacktrace]
#0 C:/Users/Lidiya Getale/Herd/immigrationknowhow/vendor/laravel/framework/src/Illuminate/Database/Connection.php(407): PDO->prepare('select count(*)...')
#1 C:/Users/Lidiya Getale/Herd/immigrationknowhow/vendor/laravel/framework/src/Illuminate/Database/Connection.php(812): Illuminate/Database/Connection->{closure:Illuminate/Database/Connection::select():398}('select count(*)...', Array)
#2 C:/Users/Lidiya Getale/Herd/immigrationknowhow/vendor/laravel/framework/src/Illuminate/Database/Connection.php(779): Illuminate/Database/Connection->runQueryCallback('select count(*)...', Array, Object(Closure))
#3 C:/Users/Lidiya Getale/Herd/immigrationknowhow/vendor/laravel/framework/src/Illuminate/Database/Connection.php(398): Illuminate/Database/Connection->run('select count(*)...', Array, Object(Closure))
#4 C:/Users/Lidiya Getale/Herd/immigrationknowhow/vendor/laravel/framework/src/Illuminate/Database/Query/Builder.php(3106): Illuminate/Database/Connection->select('select count(*)...', Array, true)
#5 C:/Users/Lidiya Getale/Herd/immigrationknowhow/vendor/laravel/framework/src/Illuminate/Database/Query/Builder.php(3091): Illuminate/Database/Query/Builder->runSelect()
#6 C:/Users/Lidiya Getale/Herd/immigrationknowhow/vendor/laravel/framework/src/Illuminate/Database/Query/Builder.php(3676): Illuminate/Database/Query/Builder->{closure:Illuminate/Database/Query/Builder::get():3090}()
#7 C:/Users/Lidiya Getale/Herd/immigrationknowhow/vendor/laravel/framework/src/Illuminate/Database/Query/Builder.php(3090): Illuminate/Database/Query/Builder->onceWithColumns(Array, Object(Closure))
#8 C:/Users/Lidiya Getale/Herd/immigrationknowhow/vendor/laravel/framework/src/Illuminate/Database/Query/Builder.php(3603): Illuminate/Database/Query/Builder->get(Array)
#9 C:/Users/Lidiya Getale/Herd/immigrationknowhow/vendor/laravel/framework/src/Illuminate/Database/Query/Builder.php(3531): Illuminate/Database/Query/Builder->aggregate('count', Array)
#10 C:/Users/Lidiya Getale/Herd/immigrationknowhow/vendor/laravel/framework/src/Illuminate/Database/Eloquent/Builder.php(2120): Illuminate/Database/Query/Builder->count()
#11 C:/Users/Lidiya Getale/Herd/immigrationknowhow/app/Http/Controllers/Provider/ReviewController.php(54): Illuminate/Database/Eloquent/Builder->__call('count', Array)
#12 C:/Users/Lidiya Getale/Herd/immigrationknowhow/vendor/laravel/framework/src/Illuminate/Routing/ControllerDispatcher.php(47): App/Http/Controllers/Provider/ReviewController->index(Object(Illuminate/Http/Request))
#13 C:/Users/Lidiya Getale/Herd/immigrationknowhow/vendor/laravel/framework/src/Illuminate/Routing/Route.php(266): Illuminate/Routing/ControllerDispatcher->dispatch(Object(Illuminate/Routing/Route), Object(App/Http/Controllers/Provider/ReviewController), 'index')
#14 C:/Users/Lidiya Getale/Herd/immigrationknowhow/vendor/laravel/framework/src/Illuminate/Routing/Route.php(212): Illuminate/Routing/Route->runController()
#15 C:/Users/Lidiya Getale/Herd/immigrationknowhow/vendor/laravel/framework/src/Illuminate/Routing/Router.php(808): Illuminate/Routing/Route->run()
#16 C:/Users/Lidiya Getale/Herd/immigrationknowhow/vendor/laravel/framework/src/Illuminate/Pipeline/Pipeline.php(170): Illuminate/Routing/Router->{closure:Illuminate/Routing/Router::runRouteWithinStack():807}(Object(Illuminate/Http/Request))
#17 C:/Users/Lidiya Getale/Herd/immigrationknowhow/app/Http/Middleware/EnsureOnboardingComplete.php(30): Illuminate/Pipeline/Pipeline->{closure:Illuminate/Pipeline/Pipeline::prepareDestination():168}(Object(Illuminate/Http/Request))
#18 C:/Users/Lidiya Getale/Herd/immigrationknowhow/vendor/laravel/framework/src/Illuminate/Pipeline/Pipeline.php(209): App/Http/Middleware/EnsureOnboardingComplete->handle(Object(Illuminate/Http/Request), Object(Closure))
#19 C:/Users/Lidiya Getale/Herd/immigrationknowhow/vendor/spatie/laravel-permission/src/Middleware/RoleMiddleware.php(37): Illuminate/Pipeline/Pipeline->{closure:{closure:Illuminate/Pipeline/Pipeline::carry():184}:185}(Object(Illuminate/Http/Request))
#20 C:/Users/Lidiya Getale/Herd/immigrationknowhow/vendor/laravel/framework/src/Illuminate/Pipeline/Pipeline.php(209): Spatie/Permission/Middleware/RoleMiddleware->handle(Object(Illuminate/Http/Request), Object(Closure), 'provider')
#21 C:/Users/Lidiya Getale/Herd/immigrationknowhow/vendor/inertiajs/inertia-laravel/src/Middleware.php(87): Illuminate/Pipeline/Pipeline->{closure:{closure:Illuminate/Pipeline/Pipeline::carry():184}:185}(Object(Illuminate/Http/Request))
#22 C:/Users/Lidiya Getale/Herd/immigrationknowhow/vendor/laravel/framework/src/Illuminate/Pipeline/Pipeline.php(209): Inertia/Middleware->handle(Object(Illuminate/Http/Request), Object(Closure))
#23 C:/Users/Lidiya Getale/Herd/immigrationknowhow/vendor/laravel/framework/src/Illuminate/Routing/Middleware/SubstituteBindings.php(51): Illuminate/Pipeline/Pipeline->{closure:{closure:Illuminate/Pipeline/Pipeline::carry():184}:185}(Object(Illuminate/Http/Request))
#24 C:/Users/Lidiya Getale/Herd/immigrationknowhow/vendor/laravel/framework/src/Illuminate/Pipeline/Pipeline.php(209): Illuminate/Routing/Middleware/SubstituteBindings->handle(Object(Illuminate/Http/Request), Object(Closure))
#25 C:/Users/Lidiya Getale/Herd/immigrationknowhow/vendor/laravel/framework/src/Illuminate/Auth/Middleware/Authenticate.php(64): Illuminate/Pipeline/Pipeline->{closure:{closure:Illuminate/Pipeline/Pipeline::carry():184}:185}(Object(Illuminate/Http/Request))
#26 C:/Users/Lidiya Getale/Herd/immigrationknowhow/vendor/laravel/framework/src/Illuminate/Pipeline/Pipeline.php(209): Illuminate/Auth/Middleware/Authenticate->handle(Object(Illuminate/Http/Request), Object(Closure))
#27 C:/Users/Lidiya Getale/Herd/immigrationknowhow/vendor/laravel/framework/src/Illuminate/Foundation/Http/Middleware/VerifyCsrfToken.php(88): Illuminate/Pipeline/Pipeline->{closure:{closure:Illuminate/Pipeline/Pipeline::carry():184}:185}(Object(Illuminate/Http/Request))
#28 C:/Users/Lidiya Getale/Herd/immigrationknowhow/vendor/laravel/framework/src/Illuminate/Pipeline/Pipeline.php(209): Illuminate/Foundation/Http/Middleware/VerifyCsrfToken->handle(Object(Illuminate/Http/Request), Object(Closure))
#29 C:/Users/Lidiya Getale/Herd/immigrationknowhow/vendor/laravel/framework/src/Illuminate/View/Middleware/ShareErrorsFromSession.php(49): Illuminate/Pipeline/Pipeline->{closure:{closure:Illuminate/Pipeline/Pipeline::carry():184}:185}(Object(Illuminate/Http/Request))
#30 C:/Users/Lidiya Getale/Herd/immigrationknowhow/vendor/laravel/framework/src/Illuminate/Pipeline/Pipeline.php(209): Illuminate/View/Middleware/ShareErrorsFromSession->handle(Object(Illuminate/Http/Request), Object(Closure))
#31 C:/Users/Lidiya Getale/Herd/immigrationknowhow/vendor/laravel/framework/src/Illuminate/Session/Middleware/StartSession.php(121): Illuminate/Pipeline/Pipeline->{closure:{closure:Illuminate/Pipeline/Pipeline::carry():184}:185}(Object(Illuminate/Http/Request))
#32 C:/Users/Lidiya Getale/Herd/immigrationknowhow/vendor/laravel/framework/src/Illuminate/Session/Middleware/StartSession.php(64): Illuminate/Session/Middleware/StartSession->handleStatefulRequest(Object(Illuminate/Http/Request), Object(Illuminate/Session/Store), Object(Closure))
#33 C:/Users/Lidiya Getale/Herd/immigrationknowhow/vendor/laravel/framework/src/Illuminate/Pipeline/Pipeline.php(209): Illuminate/Session/Middleware/StartSession->handle(Object(Illuminate/Http/Request), Object(Closure))
#34 C:/Users/Lidiya Getale/Herd/immigrationknowhow/vendor/laravel/framework/src/Illuminate/Cookie/Middleware/AddQueuedCookiesToResponse.php(37): Illuminate/Pipeline/Pipeline->{closure:{closure:Illuminate/Pipeline/Pipeline::carry():184}:185}(Object(Illuminate/Http/Request))
#35 C:/Users/Lidiya Getale/Herd/immigrationknowhow/vendor/laravel/framework/src/Illuminate/Pipeline/Pipeline.php(209): Illuminate/Cookie/Middleware/AddQueuedCookiesToResponse->handle(Object(Illuminate/Http/Request), Object(Closure))
#36 C:/Users/Lidiya Getale/Herd/immigrationknowhow/vendor/laravel/framework/src/Illuminate/Cookie/Middleware/EncryptCookies.php(75): Illuminate/Pipeline/Pipeline->{closure:{closure:Illuminate/Pipeline/Pipeline::carry():184}:185}(Object(Illuminate/Http/Request))
#37 C:/Users/Lidiya Getale/Herd/immigrationknowhow/vendor/laravel/framework/src/Illuminate/Pipeline/Pipeline.php(209): Illuminate/Cookie/Middleware/EncryptCookies->handle(Object(Illuminate/Http/Request), Object(Closure))
#38 C:/Users/Lidiya Getale/Herd/immigrationknowhow/vendor/laravel/framework/src/Illuminate/Pipeline/Pipeline.php(127): Illuminate/Pipeline/Pipeline->{closure:{closure:Illuminate/Pipeline/Pipeline::carry():184}:185}(Object(Illuminate/Http/Request))
#39 C:/Users/Lidiya Getale/Herd/immigrationknowhow/vendor/laravel/framework/src/Illuminate/Routing/Router.php(807): Illuminate/Pipeline/Pipeline->then(Object(Closure))
#40 C:/Users/Lidiya Getale/Herd/immigrationknowhow/vendor/laravel/framework/src/Illuminate/Routing/Router.php(786): Illuminate/Routing/Router->runRouteWithinStack(Object(Illuminate/Routing/Route), Object(Illuminate/Http/Request))
#41 C:/Users/Lidiya Getale/Herd/immigrationknowhow/vendor/laravel/framework/src/Illuminate/Routing/Router.php(750): Illuminate/Routing/Router->runRoute(Object(Illuminate/Http/Request), Object(Illuminate/Routing/Route))
#42 C:/Users/Lidiya Getale/Herd/immigrationknowhow/vendor/laravel/framework/src/Illuminate/Routing/Router.php(739): Illuminate/Routing/Router->dispatchToRoute(Object(Illuminate/Http/Request))
#43 C:/Users/Lidiya Getale/Herd/immigrationknowhow/vendor/laravel/framework/src/Illuminate/Foundation/Http/Kernel.php(201): Illuminate/Routing/Router->dispatch(Object(Illuminate/Http/Request))
#44 C:/Users/Lidiya Getale/Herd/immigrationknowhow/vendor/laravel/framework/src/Illuminate/Pipeline/Pipeline.php(170): Illuminate/Foundation/Http/Kernel->{closure:Illuminate/Foundation/Http/Kernel::dispatchToRouter():198}(Object(Illuminate/Http/Request))
#45 C:/Users/Lidiya Getale/Herd/immigrationknowhow/vendor/laravel/framework/src/Illuminate/Foundation/Http/Middleware/TransformsRequest.php(21): Illuminate/Pipeline/Pipeline->{closure:Illuminate/Pipeline/Pipeline::prepareDestination():168}(Object(Illuminate/Http/Request))
#46 C:/Users/Lidiya Getale/Herd/immigrationknowhow/vendor/laravel/framework/src/Illuminate/Foundation/Http/Middleware/ConvertEmptyStringsToNull.php(31): Illuminate/Foundation/Http/Middleware/TransformsRequest->handle(Object(Illuminate/Http/Request), Object(Closure))
#47 C:/Users/Lidiya Getale/Herd/immigrationknowhow/vendor/laravel/framework/src/Illuminate/Pipeline/Pipeline.php(209): Illuminate/Foundation/Http/Middleware/ConvertEmptyStringsToNull->handle(Object(Illuminate/Http/Request), Object(Closure))
#48 C:/Users/Lidiya Getale/Herd/immigrationknowhow/vendor/laravel/framework/src/Illuminate/Foundation/Http/Middleware/TransformsRequest.php(21): Illuminate/Pipeline/Pipeline->{closure:{closure:Illuminate/Pipeline/Pipeline::carry():184}:185}(Object(Illuminate/Http/Request))
#49 C:/Users/Lidiya Getale/Herd/immigrationknowhow/vendor/laravel/framework/src/Illuminate/Foundation/Http/Middleware/TrimStrings.php(51): Illuminate/Foundation/Http/Middleware/TransformsRequest->handle(Object(Illuminate/Http/Request), Object(Closure))
#50 C:/Users/Lidiya Getale/Herd/immigrationknowhow/vendor/laravel/framework/src/Illuminate/Pipeline/Pipeline.php(209): Illuminate/Foundation/Http/Middleware/TrimStrings->handle(Object(Illuminate/Http/Request), Object(Closure))
#51 C:/Users/Lidiya Getale/Herd/immigrationknowhow/vendor/laravel/framework/src/Illuminate/Http/Middleware/ValidatePostSize.php(27): Illuminate/Pipeline/Pipeline->{closure:{closure:Illuminate/Pipeline/Pipeline::carry():184}:185}(Object(Illuminate/Http/Request))
#52 C:/Users/Lidiya Getale/Herd/immigrationknowhow/vendor/laravel/framework/src/Illuminate/Pipeline/Pipeline.php(209): Illuminate/Http/Middleware/ValidatePostSize->handle(Object(Illuminate/Http/Request), Object(Closure))
#53 C:/Users/Lidiya Getale/Herd/immigrationknowhow/vendor/laravel/framework/src/Illuminate/Foundation/Http/Middleware/PreventRequestsDuringMaintenance.php(110): Illuminate/Pipeline/Pipeline->{closure:{closure:Illuminate/Pipeline/Pipeline::carry():184}:185}(Object(Illuminate/Http/Request))
#54 C:/Users/Lidiya Getale/Herd/immigrationknowhow/vendor/laravel/framework/src/Illuminate/Pipeline/Pipeline.php(209): Illuminate/Foundation/Http/Middleware/PreventRequestsDuringMaintenance->handle(Object(Illuminate/Http/Request), Object(Closure))
#55 C:/Users/Lidiya Getale/Herd/immigrationknowhow/vendor/laravel/framework/src/Illuminate/Http/Middleware/HandleCors.php(49): Illuminate/Pipeline/Pipeline->{closure:{closure:Illuminate/Pipeline/Pipeline::carry():184}:185}(Object(Illuminate/Http/Request))
#56 C:/Users/Lidiya Getale/Herd/immigrationknowhow/vendor/laravel/framework/src/Illuminate/Pipeline/Pipeline.php(209): Illuminate/Http/Middleware/HandleCors->handle(Object(Illuminate/Http/Request), Object(Closure))
#57 C:/Users/Lidiya Getale/Herd/immigrationknowhow/vendor/laravel/framework/src/Illuminate/Http/Middleware/TrustProxies.php(58): Illuminate/Pipeline/Pipeline->{closure:{closure:Illuminate/Pipeline/Pipeline::carry():184}:185}(Object(Illuminate/Http/Request))
#58 C:/Users/Lidiya Getale/Herd/immigrationknowhow/vendor/laravel/framework/src/Illuminate/Pipeline/Pipeline.php(209): Illuminate/Http/Middleware/TrustProxies->handle(Object(Illuminate/Http/Request), Object(Closure))
#59 C:/Users/Lidiya Getale/Herd/immigrationknowhow/vendor/laravel/framework/src/Illuminate/Foundation/Http/Middleware/InvokeDeferredCallbacks.php(22): Illuminate/Pipeline/Pipeline->{closure:{closure:Illuminate/Pipeline/Pipeline::carry():184}:185}(Object(Illuminate/Http/Request))
#60 C:/Users/Lidiya Getale/Herd/immigrationknowhow/vendor/laravel/framework/src/Illuminate/Pipeline/Pipeline.php(209): Illuminate/Foundation/Http/Middleware/InvokeDeferredCallbacks->handle(Object(Illuminate/Http/Request), Object(Closure))
#61 C:/Users/Lidiya Getale/Herd/immigrationknowhow/vendor/laravel/framework/src/Illuminate/Pipeline/Pipeline.php(127): Illuminate/Pipeline/Pipeline->{closure:{closure:Illuminate/Pipeline/Pipeline::carry():184}:185}(Object(Illuminate/Http/Request))
#62 C:/Users/Lidiya Getale/Herd/immigrationknowhow/vendor/laravel/framework/src/Illuminate/Foundation/Http/Kernel.php(176): Illuminate/Pipeline/Pipeline->then(Object(Closure))
#63 C:/Users/Lidiya Getale/Herd/immigrationknowhow/vendor/laravel/framework/src/Illuminate/Foundation/Http/Kernel.php(145): Illuminate/Foundation/Http/Kernel->sendRequestThroughRouter(Object(Illuminate/Http/Request))
#64 C:/Users/Lidiya Getale/Herd/immigrationknowhow/vendor/laravel/framework/src/Illuminate/Foundation/Application.php(1220): Illuminate/Foundation/Http/Kernel->handle(Object(Illuminate/Http/Request))
#65 C:/Users/Lidiya Getale/Herd/immigrationknowhow/public/index.php(17): Illuminate/Foundation/Application->handleRequest(Object(Illuminate/Http/Request))
#66 C:/Program Files/Herd/resources/app.asar.unpacked/resources/valet/server.php(139): require('C://Users//Lidiya...')
#67 {main}
"} 
[2026-04-09 17:49:04] local.ERROR: Call to undefined method App\Http\Controllers\Provider\ProfileController::index() {"userId":41,"exception":"[object] (Error(code: 0): Call to undefined method App\\Http\\Controllers\\Provider\\ProfileController::index() at C:/Users/Lidiya Getale/Herd/immigrationknowhow/vendor/laravel/framework/src/Illuminate/Routing/ControllerDispatcher.php:47)
[stacktrace]
#0 C:/Users/Lidiya Getale/Herd/immigrationknowhow/vendor/laravel/framework/src/Illuminate/Routing/Route.php(266): Illuminate/Routing/ControllerDispatcher->dispatch(Object(Illuminate/Routing/Route), Object(App/Http/Controllers/Provider/ProfileController), 'index')
#1 C:/Users/Lidiya Getale/Herd/immigrationknowhow/vendor/laravel/framework/src/Illuminate/Routing/Route.php(212): Illuminate/Routing/Route->runController()
#2 C:/Users/Lidiya Getale/Herd/immigrationknowhow/vendor/laravel/framework/src/Illuminate/Routing/Router.php(808): Illuminate/Routing/Route->run()
#3 C:/Users/Lidiya Getale/Herd/immigrationknowhow/vendor/laravel/framework/src/Illuminate/Pipeline/Pipeline.php(170): Illuminate/Routing/Router->{closure:Illuminate/Routing/Router::runRouteWithinStack():807}(Object(Illuminate/Http/Request))
#4 C:/Users/Lidiya Getale/Herd/immigrationknowhow/app/Http/Middleware/EnsureOnboardingComplete.php(30): Illuminate/Pipeline/Pipeline->{closure:Illuminate/Pipeline/Pipeline::prepareDestination():168}(Object(Illuminate/Http/Request))
#5 C:/Users/Lidiya Getale/Herd/immigrationknowhow/vendor/laravel/framework/src/Illuminate/Pipeline/Pipeline.php(209): App/Http/Middleware/EnsureOnboardingComplete->handle(Object(Illuminate/Http/Request), Object(Closure))
#6 C:/Users/Lidiya Getale/Herd/immigrationknowhow/vendor/spatie/laravel-permission/src/Middleware/RoleMiddleware.php(37): Illuminate/Pipeline/Pipeline->{closure:{closure:Illuminate/Pipeline/Pipeline::carry():184}:185}(Object(Illuminate/Http/Request))
#7 C:/Users/Lidiya Getale/Herd/immigrationknowhow/vendor/laravel/framework/src/Illuminate/Pipeline/Pipeline.php(209): Spatie/Permission/Middleware/RoleMiddleware->handle(Object(Illuminate/Http/Request), Object(Closure), 'provider')
#8 C:/Users/Lidiya Getale/Herd/immigrationknowhow/vendor/inertiajs/inertia-laravel/src/Middleware.php(87): Illuminate/Pipeline/Pipeline->{closure:{closure:Illuminate/Pipeline/Pipeline::carry():184}:185}(Object(Illuminate/Http/Request))
#9 C:/Users/Lidiya Getale/Herd/immigrationknowhow/vendor/laravel/framework/src/Illuminate/Pipeline/Pipeline.php(209): Inertia/Middleware->handle(Object(Illuminate/Http/Request), Object(Closure))
#10 C:/Users/Lidiya Getale/Herd/immigrationknowhow/vendor/laravel/framework/src/Illuminate/Routing/Middleware/SubstituteBindings.php(51): Illuminate/Pipeline/Pipeline->{closure:{closure:Illuminate/Pipeline/Pipeline::carry():184}:185}(Object(Illuminate/Http/Request))
#11 C:/Users/Lidiya Getale/Herd/immigrationknowhow/vendor/laravel/framework/src/Illuminate/Pipeline/Pipeline.php(209): Illuminate/Routing/Middleware/SubstituteBindings->handle(Object(Illuminate/Http/Request), Object(Closure))
#12 C:/Users/Lidiya Getale/Herd/immigrationknowhow/vendor/laravel/framework/src/Illuminate/Auth/Middleware/Authenticate.php(64): Illuminate/Pipeline/Pipeline->{closure:{closure:Illuminate/Pipeline/Pipeline::carry():184}:185}(Object(Illuminate/Http/Request))
#13 C:/Users/Lidiya Getale/Herd/immigrationknowhow/vendor/laravel/framework/src/Illuminate/Pipeline/Pipeline.php(209): Illuminate/Auth/Middleware/Authenticate->handle(Object(Illuminate/Http/Request), Object(Closure))
#14 C:/Users/Lidiya Getale/Herd/immigrationknowhow/vendor/laravel/framework/src/Illuminate/Foundation/Http/Middleware/VerifyCsrfToken.php(88): Illuminate/Pipeline/Pipeline->{closure:{closure:Illuminate/Pipeline/Pipeline::carry():184}:185}(Object(Illuminate/Http/Request))
#15 C:/Users/Lidiya Getale/Herd/immigrationknowhow/vendor/laravel/framework/src/Illuminate/Pipeline/Pipeline.php(209): Illuminate/Foundation/Http/Middleware/VerifyCsrfToken->handle(Object(Illuminate/Http/Request), Object(Closure))
#16 C:/Users/Lidiya Getale/Herd/immigrationknowhow/vendor/laravel/framework/src/Illuminate/View/Middleware/ShareErrorsFromSession.php(49): Illuminate/Pipeline/Pipeline->{closure:{closure:Illuminate/Pipeline/Pipeline::carry():184}:185}(Object(Illuminate/Http/Request))
#17 C:/Users/Lidiya Getale/Herd/immigrationknowhow/vendor/laravel/framework/src/Illuminate/Pipeline/Pipeline.php(209): Illuminate/View/Middleware/ShareErrorsFromSession->handle(Object(Illuminate/Http/Request), Object(Closure))
#18 C:/Users/Lidiya Getale/Herd/immigrationknowhow/vendor/laravel/framework/src/Illuminate/Session/Middleware/StartSession.php(121): Illuminate/Pipeline/Pipeline->{closure:{closure:Illuminate/Pipeline/Pipeline::carry():184}:185}(Object(Illuminate/Http/Request))
#19 C:/Users/Lidiya Getale/Herd/immigrationknowhow/vendor/laravel/framework/src/Illuminate/Session/Middleware/StartSession.php(64): Illuminate/Session/Middleware/StartSession->handleStatefulRequest(Object(Illuminate/Http/Request), Object(Illuminate/Session/Store), Object(Closure))
#20 C:/Users/Lidiya Getale/Herd/immigrationknowhow/vendor/laravel/framework/src/Illuminate/Pipeline/Pipeline.php(209): Illuminate/Session/Middleware/StartSession->handle(Object(Illuminate/Http/Request), Object(Closure))
#21 C:/Users/Lidiya Getale/Herd/immigrationknowhow/vendor/laravel/framework/src/Illuminate/Cookie/Middleware/AddQueuedCookiesToResponse.php(37): Illuminate/Pipeline/Pipeline->{closure:{closure:Illuminate/Pipeline/Pipeline::carry():184}:185}(Object(Illuminate/Http/Request))
#22 C:/Users/Lidiya Getale/Herd/immigrationknowhow/vendor/laravel/framework/src/Illuminate/Pipeline/Pipeline.php(209): Illuminate/Cookie/Middleware/AddQueuedCookiesToResponse->handle(Object(Illuminate/Http/Request), Object(Closure))
#23 C:/Users/Lidiya Getale/Herd/immigrationknowhow/vendor/laravel/framework/src/Illuminate/Cookie/Middleware/EncryptCookies.php(75): Illuminate/Pipeline/Pipeline->{closure:{closure:Illuminate/Pipeline/Pipeline::carry():184}:185}(Object(Illuminate/Http/Request))
#24 C:/Users/Lidiya Getale/Herd/immigrationknowhow/vendor/laravel/framework/src/Illuminate/Pipeline/Pipeline.php(209): Illuminate/Cookie/Middleware/EncryptCookies->handle(Object(Illuminate/Http/Request), Object(Closure))
#25 C:/Users/Lidiya Getale/Herd/immigrationknowhow/vendor/laravel/framework/src/Illuminate/Pipeline/Pipeline.php(127): Illuminate/Pipeline/Pipeline->{closure:{closure:Illuminate/Pipeline/Pipeline::carry():184}:185}(Object(Illuminate/Http/Request))
#26 C:/Users/Lidiya Getale/Herd/immigrationknowhow/vendor/laravel/framework/src/Illuminate/Routing/Router.php(807): Illuminate/Pipeline/Pipeline->then(Object(Closure))
#27 C:/Users/Lidiya Getale/Herd/immigrationknowhow/vendor/laravel/framework/src/Illuminate/Routing/Router.php(786): Illuminate/Routing/Router->runRouteWithinStack(Object(Illuminate/Routing/Route), Object(Illuminate/Http/Request))
#28 C:/Users/Lidiya Getale/Herd/immigrationknowhow/vendor/laravel/framework/src/Illuminate/Routing/Router.php(750): Illuminate/Routing/Router->runRoute(Object(Illuminate/Http/Request), Object(Illuminate/Routing/Route))
#29 C:/Users/Lidiya Getale/Herd/immigrationknowhow/vendor/laravel/framework/src/Illuminate/Routing/Router.php(739): Illuminate/Routing/Router->dispatchToRoute(Object(Illuminate/Http/Request))
#30 C:/Users/Lidiya Getale/Herd/immigrationknowhow/vendor/laravel/framework/src/Illuminate/Foundation/Http/Kernel.php(201): Illuminate/Routing/Router->dispatch(Object(Illuminate/Http/Request))
#31 C:/Users/Lidiya Getale/Herd/immigrationknowhow/vendor/laravel/framework/src/Illuminate/Pipeline/Pipeline.php(170): Illuminate/Foundation/Http/Kernel->{closure:Illuminate/Foundation/Http/Kernel::dispatchToRouter():198}(Object(Illuminate/Http/Request))
#32 C:/Users/Lidiya Getale/Herd/immigrationknowhow/vendor/laravel/framework/src/Illuminate/Foundation/Http/Middleware/TransformsRequest.php(21): Illuminate/Pipeline/Pipeline->{closure:Illuminate/Pipeline/Pipeline::prepareDestination():168}(Object(Illuminate/Http/Request))
#33 C:/Users/Lidiya Getale/Herd/immigrationknowhow/vendor/laravel/framework/src/Illuminate/Foundation/Http/Middleware/ConvertEmptyStringsToNull.php(31): Illuminate/Foundation/Http/Middleware/TransformsRequest->handle(Object(Illuminate/Http/Request), Object(Closure))
#34 C:/Users/Lidiya Getale/Herd/immigrationknowhow/vendor/laravel/framework/src/Illuminate/Pipeline/Pipeline.php(209): Illuminate/Foundation/Http/Middleware/ConvertEmptyStringsToNull->handle(Object(Illuminate/Http/Request), Object(Closure))
#35 C:/Users/Lidiya Getale/Herd/immigrationknowhow/vendor/laravel/framework/src/Illuminate/Foundation/Http/Middleware/TransformsRequest.php(21): Illuminate/Pipeline/Pipeline->{closure:{closure:Illuminate/Pipeline/Pipeline::carry():184}:185}(Object(Illuminate/Http/Request))
#36 C:/Users/Lidiya Getale/Herd/immigrationknowhow/vendor/laravel/framework/src/Illuminate/Foundation/Http/Middleware/TrimStrings.php(51): Illuminate/Foundation/Http/Middleware/TransformsRequest->handle(Object(Illuminate/Http/Request), Object(Closure))
#37 C:/Users/Lidiya Getale/Herd/immigrationknowhow/vendor/laravel/framework/src/Illuminate/Pipeline/Pipeline.php(209): Illuminate/Foundation/Http/Middleware/TrimStrings->handle(Object(Illuminate/Http/Request), Object(Closure))
#38 C:/Users/Lidiya Getale/Herd/immigrationknowhow/vendor/laravel/framework/src/Illuminate/Http/Middleware/ValidatePostSize.php(27): Illuminate/Pipeline/Pipeline->{closure:{closure:Illuminate/Pipeline/Pipeline::carry():184}:185}(Object(Illuminate/Http/Request))
#39 C:/Users/Lidiya Getale/Herd/immigrationknowhow/vendor/laravel/framework/src/Illuminate/Pipeline/Pipeline.php(209): Illuminate/Http/Middleware/ValidatePostSize->handle(Object(Illuminate/Http/Request), Object(Closure))
#40 C:/Users/Lidiya Getale/Herd/immigrationknowhow/vendor/laravel/framework/src/Illuminate/Foundation/Http/Middleware/PreventRequestsDuringMaintenance.php(110): Illuminate/Pipeline/Pipeline->{closure:{closure:Illuminate/Pipeline/Pipeline::carry():184}:185}(Object(Illuminate/Http/Request))
#41 C:/Users/Lidiya Getale/Herd/immigrationknowhow/vendor/laravel/framework/src/Illuminate/Pipeline/Pipeline.php(209): Illuminate/Foundation/Http/Middleware/PreventRequestsDuringMaintenance->handle(Object(Illuminate/Http/Request), Object(Closure))
#42 C:/Users/Lidiya Getale/Herd/immigrationknowhow/vendor/laravel/framework/src/Illuminate/Http/Middleware/HandleCors.php(49): Illuminate/Pipeline/Pipeline->{closure:{closure:Illuminate/Pipeline/Pipeline::carry():184}:185}(Object(Illuminate/Http/Request))
#43 C:/Users/Lidiya Getale/Herd/immigrationknowhow/vendor/laravel/framework/src/Illuminate/Pipeline/Pipeline.php(209): Illuminate/Http/Middleware/HandleCors->handle(Object(Illuminate/Http/Request), Object(Closure))
#44 C:/Users/Lidiya Getale/Herd/immigrationknowhow/vendor/laravel/framework/src/Illuminate/Http/Middleware/TrustProxies.php(58): Illuminate/Pipeline/Pipeline->{closure:{closure:Illuminate/Pipeline/Pipeline::carry():184}:185}(Object(Illuminate/Http/Request))
#45 C:/Users/Lidiya Getale/Herd/immigrationknowhow/vendor/laravel/framework/src/Illuminate/Pipeline/Pipeline.php(209): Illuminate/Http/Middleware/TrustProxies->handle(Object(Illuminate/Http/Request), Object(Closure))
#46 C:/Users/Lidiya Getale/Herd/immigrationknowhow/vendor/laravel/framework/src/Illuminate/Foundation/Http/Middleware/InvokeDeferredCallbacks.php(22): Illuminate/Pipeline/Pipeline->{closure:{closure:Illuminate/Pipeline/Pipeline::carry():184}:185}(Object(Illuminate/Http/Request))
#47 C:/Users/Lidiya Getale/Herd/immigrationknowhow/vendor/laravel/framework/src/Illuminate/Pipeline/Pipeline.php(209): Illuminate/Foundation/Http/Middleware/InvokeDeferredCallbacks->handle(Object(Illuminate/Http/Request), Object(Closure))
#48 C:/Users/Lidiya Getale/Herd/immigrationknowhow/vendor/laravel/framework/src/Illuminate/Pipeline/Pipeline.php(127): Illuminate/Pipeline/Pipeline->{closure:{closure:Illuminate/Pipeline/Pipeline::carry():184}:185}(Object(Illuminate/Http/Request))
#49 C:/Users/Lidiya Getale/Herd/immigrationknowhow/vendor/laravel/framework/src/Illuminate/Foundation/Http/Kernel.php(176): Illuminate/Pipeline/Pipeline->then(Object(Closure))
#50 C:/Users/Lidiya Getale/Herd/immigrationknowhow/vendor/laravel/framework/src/Illuminate/Foundation/Http/Kernel.php(145): Illuminate/Foundation/Http/Kernel->sendRequestThroughRouter(Object(Illuminate/Http/Request))
#51 C:/Users/Lidiya Getale/Herd/immigrationknowhow/vendor/laravel/framework/src/Illuminate/Foundation/Application.php(1220): Illuminate/Foundation/Http/Kernel->handle(Object(Illuminate/Http/Request))
#52 C:/Users/Lidiya Getale/Herd/immigrationknowhow/public/index.php(17): Illuminate/Foundation/Application->handleRequest(Object(Illuminate/Http/Request))
#53 C:/Program Files/Herd/resources/app.asar.unpacked/resources/valet/server.php(139): require('C://Users//Lidiya...')
#54 {main}
"} 
[2026-04-09 18:14:44] local.INFO: AddressDetails show page opened. {"user_id":42,"route":"address-detail","ip":"127.0.0.1"} 
[2026-04-09 18:14:44] local.INFO: AddressDetails show page opened. {"user_id":42,"route":"address-detail","ip":"127.0.0.1"} 
[2026-04-09 18:14:57] local.INFO: AddressDetails autocomplete requested. {"user_id":42,"query":"cana","country":"US","ip":"127.0.0.1","has_api_key":true} 
[2026-04-09 18:14:58] local.INFO: AddressDetails autocomplete requested. {"user_id":42,"query":"canada","country":"US","ip":"127.0.0.1","has_api_key":true} 
[2026-04-09 18:15:00] local.INFO: AddressDetails autocomplete no suggestions.  
[2026-04-09 18:15:00] local.INFO: AddressDetails autocomplete no suggestions.  
[2026-04-09 18:15:02] local.INFO: AddressDetails autocomplete requested. {"user_id":42,"query":"canada","country":"US","ip":"127.0.0.1","has_api_key":true} 
[2026-04-09 18:15:03] local.INFO: AddressDetails autocomplete no suggestions.  
[2026-04-09 18:17:33] local.INFO: AddressDetails autocomplete requested. {"user_id":42,"query":"canad","country":"US","ip":"127.0.0.1","has_api_key":true} 
[2026-04-09 18:17:38] local.INFO: AddressDetails autocomplete resolved place. {"user_id":42,"query":"canad","place":"places/ChIJ2WrMN9MDDUsRpY9Doiq3aJk","formatted":"Canada"} 
[2026-04-09 18:27:03] local.INFO: AddressDetails show page opened. {"user_id":42,"route":"address-detail","ip":"127.0.0.1"} 
[2026-04-09 19:11:18] local.INFO: AddressDetails autocomplete requested. {"user_id":42,"query":"Addia Abeba","country":null,"ip":"127.0.0.1","has_api_key":true} 
[2026-04-09 19:11:20] local.INFO: AddressDetails sendOtp request received. {"user_id":42,"route":"address-detail","ip":"127.0.0.1","address_payload":{"address":"Addia Abeba","city":"city_officer","state":"gjhkl","country":"US","postal_code":"11000000","preferred_language":"en","serve_client_in_location":true},"has_phone":false} 
[2026-04-09 19:11:20] local.INFO: AddressDetails sendOtp validated payload. {"user_id":42,"validated":{"address":"Addia Abeba","city":"city_officer","state":"gjhkl","country":"US","postal_code":"11000000","preferred_language":"en"}} 
[2026-04-09 19:11:20] local.INFO: AddressDetails sendOtp persisted user address details. {"user_id":42,"saved":{"address":"Addia Abeba","city":"city_officer","state":"gjhkl","country":"US","postal_code":"11000000","preferred_language":"en"}} 
[2026-04-09 19:11:20] local.INFO: AddressDetails sendOtp completed without phone send; redirecting to OTP step. {"user_id":42} 
[2026-04-09 19:11:24] local.INFO: AddressDetails autocomplete resolved place. {"user_id":42,"query":"Addia Abeba","place":"places/ChIJLUCr9c6FSxYRSU2iN7C2Z4Q","formatted":"Addis Ababa, Ethiopia"} 
[2026-04-09 19:11:26] local.INFO: AddressDetails sendOtp request received. {"user_id":42,"route":"address-detail","ip":"127.0.0.1","address_payload":{"address":null,"city":null,"state":null,"country":null,"postal_code":null,"preferred_language":null,"serve_client_in_location":false},"has_phone":true} 
[2026-04-09 19:11:26] local.INFO: AddressDetails sendOtp validated payload. {"user_id":42,"validated":{"phone":"123456789009876"}} 
[2026-04-09 19:11:26] local.INFO: AddressDetails sendOtp persisted user address details. {"user_id":42,"saved":{"address":"Addia Abeba","city":"city_officer","state":"gjhkl","country":"US","postal_code":"11000000","preferred_language":"en"}} 
[2026-04-09 19:11:26] local.INFO: Phone verification OTP {"user_id":42,"phone":"123456789009876","code":"839938","hint":"Replace with SMS in production; OTP is logged for development."} 
[2026-04-09 19:11:26] local.INFO: AddressDetails sendOtp OTP sent successfully. {"user_id":42,"phone_last4":"9876"} 
[2026-04-09 19:17:12] local.ERROR: SQLSTATE[42S22]: Column not found: 1054 Unknown column 'contacted_at' in 'field list' (Connection: mysql, SQL: select AVG(TIMESTAMPDIFF(HOUR, created_at, contacted_at)) as avg_hours from `leads` where `service_provider_id` = 16 and `created_at` >= 2026-03-10 19:17:12 and `contacted_at` is not null and `leads`.`deleted_at` is null limit 1) {"userId":42,"exception":"[object] (Illuminate\\Database\\QueryException(code: 42S22): SQLSTATE[42S22]: Column not found: 1054 Unknown column 'contacted_at' in 'field list' (Connection: mysql, SQL: select AVG(TIMESTAMPDIFF(HOUR, created_at, contacted_at)) as avg_hours from `leads` where `service_provider_id` = 16 and `created_at` >= 2026-03-10 19:17:12 and `contacted_at` is not null and `leads`.`deleted_at` is null limit 1) at C:/Users/Lidiya Getale/Herd/immigrationknowhow/vendor/laravel/framework/src/Illuminate/Database/Connection.php:825)
[stacktrace]
#0 C:/Users/Lidiya Getale/Herd/immigrationknowhow/vendor/laravel/framework/src/Illuminate/Database/Connection.php(779): Illuminate/Database/Connection->runQueryCallback('select AVG(TIME...', Array, Object(Closure))
#1 C:/Users/Lidiya Getale/Herd/immigrationknowhow/vendor/laravel/framework/src/Illuminate/Database/Connection.php(398): Illuminate/Database/Connection->run('select AVG(TIME...', Array, Object(Closure))
#2 C:/Users/Lidiya Getale/Herd/immigrationknowhow/vendor/laravel/framework/src/Illuminate/Database/Query/Builder.php(3106): Illuminate/Database/Connection->select('select AVG(TIME...', Array, true)
#3 C:/Users/Lidiya Getale/Herd/immigrationknowhow/vendor/laravel/framework/src/Illuminate/Database/Query/Builder.php(3091): Illuminate/Database/Query/Builder->runSelect()
#4 C:/Users/Lidiya Getale/Herd/immigrationknowhow/vendor/laravel/framework/src/Illuminate/Database/Query/Builder.php(3676): Illuminate/Database/Query/Builder->{closure:Illuminate/Database/Query/Builder::get():3090}()
#5 C:/Users/Lidiya Getale/Herd/immigrationknowhow/vendor/laravel/framework/src/Illuminate/Database/Query/Builder.php(3090): Illuminate/Database/Query/Builder->onceWithColumns(Array, Object(Closure))
#6 C:/Users/Lidiya Getale/Herd/immigrationknowhow/vendor/laravel/framework/src/Illuminate/Database/Eloquent/Builder.php(811): Illuminate/Database/Query/Builder->get(Array)
#7 C:/Users/Lidiya Getale/Herd/immigrationknowhow/vendor/laravel/framework/src/Illuminate/Database/Eloquent/Builder.php(793): Illuminate/Database/Eloquent/Builder->getModels(Array)
#8 C:/Users/Lidiya Getale/Herd/immigrationknowhow/vendor/laravel/framework/src/Illuminate/Database/Concerns/BuildsQueries.php(343): Illuminate/Database/Eloquent/Builder->get(Array)
#9 C:/Users/Lidiya Getale/Herd/immigrationknowhow/vendor/laravel/framework/src/Illuminate/Database/Eloquent/Builder.php(742): Illuminate/Database/Eloquent/Builder->first(Array)
#10 C:/Users/Lidiya Getale/Herd/immigrationknowhow/app/Http/Controllers/Provider/AnalyticsController.php(135): Illuminate/Database/Eloquent/Builder->value('avg_hours')
#11 C:/Users/Lidiya Getale/Herd/immigrationknowhow/app/Http/Controllers/Provider/AnalyticsController.php(35): App/Http/Controllers/Provider/AnalyticsController->getAverageResponseTime(16, Object(Illuminate/Support/Carbon))
#12 C:/Users/Lidiya Getale/Herd/immigrationknowhow/vendor/laravel/framework/src/Illuminate/Routing/ControllerDispatcher.php(47): App/Http/Controllers/Provider/AnalyticsController->index(Object(Illuminate/Http/Request))
#13 C:/Users/Lidiya Getale/Herd/immigrationknowhow/vendor/laravel/framework/src/Illuminate/Routing/Route.php(266): Illuminate/Routing/ControllerDispatcher->dispatch(Object(Illuminate/Routing/Route), Object(App/Http/Controllers/Provider/AnalyticsController), 'index')
#14 C:/Users/Lidiya Getale/Herd/immigrationknowhow/vendor/laravel/framework/src/Illuminate/Routing/Route.php(212): Illuminate/Routing/Route->runController()
#15 C:/Users/Lidiya Getale/Herd/immigrationknowhow/vendor/laravel/framework/src/Illuminate/Routing/Router.php(808): Illuminate/Routing/Route->run()
#16 C:/Users/Lidiya Getale/Herd/immigrationknowhow/vendor/laravel/framework/src/Illuminate/Pipeline/Pipeline.php(170): Illuminate/Routing/Router->{closure:Illuminate/Routing/Router::runRouteWithinStack():807}(Object(Illuminate/Http/Request))
#17 C:/Users/Lidiya Getale/Herd/immigrationknowhow/app/Http/Middleware/EnsureOnboardingComplete.php(30): Illuminate/Pipeline/Pipeline->{closure:Illuminate/Pipeline/Pipeline::prepareDestination():168}(Object(Illuminate/Http/Request))
#18 C:/Users/Lidiya Getale/Herd/immigrationknowhow/vendor/laravel/framework/src/Illuminate/Pipeline/Pipeline.php(209): App/Http/Middleware/EnsureOnboardingComplete->handle(Object(Illuminate/Http/Request), Object(Closure))
#19 C:/Users/Lidiya Getale/Herd/immigrationknowhow/vendor/spatie/laravel-permission/src/Middleware/RoleMiddleware.php(37): Illuminate/Pipeline/Pipeline->{closure:{closure:Illuminate/Pipeline/Pipeline::carry():184}:185}(Object(Illuminate/Http/Request))
#20 C:/Users/Lidiya Getale/Herd/immigrationknowhow/vendor/laravel/framework/src/Illuminate/Pipeline/Pipeline.php(209): Spatie/Permission/Middleware/RoleMiddleware->handle(Object(Illuminate/Http/Request), Object(Closure), 'provider')
#21 C:/Users/Lidiya Getale/Herd/immigrationknowhow/vendor/inertiajs/inertia-laravel/src/Middleware.php(87): Illuminate/Pipeline/Pipeline->{closure:{closure:Illuminate/Pipeline/Pipeline::carry():184}:185}(Object(Illuminate/Http/Request))
#22 C:/Users/Lidiya Getale/Herd/immigrationknowhow/vendor/laravel/framework/src/Illuminate/Pipeline/Pipeline.php(209): Inertia/Middleware->handle(Object(Illuminate/Http/Request), Object(Closure))
#23 C:/Users/Lidiya Getale/Herd/immigrationknowhow/vendor/laravel/framework/src/Illuminate/Routing/Middleware/SubstituteBindings.php(51): Illuminate/Pipeline/Pipeline->{closure:{closure:Illuminate/Pipeline/Pipeline::carry():184}:185}(Object(Illuminate/Http/Request))
#24 C:/Users/Lidiya Getale/Herd/immigrationknowhow/vendor/laravel/framework/src/Illuminate/Pipeline/Pipeline.php(209): Illuminate/Routing/Middleware/SubstituteBindings->handle(Object(Illuminate/Http/Request), Object(Closure))
#25 C:/Users/Lidiya Getale/Herd/immigrationknowhow/vendor/laravel/framework/src/Illuminate/Auth/Middleware/Authenticate.php(64): Illuminate/Pipeline/Pipeline->{closure:{closure:Illuminate/Pipeline/Pipeline::carry():184}:185}(Object(Illuminate/Http/Request))
#26 C:/Users/Lidiya Getale/Herd/immigrationknowhow/vendor/laravel/framework/src/Illuminate/Pipeline/Pipeline.php(209): Illuminate/Auth/Middleware/Authenticate->handle(Object(Illuminate/Http/Request), Object(Closure))
#27 C:/Users/Lidiya Getale/Herd/immigrationknowhow/vendor/laravel/framework/src/Illuminate/Foundation/Http/Middleware/VerifyCsrfToken.php(88): Illuminate/Pipeline/Pipeline->{closure:{closure:Illuminate/Pipeline/Pipeline::carry():184}:185}(Object(Illuminate/Http/Request))
#28 C:/Users/Lidiya Getale/Herd/immigrationknowhow/vendor/laravel/framework/src/Illuminate/Pipeline/Pipeline.php(209): Illuminate/Foundation/Http/Middleware/VerifyCsrfToken->handle(Object(Illuminate/Http/Request), Object(Closure))
#29 C:/Users/Lidiya Getale/Herd/immigrationknowhow/vendor/laravel/framework/src/Illuminate/View/Middleware/ShareErrorsFromSession.php(49): Illuminate/Pipeline/Pipeline->{closure:{closure:Illuminate/Pipeline/Pipeline::carry():184}:185}(Object(Illuminate/Http/Request))
#30 C:/Users/Lidiya Getale/Herd/immigrationknowhow/vendor/laravel/framework/src/Illuminate/Pipeline/Pipeline.php(209): Illuminate/View/Middleware/ShareErrorsFromSession->handle(Object(Illuminate/Http/Request), Object(Closure))
#31 C:/Users/Lidiya Getale/Herd/immigrationknowhow/vendor/laravel/framework/src/Illuminate/Session/Middleware/StartSession.php(121): Illuminate/Pipeline/Pipeline->{closure:{closure:Illuminate/Pipeline/Pipeline::carry():184}:185}(Object(Illuminate/Http/Request))
#32 C:/Users/Lidiya Getale/Herd/immigrationknowhow/vendor/laravel/framework/src/Illuminate/Session/Middleware/StartSession.php(64): Illuminate/Session/Middleware/StartSession->handleStatefulRequest(Object(Illuminate/Http/Request), Object(Illuminate/Session/Store), Object(Closure))
#33 C:/Users/Lidiya Getale/Herd/immigrationknowhow/vendor/laravel/framework/src/Illuminate/Pipeline/Pipeline.php(209): Illuminate/Session/Middleware/StartSession->handle(Object(Illuminate/Http/Request), Object(Closure))
#34 C:/Users/Lidiya Getale/Herd/immigrationknowhow/vendor/laravel/framework/src/Illuminate/Cookie/Middleware/AddQueuedCookiesToResponse.php(37): Illuminate/Pipeline/Pipeline->{closure:{closure:Illuminate/Pipeline/Pipeline::carry():184}:185}(Object(Illuminate/Http/Request))
#35 C:/Users/Lidiya Getale/Herd/immigrationknowhow/vendor/laravel/framework/src/Illuminate/Pipeline/Pipeline.php(209): Illuminate/Cookie/Middleware/AddQueuedCookiesToResponse->handle(Object(Illuminate/Http/Request), Object(Closure))
#36 C:/Users/Lidiya Getale/Herd/immigrationknowhow/vendor/laravel/framework/src/Illuminate/Cookie/Middleware/EncryptCookies.php(75): Illuminate/Pipeline/Pipeline->{closure:{closure:Illuminate/Pipeline/Pipeline::carry():184}:185}(Object(Illuminate/Http/Request))
#37 C:/Users/Lidiya Getale/Herd/immigrationknowhow/vendor/laravel/framework/src/Illuminate/Pipeline/Pipeline.php(209): Illuminate/Cookie/Middleware/EncryptCookies->handle(Object(Illuminate/Http/Request), Object(Closure))
#38 C:/Users/Lidiya Getale/Herd/immigrationknowhow/vendor/laravel/framework/src/Illuminate/Pipeline/Pipeline.php(127): Illuminate/Pipeline/Pipeline->{closure:{closure:Illuminate/Pipeline/Pipeline::carry():184}:185}(Object(Illuminate/Http/Request))
#39 C:/Users/Lidiya Getale/Herd/immigrationknowhow/vendor/laravel/framework/src/Illuminate/Routing/Router.php(807): Illuminate/Pipeline/Pipeline->then(Object(Closure))
#40 C:/Users/Lidiya Getale/Herd/immigrationknowhow/vendor/laravel/framework/src/Illuminate/Routing/Router.php(786): Illuminate/Routing/Router->runRouteWithinStack(Object(Illuminate/Routing/Route), Object(Illuminate/Http/Request))
#41 C:/Users/Lidiya Getale/Herd/immigrationknowhow/vendor/laravel/framework/src/Illuminate/Routing/Router.php(750): Illuminate/Routing/Router->runRoute(Object(Illuminate/Http/Request), Object(Illuminate/Routing/Route))
#42 C:/Users/Lidiya Getale/Herd/immigrationknowhow/vendor/laravel/framework/src/Illuminate/Routing/Router.php(739): Illuminate/Routing/Router->dispatchToRoute(Object(Illuminate/Http/Request))
#43 C:/Users/Lidiya Getale/Herd/immigrationknowhow/vendor/laravel/framework/src/Illuminate/Foundation/Http/Kernel.php(201): Illuminate/Routing/Router->dispatch(Object(Illuminate/Http/Request))
#44 C:/Users/Lidiya Getale/Herd/immigrationknowhow/vendor/laravel/framework/src/Illuminate/Pipeline/Pipeline.php(170): Illuminate/Foundation/Http/Kernel->{closure:Illuminate/Foundation/Http/Kernel::dispatchToRouter():198}(Object(Illuminate/Http/Request))
#45 C:/Users/Lidiya Getale/Herd/immigrationknowhow/vendor/laravel/framework/src/Illuminate/Foundation/Http/Middleware/TransformsRequest.php(21): Illuminate/Pipeline/Pipeline->{closure:Illuminate/Pipeline/Pipeline::prepareDestination():168}(Object(Illuminate/Http/Request))
#46 C:/Users/Lidiya Getale/Herd/immigrationknowhow/vendor/laravel/framework/src/Illuminate/Foundation/Http/Middleware/ConvertEmptyStringsToNull.php(31): Illuminate/Foundation/Http/Middleware/TransformsRequest->handle(Object(Illuminate/Http/Request), Object(Closure))
#47 C:/Users/Lidiya Getale/Herd/immigrationknowhow/vendor/laravel/framework/src/Illuminate/Pipeline/Pipeline.php(209): Illuminate/Foundation/Http/Middleware/ConvertEmptyStringsToNull->handle(Object(Illuminate/Http/Request), Object(Closure))
#48 C:/Users/Lidiya Getale/Herd/immigrationknowhow/vendor/laravel/framework/src/Illuminate/Foundation/Http/Middleware/TransformsRequest.php(21): Illuminate/Pipeline/Pipeline->{closure:{closure:Illuminate/Pipeline/Pipeline::carry():184}:185}(Object(Illuminate/Http/Request))
#49 C:/Users/Lidiya Getale/Herd/immigrationknowhow/vendor/laravel/framework/src/Illuminate/Foundation/Http/Middleware/TrimStrings.php(51): Illuminate/Foundation/Http/Middleware/TransformsRequest->handle(Object(Illuminate/Http/Request), Object(Closure))
#50 C:/Users/Lidiya Getale/Herd/immigrationknowhow/vendor/laravel/framework/src/Illuminate/Pipeline/Pipeline.php(209): Illuminate/Foundation/Http/Middleware/TrimStrings->handle(Object(Illuminate/Http/Request), Object(Closure))
#51 C:/Users/Lidiya Getale/Herd/immigrationknowhow/vendor/laravel/framework/src/Illuminate/Http/Middleware/ValidatePostSize.php(27): Illuminate/Pipeline/Pipeline->{closure:{closure:Illuminate/Pipeline/Pipeline::carry():184}:185}(Object(Illuminate/Http/Request))
#52 C:/Users/Lidiya Getale/Herd/immigrationknowhow/vendor/laravel/framework/src/Illuminate/Pipeline/Pipeline.php(209): Illuminate/Http/Middleware/ValidatePostSize->handle(Object(Illuminate/Http/Request), Object(Closure))
#53 C:/Users/Lidiya Getale/Herd/immigrationknowhow/vendor/laravel/framework/src/Illuminate/Foundation/Http/Middleware/PreventRequestsDuringMaintenance.php(110): Illuminate/Pipeline/Pipeline->{closure:{closure:Illuminate/Pipeline/Pipeline::carry():184}:185}(Object(Illuminate/Http/Request))
#54 C:/Users/Lidiya Getale/Herd/immigrationknowhow/vendor/laravel/framework/src/Illuminate/Pipeline/Pipeline.php(209): Illuminate/Foundation/Http/Middleware/PreventRequestsDuringMaintenance->handle(Object(Illuminate/Http/Request), Object(Closure))
#55 C:/Users/Lidiya Getale/Herd/immigrationknowhow/vendor/laravel/framework/src/Illuminate/Http/Middleware/HandleCors.php(49): Illuminate/Pipeline/Pipeline->{closure:{closure:Illuminate/Pipeline/Pipeline::carry():184}:185}(Object(Illuminate/Http/Request))
#56 C:/Users/Lidiya Getale/Herd/immigrationknowhow/vendor/laravel/framework/src/Illuminate/Pipeline/Pipeline.php(209): Illuminate/Http/Middleware/HandleCors->handle(Object(Illuminate/Http/Request), Object(Closure))
#57 C:/Users/Lidiya Getale/Herd/immigrationknowhow/vendor/laravel/framework/src/Illuminate/Http/Middleware/TrustProxies.php(58): Illuminate/Pipeline/Pipeline->{closure:{closure:Illuminate/Pipeline/Pipeline::carry():184}:185}(Object(Illuminate/Http/Request))
#58 C:/Users/Lidiya Getale/Herd/immigrationknowhow/vendor/laravel/framework/src/Illuminate/Pipeline/Pipeline.php(209): Illuminate/Http/Middleware/TrustProxies->handle(Object(Illuminate/Http/Request), Object(Closure))
#59 C:/Users/Lidiya Getale/Herd/immigrationknowhow/vendor/laravel/framework/src/Illuminate/Foundation/Http/Middleware/InvokeDeferredCallbacks.php(22): Illuminate/Pipeline/Pipeline->{closure:{closure:Illuminate/Pipeline/Pipeline::carry():184}:185}(Object(Illuminate/Http/Request))
#60 C:/Users/Lidiya Getale/Herd/immigrationknowhow/vendor/laravel/framework/src/Illuminate/Pipeline/Pipeline.php(209): Illuminate/Foundation/Http/Middleware/InvokeDeferredCallbacks->handle(Object(Illuminate/Http/Request), Object(Closure))
#61 C:/Users/Lidiya Getale/Herd/immigrationknowhow/vendor/laravel/framework/src/Illuminate/Pipeline/Pipeline.php(127): Illuminate/Pipeline/Pipeline->{closure:{closure:Illuminate/Pipeline/Pipeline::carry():184}:185}(Object(Illuminate/Http/Request))
#62 C:/Users/Lidiya Getale/Herd/immigrationknowhow/vendor/laravel/framework/src/Illuminate/Foundation/Http/Kernel.php(176): Illuminate/Pipeline/Pipeline->then(Object(Closure))
#63 C:/Users/Lidiya Getale/Herd/immigrationknowhow/vendor/laravel/framework/src/Illuminate/Foundation/Http/Kernel.php(145): Illuminate/Foundation/Http/Kernel->sendRequestThroughRouter(Object(Illuminate/Http/Request))
#64 C:/Users/Lidiya Getale/Herd/immigrationknowhow/vendor/laravel/framework/src/Illuminate/Foundation/Application.php(1220): Illuminate/Foundation/Http/Kernel->handle(Object(Illuminate/Http/Request))
#65 C:/Users/Lidiya Getale/Herd/immigrationknowhow/public/index.php(17): Illuminate/Foundation/Application->handleRequest(Object(Illuminate/Http/Request))
#66 C:/Program Files/Herd/resources/app.asar.unpacked/resources/valet/server.php(139): require('C://Users//Lidiya...')
#67 {main}

[previous exception] [object] (PDOException(code: 42S22): SQLSTATE[42S22]: Column not found: 1054 Unknown column 'contacted_at' in 'field list' at C:/Users/Lidiya Getale/Herd/immigrationknowhow/vendor/laravel/framework/src/Illuminate/Database/Connection.php:407)
[stacktrace]
#0 C:/Users/Lidiya Getale/Herd/immigrationknowhow/vendor/laravel/framework/src/Illuminate/Database/Connection.php(407): PDO->prepare('select AVG(TIME...')
#1 C:/Users/Lidiya Getale/Herd/immigrationknowhow/vendor/laravel/framework/src/Illuminate/Database/Connection.php(812): Illuminate/Database/Connection->{closure:Illuminate/Database/Connection::select():398}('select AVG(TIME...', Array)
#2 C:/Users/Lidiya Getale/Herd/immigrationknowhow/vendor/laravel/framework/src/Illuminate/Database/Connection.php(779): Illuminate/Database/Connection->runQueryCallback('select AVG(TIME...', Array, Object(Closure))
#3 C:/Users/Lidiya Getale/Herd/immigrationknowhow/vendor/laravel/framework/src/Illuminate/Database/Connection.php(398): Illuminate/Database/Connection->run('select AVG(TIME...', Array, Object(Closure))
#4 C:/Users/Lidiya Getale/Herd/immigrationknowhow/vendor/laravel/framework/src/Illuminate/Database/Query/Builder.php(3106): Illuminate/Database/Connection->select('select AVG(TIME...', Array, true)
#5 C:/Users/Lidiya Getale/Herd/immigrationknowhow/vendor/laravel/framework/src/Illuminate/Database/Query/Builder.php(3091): Illuminate/Database/Query/Builder->runSelect()
#6 C:/Users/Lidiya Getale/Herd/immigrationknowhow/vendor/laravel/framework/src/Illuminate/Database/Query/Builder.php(3676): Illuminate/Database/Query/Builder->{closure:Illuminate/Database/Query/Builder::get():3090}()
#7 C:/Users/Lidiya Getale/Herd/immigrationknowhow/vendor/laravel/framework/src/Illuminate/Database/Query/Builder.php(3090): Illuminate/Database/Query/Builder->onceWithColumns(Array, Object(Closure))
#8 C:/Users/Lidiya Getale/Herd/immigrationknowhow/vendor/laravel/framework/src/Illuminate/Database/Eloquent/Builder.php(811): Illuminate/Database/Query/Builder->get(Array)
#9 C:/Users/Lidiya Getale/Herd/immigrationknowhow/vendor/laravel/framework/src/Illuminate/Database/Eloquent/Builder.php(793): Illuminate/Database/Eloquent/Builder->getModels(Array)
#10 C:/Users/Lidiya Getale/Herd/immigrationknowhow/vendor/laravel/framework/src/Illuminate/Database/Concerns/BuildsQueries.php(343): Illuminate/Database/Eloquent/Builder->get(Array)
#11 C:/Users/Lidiya Getale/Herd/immigrationknowhow/vendor/laravel/framework/src/Illuminate/Database/Eloquent/Builder.php(742): Illuminate/Database/Eloquent/Builder->first(Array)
#12 C:/Users/Lidiya Getale/Herd/immigrationknowhow/app/Http/Controllers/Provider/AnalyticsController.php(135): Illuminate/Database/Eloquent/Builder->value('avg_hours')
#13 C:/Users/Lidiya Getale/Herd/immigrationknowhow/app/Http/Controllers/Provider/AnalyticsController.php(35): App/Http/Controllers/Provider/AnalyticsController->getAverageResponseTime(16, Object(Illuminate/Support/Carbon))
#14 C:/Users/Lidiya Getale/Herd/immigrationknowhow/vendor/laravel/framework/src/Illuminate/Routing/ControllerDispatcher.php(47): App/Http/Controllers/Provider/AnalyticsController->index(Object(Illuminate/Http/Request))
#15 C:/Users/Lidiya Getale/Herd/immigrationknowhow/vendor/laravel/framework/src/Illuminate/Routing/Route.php(266): Illuminate/Routing/ControllerDispatcher->dispatch(Object(Illuminate/Routing/Route), Object(App/Http/Controllers/Provider/AnalyticsController), 'index')
#16 C:/Users/Lidiya Getale/Herd/immigrationknowhow/vendor/laravel/framework/src/Illuminate/Routing/Route.php(212): Illuminate/Routing/Route->runController()
#17 C:/Users/Lidiya Getale/Herd/immigrationknowhow/vendor/laravel/framework/src/Illuminate/Routing/Router.php(808): Illuminate/Routing/Route->run()
#18 C:/Users/Lidiya Getale/Herd/immigrationknowhow/vendor/laravel/framework/src/Illuminate/Pipeline/Pipeline.php(170): Illuminate/Routing/Router->{closure:Illuminate/Routing/Router::runRouteWithinStack():807}(Object(Illuminate/Http/Request))
#19 C:/Users/Lidiya Getale/Herd/immigrationknowhow/app/Http/Middleware/EnsureOnboardingComplete.php(30): Illuminate/Pipeline/Pipeline->{closure:Illuminate/Pipeline/Pipeline::prepareDestination():168}(Object(Illuminate/Http/Request))
#20 C:/Users/Lidiya Getale/Herd/immigrationknowhow/vendor/laravel/framework/src/Illuminate/Pipeline/Pipeline.php(209): App/Http/Middleware/EnsureOnboardingComplete->handle(Object(Illuminate/Http/Request), Object(Closure))
#21 C:/Users/Lidiya Getale/Herd/immigrationknowhow/vendor/spatie/laravel-permission/src/Middleware/RoleMiddleware.php(37): Illuminate/Pipeline/Pipeline->{closure:{closure:Illuminate/Pipeline/Pipeline::carry():184}:185}(Object(Illuminate/Http/Request))
#22 C:/Users/Lidiya Getale/Herd/immigrationknowhow/vendor/laravel/framework/src/Illuminate/Pipeline/Pipeline.php(209): Spatie/Permission/Middleware/RoleMiddleware->handle(Object(Illuminate/Http/Request), Object(Closure), 'provider')
#23 C:/Users/Lidiya Getale/Herd/immigrationknowhow/vendor/inertiajs/inertia-laravel/src/Middleware.php(87): Illuminate/Pipeline/Pipeline->{closure:{closure:Illuminate/Pipeline/Pipeline::carry():184}:185}(Object(Illuminate/Http/Request))
#24 C:/Users/Lidiya Getale/Herd/immigrationknowhow/vendor/laravel/framework/src/Illuminate/Pipeline/Pipeline.php(209): Inertia/Middleware->handle(Object(Illuminate/Http/Request), Object(Closure))
#25 C:/Users/Lidiya Getale/Herd/immigrationknowhow/vendor/laravel/framework/src/Illuminate/Routing/Middleware/SubstituteBindings.php(51): Illuminate/Pipeline/Pipeline->{closure:{closure:Illuminate/Pipeline/Pipeline::carry():184}:185}(Object(Illuminate/Http/Request))
#26 C:/Users/Lidiya Getale/Herd/immigrationknowhow/vendor/laravel/framework/src/Illuminate/Pipeline/Pipeline.php(209): Illuminate/Routing/Middleware/SubstituteBindings->handle(Object(Illuminate/Http/Request), Object(Closure))
#27 C:/Users/Lidiya Getale/Herd/immigrationknowhow/vendor/laravel/framework/src/Illuminate/Auth/Middleware/Authenticate.php(64): Illuminate/Pipeline/Pipeline->{closure:{closure:Illuminate/Pipeline/Pipeline::carry():184}:185}(Object(Illuminate/Http/Request))
#28 C:/Users/Lidiya Getale/Herd/immigrationknowhow/vendor/laravel/framework/src/Illuminate/Pipeline/Pipeline.php(209): Illuminate/Auth/Middleware/Authenticate->handle(Object(Illuminate/Http/Request), Object(Closure))
#29 C:/Users/Lidiya Getale/Herd/immigrationknowhow/vendor/laravel/framework/src/Illuminate/Foundation/Http/Middleware/VerifyCsrfToken.php(88): Illuminate/Pipeline/Pipeline->{closure:{closure:Illuminate/Pipeline/Pipeline::carry():184}:185}(Object(Illuminate/Http/Request))
#30 C:/Users/Lidiya Getale/Herd/immigrationknowhow/vendor/laravel/framework/src/Illuminate/Pipeline/Pipeline.php(209): Illuminate/Foundation/Http/Middleware/VerifyCsrfToken->handle(Object(Illuminate/Http/Request), Object(Closure))
#31 C:/Users/Lidiya Getale/Herd/immigrationknowhow/vendor/laravel/framework/src/Illuminate/View/Middleware/ShareErrorsFromSession.php(49): Illuminate/Pipeline/Pipeline->{closure:{closure:Illuminate/Pipeline/Pipeline::carry():184}:185}(Object(Illuminate/Http/Request))
#32 C:/Users/Lidiya Getale/Herd/immigrationknowhow/vendor/laravel/framework/src/Illuminate/Pipeline/Pipeline.php(209): Illuminate/View/Middleware/ShareErrorsFromSession->handle(Object(Illuminate/Http/Request), Object(Closure))
#33 C:/Users/Lidiya Getale/Herd/immigrationknowhow/vendor/laravel/framework/src/Illuminate/Session/Middleware/StartSession.php(121): Illuminate/Pipeline/Pipeline->{closure:{closure:Illuminate/Pipeline/Pipeline::carry():184}:185}(Object(Illuminate/Http/Request))
#34 C:/Users/Lidiya Getale/Herd/immigrationknowhow/vendor/laravel/framework/src/Illuminate/Session/Middleware/StartSession.php(64): Illuminate/Session/Middleware/StartSession->handleStatefulRequest(Object(Illuminate/Http/Request), Object(Illuminate/Session/Store), Object(Closure))
#35 C:/Users/Lidiya Getale/Herd/immigrationknowhow/vendor/laravel/framework/src/Illuminate/Pipeline/Pipeline.php(209): Illuminate/Session/Middleware/StartSession->handle(Object(Illuminate/Http/Request), Object(Closure))
#36 C:/Users/Lidiya Getale/Herd/immigrationknowhow/vendor/laravel/framework/src/Illuminate/Cookie/Middleware/AddQueuedCookiesToResponse.php(37): Illuminate/Pipeline/Pipeline->{closure:{closure:Illuminate/Pipeline/Pipeline::carry():184}:185}(Object(Illuminate/Http/Request))
#37 C:/Users/Lidiya Getale/Herd/immigrationknowhow/vendor/laravel/framework/src/Illuminate/Pipeline/Pipeline.php(209): Illuminate/Cookie/Middleware/AddQueuedCookiesToResponse->handle(Object(Illuminate/Http/Request), Object(Closure))
#38 C:/Users/Lidiya Getale/Herd/immigrationknowhow/vendor/laravel/framework/src/Illuminate/Cookie/Middleware/EncryptCookies.php(75): Illuminate/Pipeline/Pipeline->{closure:{closure:Illuminate/Pipeline/Pipeline::carry():184}:185}(Object(Illuminate/Http/Request))
#39 C:/Users/Lidiya Getale/Herd/immigrationknowhow/vendor/laravel/framework/src/Illuminate/Pipeline/Pipeline.php(209): Illuminate/Cookie/Middleware/EncryptCookies->handle(Object(Illuminate/Http/Request), Object(Closure))
#40 C:/Users/Lidiya Getale/Herd/immigrationknowhow/vendor/laravel/framework/src/Illuminate/Pipeline/Pipeline.php(127): Illuminate/Pipeline/Pipeline->{closure:{closure:Illuminate/Pipeline/Pipeline::carry():184}:185}(Object(Illuminate/Http/Request))
#41 C:/Users/Lidiya Getale/Herd/immigrationknowhow/vendor/laravel/framework/src/Illuminate/Routing/Router.php(807): Illuminate/Pipeline/Pipeline->then(Object(Closure))
#42 C:/Users/Lidiya Getale/Herd/immigrationknowhow/vendor/laravel/framework/src/Illuminate/Routing/Router.php(786): Illuminate/Routing/Router->runRouteWithinStack(Object(Illuminate/Routing/Route), Object(Illuminate/Http/Request))
#43 C:/Users/Lidiya Getale/Herd/immigrationknowhow/vendor/laravel/framework/src/Illuminate/Routing/Router.php(750): Illuminate/Routing/Router->runRoute(Object(Illuminate/Http/Request), Object(Illuminate/Routing/Route))
#44 C:/Users/Lidiya Getale/Herd/immigrationknowhow/vendor/laravel/framework/src/Illuminate/Routing/Router.php(739): Illuminate/Routing/Router->dispatchToRoute(Object(Illuminate/Http/Request))
#45 C:/Users/Lidiya Getale/Herd/immigrationknowhow/vendor/laravel/framework/src/Illuminate/Foundation/Http/Kernel.php(201): Illuminate/Routing/Router->dispatch(Object(Illuminate/Http/Request))
#46 C:/Users/Lidiya Getale/Herd/immigrationknowhow/vendor/laravel/framework/src/Illuminate/Pipeline/Pipeline.php(170): Illuminate/Foundation/Http/Kernel->{closure:Illuminate/Foundation/Http/Kernel::dispatchToRouter():198}(Object(Illuminate/Http/Request))
#47 C:/Users/Lidiya Getale/Herd/immigrationknowhow/vendor/laravel/framework/src/Illuminate/Foundation/Http/Middleware/TransformsRequest.php(21): Illuminate/Pipeline/Pipeline->{closure:Illuminate/Pipeline/Pipeline::prepareDestination():168}(Object(Illuminate/Http/Request))
#48 C:/Users/Lidiya Getale/Herd/immigrationknowhow/vendor/laravel/framework/src/Illuminate/Foundation/Http/Middleware/ConvertEmptyStringsToNull.php(31): Illuminate/Foundation/Http/Middleware/TransformsRequest->handle(Object(Illuminate/Http/Request), Object(Closure))
#49 C:/Users/Lidiya Getale/Herd/immigrationknowhow/vendor/laravel/framework/src/Illuminate/Pipeline/Pipeline.php(209): Illuminate/Foundation/Http/Middleware/ConvertEmptyStringsToNull->handle(Object(Illuminate/Http/Request), Object(Closure))
#50 C:/Users/Lidiya Getale/Herd/immigrationknowhow/vendor/laravel/framework/src/Illuminate/Foundation/Http/Middleware/TransformsRequest.php(21): Illuminate/Pipeline/Pipeline->{closure:{closure:Illuminate/Pipeline/Pipeline::carry():184}:185}(Object(Illuminate/Http/Request))
#51 C:/Users/Lidiya Getale/Herd/immigrationknowhow/vendor/laravel/framework/src/Illuminate/Foundation/Http/Middleware/TrimStrings.php(51): Illuminate/Foundation/Http/Middleware/TransformsRequest->handle(Object(Illuminate/Http/Request), Object(Closure))
#52 C:/Users/Lidiya Getale/Herd/immigrationknowhow/vendor/laravel/framework/src/Illuminate/Pipeline/Pipeline.php(209): Illuminate/Foundation/Http/Middleware/TrimStrings->handle(Object(Illuminate/Http/Request), Object(Closure))
#53 C:/Users/Lidiya Getale/Herd/immigrationknowhow/vendor/laravel/framework/src/Illuminate/Http/Middleware/ValidatePostSize.php(27): Illuminate/Pipeline/Pipeline->{closure:{closure:Illuminate/Pipeline/Pipeline::carry():184}:185}(Object(Illuminate/Http/Request))
#54 C:/Users/Lidiya Getale/Herd/immigrationknowhow/vendor/laravel/framework/src/Illuminate/Pipeline/Pipeline.php(209): Illuminate/Http/Middleware/ValidatePostSize->handle(Object(Illuminate/Http/Request), Object(Closure))
#55 C:/Users/Lidiya Getale/Herd/immigrationknowhow/vendor/laravel/framework/src/Illuminate/Foundation/Http/Middleware/PreventRequestsDuringMaintenance.php(110): Illuminate/Pipeline/Pipeline->{closure:{closure:Illuminate/Pipeline/Pipeline::carry():184}:185}(Object(Illuminate/Http/Request))
#56 C:/Users/Lidiya Getale/Herd/immigrationknowhow/vendor/laravel/framework/src/Illuminate/Pipeline/Pipeline.php(209): Illuminate/Foundation/Http/Middleware/PreventRequestsDuringMaintenance->handle(Object(Illuminate/Http/Request), Object(Closure))
#57 C:/Users/Lidiya Getale/Herd/immigrationknowhow/vendor/laravel/framework/src/Illuminate/Http/Middleware/HandleCors.php(49): Illuminate/Pipeline/Pipeline->{closure:{closure:Illuminate/Pipeline/Pipeline::carry():184}:185}(Object(Illuminate/Http/Request))
#58 C:/Users/Lidiya Getale/Herd/immigrationknowhow/vendor/laravel/framework/src/Illuminate/Pipeline/Pipeline.php(209): Illuminate/Http/Middleware/HandleCors->handle(Object(Illuminate/Http/Request), Object(Closure))
#59 C:/Users/Lidiya Getale/Herd/immigrationknowhow/vendor/laravel/framework/src/Illuminate/Http/Middleware/TrustProxies.php(58): Illuminate/Pipeline/Pipeline->{closure:{closure:Illuminate/Pipeline/Pipeline::carry():184}:185}(Object(Illuminate/Http/Request))
#60 C:/Users/Lidiya Getale/Herd/immigrationknowhow/vendor/laravel/framework/src/Illuminate/Pipeline/Pipeline.php(209): Illuminate/Http/Middleware/TrustProxies->handle(Object(Illuminate/Http/Request), Object(Closure))
#61 C:/Users/Lidiya Getale/Herd/immigrationknowhow/vendor/laravel/framework/src/Illuminate/Foundation/Http/Middleware/InvokeDeferredCallbacks.php(22): Illuminate/Pipeline/Pipeline->{closure:{closure:Illuminate/Pipeline/Pipeline::carry():184}:185}(Object(Illuminate/Http/Request))
#62 C:/Users/Lidiya Getale/Herd/immigrationknowhow/vendor/laravel/framework/src/Illuminate/Pipeline/Pipeline.php(209): Illuminate/Foundation/Http/Middleware/InvokeDeferredCallbacks->handle(Object(Illuminate/Http/Request), Object(Closure))
#63 C:/Users/Lidiya Getale/Herd/immigrationknowhow/vendor/laravel/framework/src/Illuminate/Pipeline/Pipeline.php(127): Illuminate/Pipeline/Pipeline->{closure:{closure:Illuminate/Pipeline/Pipeline::carry():184}:185}(Object(Illuminate/Http/Request))
#64 C:/Users/Lidiya Getale/Herd/immigrationknowhow/vendor/laravel/framework/src/Illuminate/Foundation/Http/Kernel.php(176): Illuminate/Pipeline/Pipeline->then(Object(Closure))
#65 C:/Users/Lidiya Getale/Herd/immigrationknowhow/vendor/laravel/framework/src/Illuminate/Foundation/Http/Kernel.php(145): Illuminate/Foundation/Http/Kernel->sendRequestThroughRouter(Object(Illuminate/Http/Request))
#66 C:/Users/Lidiya Getale/Herd/immigrationknowhow/vendor/laravel/framework/src/Illuminate/Foundation/Application.php(1220): Illuminate/Foundation/Http/Kernel->handle(Object(Illuminate/Http/Request))
#67 C:/Users/Lidiya Getale/Herd/immigrationknowhow/public/index.php(17): Illuminate/Foundation/Application->handleRequest(Object(Illuminate/Http/Request))
#68 C:/Program Files/Herd/resources/app.asar.unpacked/resources/valet/server.php(139): require('C://Users//Lidiya...')
#69 {main}
"} 
<<<<<<< Updated upstream
[2026-04-09 19:30:05] local.INFO: AddressDetails show page opened. {"user_id":41,"route":"address-detail","ip":"127.0.0.1"} 
[2026-04-09 19:32:49] local.ERROR: SQLSTATE[23000]: Integrity constraint violation: 1052 Column 'conversation_id' in field list is ambiguous (Connection: mysql, SQL: select `id`, `conversation_id`, `sender_id`, `body`, `created_at` from `messages` inner join (select MAX(`messages`.`id`) as `id_aggregate`, `messages`.`conversation_id` from `messages` where `messages`.`conversation_id` in (1) and `messages`.`deleted_at` is null group by `messages`.`conversation_id`) as `latestOfMany` on `latestOfMany`.`id_aggregate` = `messages`.`id` and `latestOfMany`.`conversation_id` = `messages`.`conversation_id` where `messages`.`deleted_at` is null) {"userId":43,"exception":"[object] (Illuminate\\Database\\QueryException(code: 23000): SQLSTATE[23000]: Integrity constraint violation: 1052 Column 'conversation_id' in field list is ambiguous (Connection: mysql, SQL: select `id`, `conversation_id`, `sender_id`, `body`, `created_at` from `messages` inner join (select MAX(`messages`.`id`) as `id_aggregate`, `messages`.`conversation_id` from `messages` where `messages`.`conversation_id` in (1) and `messages`.`deleted_at` is null group by `messages`.`conversation_id`) as `latestOfMany` on `latestOfMany`.`id_aggregate` = `messages`.`id` and `latestOfMany`.`conversation_id` = `messages`.`conversation_id` where `messages`.`deleted_at` is null) at C:/Users/Lidiya Getale/Herd/immigrationknowhow/vendor/laravel/framework/src/Illuminate/Database/Connection.php:825)
[stacktrace]
#0 C:/Users/Lidiya Getale/Herd/immigrationknowhow/vendor/laravel/framework/src/Illuminate/Database/Connection.php(779): Illuminate/Database/Connection->runQueryCallback('select `id`, `c...', Array, Object(Closure))
#1 C:/Users/Lidiya Getale/Herd/immigrationknowhow/vendor/laravel/framework/src/Illuminate/Database/Connection.php(398): Illuminate/Database/Connection->run('select `id`, `c...', Array, Object(Closure))
#2 C:/Users/Lidiya Getale/Herd/immigrationknowhow/vendor/laravel/framework/src/Illuminate/Database/Query/Builder.php(3106): Illuminate/Database/Connection->select('select `id`, `c...', Array, true)
#3 C:/Users/Lidiya Getale/Herd/immigrationknowhow/vendor/laravel/framework/src/Illuminate/Database/Query/Builder.php(3091): Illuminate/Database/Query/Builder->runSelect()
#4 C:/Users/Lidiya Getale/Herd/immigrationknowhow/vendor/laravel/framework/src/Illuminate/Database/Query/Builder.php(3676): Illuminate/Database/Query/Builder->{closure:Illuminate/Database/Query/Builder::get():3090}()
#5 C:/Users/Lidiya Getale/Herd/immigrationknowhow/vendor/laravel/framework/src/Illuminate/Database/Query/Builder.php(3090): Illuminate/Database/Query/Builder->onceWithColumns(Array, Object(Closure))
#6 C:/Users/Lidiya Getale/Herd/immigrationknowhow/vendor/laravel/framework/src/Illuminate/Database/Eloquent/Builder.php(811): Illuminate/Database/Query/Builder->get(Array)
#7 C:/Users/Lidiya Getale/Herd/immigrationknowhow/vendor/laravel/framework/src/Illuminate/Database/Eloquent/Builder.php(793): Illuminate/Database/Eloquent/Builder->getModels(Array)
#8 C:/Users/Lidiya Getale/Herd/immigrationknowhow/vendor/laravel/framework/src/Illuminate/Database/Eloquent/Relations/Relation.php(213): Illuminate/Database/Eloquent/Builder->get(Array)
#9 C:/Users/Lidiya Getale/Herd/immigrationknowhow/vendor/laravel/framework/src/Illuminate/Database/Eloquent/Relations/Relation.php(176): Illuminate/Database/Eloquent/Relations/Relation->get()
#10 C:/Users/Lidiya Getale/Herd/immigrationknowhow/vendor/laravel/framework/src/Illuminate/Database/Eloquent/Builder.php(859): Illuminate/Database/Eloquent/Relations/Relation->getEager()
#11 C:/Users/Lidiya Getale/Herd/immigrationknowhow/vendor/laravel/framework/src/Illuminate/Database/Eloquent/Builder.php(828): Illuminate/Database/Eloquent/Builder->eagerLoadRelation(Array, 'latestMessage', Object(Closure))
#12 C:/Users/Lidiya Getale/Herd/immigrationknowhow/vendor/laravel/framework/src/Illuminate/Database/Eloquent/Builder.php(794): Illuminate/Database/Eloquent/Builder->eagerLoadRelations(Array)
#13 C:/Users/Lidiya Getale/Herd/immigrationknowhow/vendor/laravel/framework/src/Illuminate/Database/Eloquent/Builder.php(1034): Illuminate/Database/Eloquent/Builder->get(Array)
#14 C:/Users/Lidiya Getale/Herd/immigrationknowhow/app/Http/Controllers/MessagingController.php(35): Illuminate/Database/Eloquent/Builder->paginate(20)
#15 C:/Users/Lidiya Getale/Herd/immigrationknowhow/vendor/laravel/framework/src/Illuminate/Routing/ControllerDispatcher.php(47): App/Http/Controllers/MessagingController->index(Object(Illuminate/Http/Request))
#16 C:/Users/Lidiya Getale/Herd/immigrationknowhow/vendor/laravel/framework/src/Illuminate/Routing/Route.php(266): Illuminate/Routing/ControllerDispatcher->dispatch(Object(Illuminate/Routing/Route), Object(App/Http/Controllers/MessagingController), 'index')
#17 C:/Users/Lidiya Getale/Herd/immigrationknowhow/vendor/laravel/framework/src/Illuminate/Routing/Route.php(212): Illuminate/Routing/Route->runController()
#18 C:/Users/Lidiya Getale/Herd/immigrationknowhow/vendor/laravel/framework/src/Illuminate/Routing/Router.php(808): Illuminate/Routing/Route->run()
#19 C:/Users/Lidiya Getale/Herd/immigrationknowhow/vendor/laravel/framework/src/Illuminate/Pipeline/Pipeline.php(170): Illuminate/Routing/Router->{closure:Illuminate/Routing/Router::runRouteWithinStack():807}(Object(Illuminate/Http/Request))
#20 C:/Users/Lidiya Getale/Herd/immigrationknowhow/app/Http/Middleware/EnsureOnboardingComplete.php(30): Illuminate/Pipeline/Pipeline->{closure:Illuminate/Pipeline/Pipeline::prepareDestination():168}(Object(Illuminate/Http/Request))
#21 C:/Users/Lidiya Getale/Herd/immigrationknowhow/vendor/laravel/framework/src/Illuminate/Pipeline/Pipeline.php(209): App/Http/Middleware/EnsureOnboardingComplete->handle(Object(Illuminate/Http/Request), Object(Closure))
#22 C:/Users/Lidiya Getale/Herd/immigrationknowhow/vendor/inertiajs/inertia-laravel/src/Middleware.php(87): Illuminate/Pipeline/Pipeline->{closure:{closure:Illuminate/Pipeline/Pipeline::carry():184}:185}(Object(Illuminate/Http/Request))
#23 C:/Users/Lidiya Getale/Herd/immigrationknowhow/vendor/laravel/framework/src/Illuminate/Pipeline/Pipeline.php(209): Inertia/Middleware->handle(Object(Illuminate/Http/Request), Object(Closure))
#24 C:/Users/Lidiya Getale/Herd/immigrationknowhow/vendor/laravel/framework/src/Illuminate/Routing/Middleware/SubstituteBindings.php(51): Illuminate/Pipeline/Pipeline->{closure:{closure:Illuminate/Pipeline/Pipeline::carry():184}:185}(Object(Illuminate/Http/Request))
#25 C:/Users/Lidiya Getale/Herd/immigrationknowhow/vendor/laravel/framework/src/Illuminate/Pipeline/Pipeline.php(209): Illuminate/Routing/Middleware/SubstituteBindings->handle(Object(Illuminate/Http/Request), Object(Closure))
#26 C:/Users/Lidiya Getale/Herd/immigrationknowhow/vendor/laravel/framework/src/Illuminate/Auth/Middleware/Authenticate.php(64): Illuminate/Pipeline/Pipeline->{closure:{closure:Illuminate/Pipeline/Pipeline::carry():184}:185}(Object(Illuminate/Http/Request))
#27 C:/Users/Lidiya Getale/Herd/immigrationknowhow/vendor/laravel/framework/src/Illuminate/Pipeline/Pipeline.php(209): Illuminate/Auth/Middleware/Authenticate->handle(Object(Illuminate/Http/Request), Object(Closure))
#28 C:/Users/Lidiya Getale/Herd/immigrationknowhow/vendor/laravel/framework/src/Illuminate/Foundation/Http/Middleware/VerifyCsrfToken.php(88): Illuminate/Pipeline/Pipeline->{closure:{closure:Illuminate/Pipeline/Pipeline::carry():184}:185}(Object(Illuminate/Http/Request))
#29 C:/Users/Lidiya Getale/Herd/immigrationknowhow/vendor/laravel/framework/src/Illuminate/Pipeline/Pipeline.php(209): Illuminate/Foundation/Http/Middleware/VerifyCsrfToken->handle(Object(Illuminate/Http/Request), Object(Closure))
#30 C:/Users/Lidiya Getale/Herd/immigrationknowhow/vendor/laravel/framework/src/Illuminate/View/Middleware/ShareErrorsFromSession.php(49): Illuminate/Pipeline/Pipeline->{closure:{closure:Illuminate/Pipeline/Pipeline::carry():184}:185}(Object(Illuminate/Http/Request))
#31 C:/Users/Lidiya Getale/Herd/immigrationknowhow/vendor/laravel/framework/src/Illuminate/Pipeline/Pipeline.php(209): Illuminate/View/Middleware/ShareErrorsFromSession->handle(Object(Illuminate/Http/Request), Object(Closure))
#32 C:/Users/Lidiya Getale/Herd/immigrationknowhow/vendor/laravel/framework/src/Illuminate/Session/Middleware/StartSession.php(121): Illuminate/Pipeline/Pipeline->{closure:{closure:Illuminate/Pipeline/Pipeline::carry():184}:185}(Object(Illuminate/Http/Request))
#33 C:/Users/Lidiya Getale/Herd/immigrationknowhow/vendor/laravel/framework/src/Illuminate/Session/Middleware/StartSession.php(64): Illuminate/Session/Middleware/StartSession->handleStatefulRequest(Object(Illuminate/Http/Request), Object(Illuminate/Session/Store), Object(Closure))
#34 C:/Users/Lidiya Getale/Herd/immigrationknowhow/vendor/laravel/framework/src/Illuminate/Pipeline/Pipeline.php(209): Illuminate/Session/Middleware/StartSession->handle(Object(Illuminate/Http/Request), Object(Closure))
#35 C:/Users/Lidiya Getale/Herd/immigrationknowhow/vendor/laravel/framework/src/Illuminate/Cookie/Middleware/AddQueuedCookiesToResponse.php(37): Illuminate/Pipeline/Pipeline->{closure:{closure:Illuminate/Pipeline/Pipeline::carry():184}:185}(Object(Illuminate/Http/Request))
#36 C:/Users/Lidiya Getale/Herd/immigrationknowhow/vendor/laravel/framework/src/Illuminate/Pipeline/Pipeline.php(209): Illuminate/Cookie/Middleware/AddQueuedCookiesToResponse->handle(Object(Illuminate/Http/Request), Object(Closure))
#37 C:/Users/Lidiya Getale/Herd/immigrationknowhow/vendor/laravel/framework/src/Illuminate/Cookie/Middleware/EncryptCookies.php(75): Illuminate/Pipeline/Pipeline->{closure:{closure:Illuminate/Pipeline/Pipeline::carry():184}:185}(Object(Illuminate/Http/Request))
#38 C:/Users/Lidiya Getale/Herd/immigrationknowhow/vendor/laravel/framework/src/Illuminate/Pipeline/Pipeline.php(209): Illuminate/Cookie/Middleware/EncryptCookies->handle(Object(Illuminate/Http/Request), Object(Closure))
#39 C:/Users/Lidiya Getale/Herd/immigrationknowhow/vendor/laravel/framework/src/Illuminate/Pipeline/Pipeline.php(127): Illuminate/Pipeline/Pipeline->{closure:{closure:Illuminate/Pipeline/Pipeline::carry():184}:185}(Object(Illuminate/Http/Request))
#40 C:/Users/Lidiya Getale/Herd/immigrationknowhow/vendor/laravel/framework/src/Illuminate/Routing/Router.php(807): Illuminate/Pipeline/Pipeline->then(Object(Closure))
#41 C:/Users/Lidiya Getale/Herd/immigrationknowhow/vendor/laravel/framework/src/Illuminate/Routing/Router.php(786): Illuminate/Routing/Router->runRouteWithinStack(Object(Illuminate/Routing/Route), Object(Illuminate/Http/Request))
#42 C:/Users/Lidiya Getale/Herd/immigrationknowhow/vendor/laravel/framework/src/Illuminate/Routing/Router.php(750): Illuminate/Routing/Router->runRoute(Object(Illuminate/Http/Request), Object(Illuminate/Routing/Route))
#43 C:/Users/Lidiya Getale/Herd/immigrationknowhow/vendor/laravel/framework/src/Illuminate/Routing/Router.php(739): Illuminate/Routing/Router->dispatchToRoute(Object(Illuminate/Http/Request))
#44 C:/Users/Lidiya Getale/Herd/immigrationknowhow/vendor/laravel/framework/src/Illuminate/Foundation/Http/Kernel.php(201): Illuminate/Routing/Router->dispatch(Object(Illuminate/Http/Request))
#45 C:/Users/Lidiya Getale/Herd/immigrationknowhow/vendor/laravel/framework/src/Illuminate/Pipeline/Pipeline.php(170): Illuminate/Foundation/Http/Kernel->{closure:Illuminate/Foundation/Http/Kernel::dispatchToRouter():198}(Object(Illuminate/Http/Request))
#46 C:/Users/Lidiya Getale/Herd/immigrationknowhow/vendor/laravel/framework/src/Illuminate/Foundation/Http/Middleware/TransformsRequest.php(21): Illuminate/Pipeline/Pipeline->{closure:Illuminate/Pipeline/Pipeline::prepareDestination():168}(Object(Illuminate/Http/Request))
#47 C:/Users/Lidiya Getale/Herd/immigrationknowhow/vendor/laravel/framework/src/Illuminate/Foundation/Http/Middleware/ConvertEmptyStringsToNull.php(31): Illuminate/Foundation/Http/Middleware/TransformsRequest->handle(Object(Illuminate/Http/Request), Object(Closure))
#48 C:/Users/Lidiya Getale/Herd/immigrationknowhow/vendor/laravel/framework/src/Illuminate/Pipeline/Pipeline.php(209): Illuminate/Foundation/Http/Middleware/ConvertEmptyStringsToNull->handle(Object(Illuminate/Http/Request), Object(Closure))
#49 C:/Users/Lidiya Getale/Herd/immigrationknowhow/vendor/laravel/framework/src/Illuminate/Foundation/Http/Middleware/TransformsRequest.php(21): Illuminate/Pipeline/Pipeline->{closure:{closure:Illuminate/Pipeline/Pipeline::carry():184}:185}(Object(Illuminate/Http/Request))
#50 C:/Users/Lidiya Getale/Herd/immigrationknowhow/vendor/laravel/framework/src/Illuminate/Foundation/Http/Middleware/TrimStrings.php(51): Illuminate/Foundation/Http/Middleware/TransformsRequest->handle(Object(Illuminate/Http/Request), Object(Closure))
#51 C:/Users/Lidiya Getale/Herd/immigrationknowhow/vendor/laravel/framework/src/Illuminate/Pipeline/Pipeline.php(209): Illuminate/Foundation/Http/Middleware/TrimStrings->handle(Object(Illuminate/Http/Request), Object(Closure))
#52 C:/Users/Lidiya Getale/Herd/immigrationknowhow/vendor/laravel/framework/src/Illuminate/Http/Middleware/ValidatePostSize.php(27): Illuminate/Pipeline/Pipeline->{closure:{closure:Illuminate/Pipeline/Pipeline::carry():184}:185}(Object(Illuminate/Http/Request))
#53 C:/Users/Lidiya Getale/Herd/immigrationknowhow/vendor/laravel/framework/src/Illuminate/Pipeline/Pipeline.php(209): Illuminate/Http/Middleware/ValidatePostSize->handle(Object(Illuminate/Http/Request), Object(Closure))
#54 C:/Users/Lidiya Getale/Herd/immigrationknowhow/vendor/laravel/framework/src/Illuminate/Foundation/Http/Middleware/PreventRequestsDuringMaintenance.php(110): Illuminate/Pipeline/Pipeline->{closure:{closure:Illuminate/Pipeline/Pipeline::carry():184}:185}(Object(Illuminate/Http/Request))
#55 C:/Users/Lidiya Getale/Herd/immigrationknowhow/vendor/laravel/framework/src/Illuminate/Pipeline/Pipeline.php(209): Illuminate/Foundation/Http/Middleware/PreventRequestsDuringMaintenance->handle(Object(Illuminate/Http/Request), Object(Closure))
#56 C:/Users/Lidiya Getale/Herd/immigrationknowhow/vendor/laravel/framework/src/Illuminate/Http/Middleware/HandleCors.php(49): Illuminate/Pipeline/Pipeline->{closure:{closure:Illuminate/Pipeline/Pipeline::carry():184}:185}(Object(Illuminate/Http/Request))
#57 C:/Users/Lidiya Getale/Herd/immigrationknowhow/vendor/laravel/framework/src/Illuminate/Pipeline/Pipeline.php(209): Illuminate/Http/Middleware/HandleCors->handle(Object(Illuminate/Http/Request), Object(Closure))
#58 C:/Users/Lidiya Getale/Herd/immigrationknowhow/vendor/laravel/framework/src/Illuminate/Http/Middleware/TrustProxies.php(58): Illuminate/Pipeline/Pipeline->{closure:{closure:Illuminate/Pipeline/Pipeline::carry():184}:185}(Object(Illuminate/Http/Request))
#59 C:/Users/Lidiya Getale/Herd/immigrationknowhow/vendor/laravel/framework/src/Illuminate/Pipeline/Pipeline.php(209): Illuminate/Http/Middleware/TrustProxies->handle(Object(Illuminate/Http/Request), Object(Closure))
#60 C:/Users/Lidiya Getale/Herd/immigrationknowhow/vendor/laravel/framework/src/Illuminate/Foundation/Http/Middleware/InvokeDeferredCallbacks.php(22): Illuminate/Pipeline/Pipeline->{closure:{closure:Illuminate/Pipeline/Pipeline::carry():184}:185}(Object(Illuminate/Http/Request))
#61 C:/Users/Lidiya Getale/Herd/immigrationknowhow/vendor/laravel/framework/src/Illuminate/Pipeline/Pipeline.php(209): Illuminate/Foundation/Http/Middleware/InvokeDeferredCallbacks->handle(Object(Illuminate/Http/Request), Object(Closure))
#62 C:/Users/Lidiya Getale/Herd/immigrationknowhow/vendor/laravel/framework/src/Illuminate/Pipeline/Pipeline.php(127): Illuminate/Pipeline/Pipeline->{closure:{closure:Illuminate/Pipeline/Pipeline::carry():184}:185}(Object(Illuminate/Http/Request))
#63 C:/Users/Lidiya Getale/Herd/immigrationknowhow/vendor/laravel/framework/src/Illuminate/Foundation/Http/Kernel.php(176): Illuminate/Pipeline/Pipeline->then(Object(Closure))
#64 C:/Users/Lidiya Getale/Herd/immigrationknowhow/vendor/laravel/framework/src/Illuminate/Foundation/Http/Kernel.php(145): Illuminate/Foundation/Http/Kernel->sendRequestThroughRouter(Object(Illuminate/Http/Request))
#65 C:/Users/Lidiya Getale/Herd/immigrationknowhow/vendor/laravel/framework/src/Illuminate/Foundation/Application.php(1220): Illuminate/Foundation/Http/Kernel->handle(Object(Illuminate/Http/Request))
#66 C:/Users/Lidiya Getale/Herd/immigrationknowhow/public/index.php(17): Illuminate/Foundation/Application->handleRequest(Object(Illuminate/Http/Request))
#67 C:/Program Files/Herd/resources/app.asar.unpacked/resources/valet/server.php(139): require('C://Users//Lidiya...')
#68 {main}

[previous exception] [object] (PDOException(code: 23000): SQLSTATE[23000]: Integrity constraint violation: 1052 Column 'conversation_id' in field list is ambiguous at C:/Users/Lidiya Getale/Herd/immigrationknowhow/vendor/laravel/framework/src/Illuminate/Database/Connection.php:407)
[stacktrace]
#0 C:/Users/Lidiya Getale/Herd/immigrationknowhow/vendor/laravel/framework/src/Illuminate/Database/Connection.php(407): PDO->prepare('select `id`, `c...')
#1 C:/Users/Lidiya Getale/Herd/immigrationknowhow/vendor/laravel/framework/src/Illuminate/Database/Connection.php(812): Illuminate/Database/Connection->{closure:Illuminate/Database/Connection::select():398}('select `id`, `c...', Array)
#2 C:/Users/Lidiya Getale/Herd/immigrationknowhow/vendor/laravel/framework/src/Illuminate/Database/Connection.php(779): Illuminate/Database/Connection->runQueryCallback('select `id`, `c...', Array, Object(Closure))
#3 C:/Users/Lidiya Getale/Herd/immigrationknowhow/vendor/laravel/framework/src/Illuminate/Database/Connection.php(398): Illuminate/Database/Connection->run('select `id`, `c...', Array, Object(Closure))
#4 C:/Users/Lidiya Getale/Herd/immigrationknowhow/vendor/laravel/framework/src/Illuminate/Database/Query/Builder.php(3106): Illuminate/Database/Connection->select('select `id`, `c...', Array, true)
#5 C:/Users/Lidiya Getale/Herd/immigrationknowhow/vendor/laravel/framework/src/Illuminate/Database/Query/Builder.php(3091): Illuminate/Database/Query/Builder->runSelect()
#6 C:/Users/Lidiya Getale/Herd/immigrationknowhow/vendor/laravel/framework/src/Illuminate/Database/Query/Builder.php(3676): Illuminate/Database/Query/Builder->{closure:Illuminate/Database/Query/Builder::get():3090}()
#7 C:/Users/Lidiya Getale/Herd/immigrationknowhow/vendor/laravel/framework/src/Illuminate/Database/Query/Builder.php(3090): Illuminate/Database/Query/Builder->onceWithColumns(Array, Object(Closure))
#8 C:/Users/Lidiya Getale/Herd/immigrationknowhow/vendor/laravel/framework/src/Illuminate/Database/Eloquent/Builder.php(811): Illuminate/Database/Query/Builder->get(Array)
#9 C:/Users/Lidiya Getale/Herd/immigrationknowhow/vendor/laravel/framework/src/Illuminate/Database/Eloquent/Builder.php(793): Illuminate/Database/Eloquent/Builder->getModels(Array)
#10 C:/Users/Lidiya Getale/Herd/immigrationknowhow/vendor/laravel/framework/src/Illuminate/Database/Eloquent/Relations/Relation.php(213): Illuminate/Database/Eloquent/Builder->get(Array)
#11 C:/Users/Lidiya Getale/Herd/immigrationknowhow/vendor/laravel/framework/src/Illuminate/Database/Eloquent/Relations/Relation.php(176): Illuminate/Database/Eloquent/Relations/Relation->get()
#12 C:/Users/Lidiya Getale/Herd/immigrationknowhow/vendor/laravel/framework/src/Illuminate/Database/Eloquent/Builder.php(859): Illuminate/Database/Eloquent/Relations/Relation->getEager()
#13 C:/Users/Lidiya Getale/Herd/immigrationknowhow/vendor/laravel/framework/src/Illuminate/Database/Eloquent/Builder.php(828): Illuminate/Database/Eloquent/Builder->eagerLoadRelation(Array, 'latestMessage', Object(Closure))
#14 C:/Users/Lidiya Getale/Herd/immigrationknowhow/vendor/laravel/framework/src/Illuminate/Database/Eloquent/Builder.php(794): Illuminate/Database/Eloquent/Builder->eagerLoadRelations(Array)
#15 C:/Users/Lidiya Getale/Herd/immigrationknowhow/vendor/laravel/framework/src/Illuminate/Database/Eloquent/Builder.php(1034): Illuminate/Database/Eloquent/Builder->get(Array)
#16 C:/Users/Lidiya Getale/Herd/immigrationknowhow/app/Http/Controllers/MessagingController.php(35): Illuminate/Database/Eloquent/Builder->paginate(20)
#17 C:/Users/Lidiya Getale/Herd/immigrationknowhow/vendor/laravel/framework/src/Illuminate/Routing/ControllerDispatcher.php(47): App/Http/Controllers/MessagingController->index(Object(Illuminate/Http/Request))
#18 C:/Users/Lidiya Getale/Herd/immigrationknowhow/vendor/laravel/framework/src/Illuminate/Routing/Route.php(266): Illuminate/Routing/ControllerDispatcher->dispatch(Object(Illuminate/Routing/Route), Object(App/Http/Controllers/MessagingController), 'index')
#19 C:/Users/Lidiya Getale/Herd/immigrationknowhow/vendor/laravel/framework/src/Illuminate/Routing/Route.php(212): Illuminate/Routing/Route->runController()
#20 C:/Users/Lidiya Getale/Herd/immigrationknowhow/vendor/laravel/framework/src/Illuminate/Routing/Router.php(808): Illuminate/Routing/Route->run()
#21 C:/Users/Lidiya Getale/Herd/immigrationknowhow/vendor/laravel/framework/src/Illuminate/Pipeline/Pipeline.php(170): Illuminate/Routing/Router->{closure:Illuminate/Routing/Router::runRouteWithinStack():807}(Object(Illuminate/Http/Request))
#22 C:/Users/Lidiya Getale/Herd/immigrationknowhow/app/Http/Middleware/EnsureOnboardingComplete.php(30): Illuminate/Pipeline/Pipeline->{closure:Illuminate/Pipeline/Pipeline::prepareDestination():168}(Object(Illuminate/Http/Request))
#23 C:/Users/Lidiya Getale/Herd/immigrationknowhow/vendor/laravel/framework/src/Illuminate/Pipeline/Pipeline.php(209): App/Http/Middleware/EnsureOnboardingComplete->handle(Object(Illuminate/Http/Request), Object(Closure))
#24 C:/Users/Lidiya Getale/Herd/immigrationknowhow/vendor/inertiajs/inertia-laravel/src/Middleware.php(87): Illuminate/Pipeline/Pipeline->{closure:{closure:Illuminate/Pipeline/Pipeline::carry():184}:185}(Object(Illuminate/Http/Request))
#25 C:/Users/Lidiya Getale/Herd/immigrationknowhow/vendor/laravel/framework/src/Illuminate/Pipeline/Pipeline.php(209): Inertia/Middleware->handle(Object(Illuminate/Http/Request), Object(Closure))
#26 C:/Users/Lidiya Getale/Herd/immigrationknowhow/vendor/laravel/framework/src/Illuminate/Routing/Middleware/SubstituteBindings.php(51): Illuminate/Pipeline/Pipeline->{closure:{closure:Illuminate/Pipeline/Pipeline::carry():184}:185}(Object(Illuminate/Http/Request))
#27 C:/Users/Lidiya Getale/Herd/immigrationknowhow/vendor/laravel/framework/src/Illuminate/Pipeline/Pipeline.php(209): Illuminate/Routing/Middleware/SubstituteBindings->handle(Object(Illuminate/Http/Request), Object(Closure))
#28 C:/Users/Lidiya Getale/Herd/immigrationknowhow/vendor/laravel/framework/src/Illuminate/Auth/Middleware/Authenticate.php(64): Illuminate/Pipeline/Pipeline->{closure:{closure:Illuminate/Pipeline/Pipeline::carry():184}:185}(Object(Illuminate/Http/Request))
#29 C:/Users/Lidiya Getale/Herd/immigrationknowhow/vendor/laravel/framework/src/Illuminate/Pipeline/Pipeline.php(209): Illuminate/Auth/Middleware/Authenticate->handle(Object(Illuminate/Http/Request), Object(Closure))
#30 C:/Users/Lidiya Getale/Herd/immigrationknowhow/vendor/laravel/framework/src/Illuminate/Foundation/Http/Middleware/VerifyCsrfToken.php(88): Illuminate/Pipeline/Pipeline->{closure:{closure:Illuminate/Pipeline/Pipeline::carry():184}:185}(Object(Illuminate/Http/Request))
#31 C:/Users/Lidiya Getale/Herd/immigrationknowhow/vendor/laravel/framework/src/Illuminate/Pipeline/Pipeline.php(209): Illuminate/Foundation/Http/Middleware/VerifyCsrfToken->handle(Object(Illuminate/Http/Request), Object(Closure))
#32 C:/Users/Lidiya Getale/Herd/immigrationknowhow/vendor/laravel/framework/src/Illuminate/View/Middleware/ShareErrorsFromSession.php(49): Illuminate/Pipeline/Pipeline->{closure:{closure:Illuminate/Pipeline/Pipeline::carry():184}:185}(Object(Illuminate/Http/Request))
#33 C:/Users/Lidiya Getale/Herd/immigrationknowhow/vendor/laravel/framework/src/Illuminate/Pipeline/Pipeline.php(209): Illuminate/View/Middleware/ShareErrorsFromSession->handle(Object(Illuminate/Http/Request), Object(Closure))
#34 C:/Users/Lidiya Getale/Herd/immigrationknowhow/vendor/laravel/framework/src/Illuminate/Session/Middleware/StartSession.php(121): Illuminate/Pipeline/Pipeline->{closure:{closure:Illuminate/Pipeline/Pipeline::carry():184}:185}(Object(Illuminate/Http/Request))
#35 C:/Users/Lidiya Getale/Herd/immigrationknowhow/vendor/laravel/framework/src/Illuminate/Session/Middleware/StartSession.php(64): Illuminate/Session/Middleware/StartSession->handleStatefulRequest(Object(Illuminate/Http/Request), Object(Illuminate/Session/Store), Object(Closure))
#36 C:/Users/Lidiya Getale/Herd/immigrationknowhow/vendor/laravel/framework/src/Illuminate/Pipeline/Pipeline.php(209): Illuminate/Session/Middleware/StartSession->handle(Object(Illuminate/Http/Request), Object(Closure))
#37 C:/Users/Lidiya Getale/Herd/immigrationknowhow/vendor/laravel/framework/src/Illuminate/Cookie/Middleware/AddQueuedCookiesToResponse.php(37): Illuminate/Pipeline/Pipeline->{closure:{closure:Illuminate/Pipeline/Pipeline::carry():184}:185}(Object(Illuminate/Http/Request))
#38 C:/Users/Lidiya Getale/Herd/immigrationknowhow/vendor/laravel/framework/src/Illuminate/Pipeline/Pipeline.php(209): Illuminate/Cookie/Middleware/AddQueuedCookiesToResponse->handle(Object(Illuminate/Http/Request), Object(Closure))
#39 C:/Users/Lidiya Getale/Herd/immigrationknowhow/vendor/laravel/framework/src/Illuminate/Cookie/Middleware/EncryptCookies.php(75): Illuminate/Pipeline/Pipeline->{closure:{closure:Illuminate/Pipeline/Pipeline::carry():184}:185}(Object(Illuminate/Http/Request))
#40 C:/Users/Lidiya Getale/Herd/immigrationknowhow/vendor/laravel/framework/src/Illuminate/Pipeline/Pipeline.php(209): Illuminate/Cookie/Middleware/EncryptCookies->handle(Object(Illuminate/Http/Request), Object(Closure))
#41 C:/Users/Lidiya Getale/Herd/immigrationknowhow/vendor/laravel/framework/src/Illuminate/Pipeline/Pipeline.php(127): Illuminate/Pipeline/Pipeline->{closure:{closure:Illuminate/Pipeline/Pipeline::carry():184}:185}(Object(Illuminate/Http/Request))
#42 C:/Users/Lidiya Getale/Herd/immigrationknowhow/vendor/laravel/framework/src/Illuminate/Routing/Router.php(807): Illuminate/Pipeline/Pipeline->then(Object(Closure))
#43 C:/Users/Lidiya Getale/Herd/immigrationknowhow/vendor/laravel/framework/src/Illuminate/Routing/Router.php(786): Illuminate/Routing/Router->runRouteWithinStack(Object(Illuminate/Routing/Route), Object(Illuminate/Http/Request))
#44 C:/Users/Lidiya Getale/Herd/immigrationknowhow/vendor/laravel/framework/src/Illuminate/Routing/Router.php(750): Illuminate/Routing/Router->runRoute(Object(Illuminate/Http/Request), Object(Illuminate/Routing/Route))
#45 C:/Users/Lidiya Getale/Herd/immigrationknowhow/vendor/laravel/framework/src/Illuminate/Routing/Router.php(739): Illuminate/Routing/Router->dispatchToRoute(Object(Illuminate/Http/Request))
#46 C:/Users/Lidiya Getale/Herd/immigrationknowhow/vendor/laravel/framework/src/Illuminate/Foundation/Http/Kernel.php(201): Illuminate/Routing/Router->dispatch(Object(Illuminate/Http/Request))
#47 C:/Users/Lidiya Getale/Herd/immigrationknowhow/vendor/laravel/framework/src/Illuminate/Pipeline/Pipeline.php(170): Illuminate/Foundation/Http/Kernel->{closure:Illuminate/Foundation/Http/Kernel::dispatchToRouter():198}(Object(Illuminate/Http/Request))
#48 C:/Users/Lidiya Getale/Herd/immigrationknowhow/vendor/laravel/framework/src/Illuminate/Foundation/Http/Middleware/TransformsRequest.php(21): Illuminate/Pipeline/Pipeline->{closure:Illuminate/Pipeline/Pipeline::prepareDestination():168}(Object(Illuminate/Http/Request))
#49 C:/Users/Lidiya Getale/Herd/immigrationknowhow/vendor/laravel/framework/src/Illuminate/Foundation/Http/Middleware/ConvertEmptyStringsToNull.php(31): Illuminate/Foundation/Http/Middleware/TransformsRequest->handle(Object(Illuminate/Http/Request), Object(Closure))
#50 C:/Users/Lidiya Getale/Herd/immigrationknowhow/vendor/laravel/framework/src/Illuminate/Pipeline/Pipeline.php(209): Illuminate/Foundation/Http/Middleware/ConvertEmptyStringsToNull->handle(Object(Illuminate/Http/Request), Object(Closure))
#51 C:/Users/Lidiya Getale/Herd/immigrationknowhow/vendor/laravel/framework/src/Illuminate/Foundation/Http/Middleware/TransformsRequest.php(21): Illuminate/Pipeline/Pipeline->{closure:{closure:Illuminate/Pipeline/Pipeline::carry():184}:185}(Object(Illuminate/Http/Request))
#52 C:/Users/Lidiya Getale/Herd/immigrationknowhow/vendor/laravel/framework/src/Illuminate/Foundation/Http/Middleware/TrimStrings.php(51): Illuminate/Foundation/Http/Middleware/TransformsRequest->handle(Object(Illuminate/Http/Request), Object(Closure))
#53 C:/Users/Lidiya Getale/Herd/immigrationknowhow/vendor/laravel/framework/src/Illuminate/Pipeline/Pipeline.php(209): Illuminate/Foundation/Http/Middleware/TrimStrings->handle(Object(Illuminate/Http/Request), Object(Closure))
#54 C:/Users/Lidiya Getale/Herd/immigrationknowhow/vendor/laravel/framework/src/Illuminate/Http/Middleware/ValidatePostSize.php(27): Illuminate/Pipeline/Pipeline->{closure:{closure:Illuminate/Pipeline/Pipeline::carry():184}:185}(Object(Illuminate/Http/Request))
#55 C:/Users/Lidiya Getale/Herd/immigrationknowhow/vendor/laravel/framework/src/Illuminate/Pipeline/Pipeline.php(209): Illuminate/Http/Middleware/ValidatePostSize->handle(Object(Illuminate/Http/Request), Object(Closure))
#56 C:/Users/Lidiya Getale/Herd/immigrationknowhow/vendor/laravel/framework/src/Illuminate/Foundation/Http/Middleware/PreventRequestsDuringMaintenance.php(110): Illuminate/Pipeline/Pipeline->{closure:{closure:Illuminate/Pipeline/Pipeline::carry():184}:185}(Object(Illuminate/Http/Request))
#57 C:/Users/Lidiya Getale/Herd/immigrationknowhow/vendor/laravel/framework/src/Illuminate/Pipeline/Pipeline.php(209): Illuminate/Foundation/Http/Middleware/PreventRequestsDuringMaintenance->handle(Object(Illuminate/Http/Request), Object(Closure))
#58 C:/Users/Lidiya Getale/Herd/immigrationknowhow/vendor/laravel/framework/src/Illuminate/Http/Middleware/HandleCors.php(49): Illuminate/Pipeline/Pipeline->{closure:{closure:Illuminate/Pipeline/Pipeline::carry():184}:185}(Object(Illuminate/Http/Request))
#59 C:/Users/Lidiya Getale/Herd/immigrationknowhow/vendor/laravel/framework/src/Illuminate/Pipeline/Pipeline.php(209): Illuminate/Http/Middleware/HandleCors->handle(Object(Illuminate/Http/Request), Object(Closure))
#60 C:/Users/Lidiya Getale/Herd/immigrationknowhow/vendor/laravel/framework/src/Illuminate/Http/Middleware/TrustProxies.php(58): Illuminate/Pipeline/Pipeline->{closure:{closure:Illuminate/Pipeline/Pipeline::carry():184}:185}(Object(Illuminate/Http/Request))
#61 C:/Users/Lidiya Getale/Herd/immigrationknowhow/vendor/laravel/framework/src/Illuminate/Pipeline/Pipeline.php(209): Illuminate/Http/Middleware/TrustProxies->handle(Object(Illuminate/Http/Request), Object(Closure))
#62 C:/Users/Lidiya Getale/Herd/immigrationknowhow/vendor/laravel/framework/src/Illuminate/Foundation/Http/Middleware/InvokeDeferredCallbacks.php(22): Illuminate/Pipeline/Pipeline->{closure:{closure:Illuminate/Pipeline/Pipeline::carry():184}:185}(Object(Illuminate/Http/Request))
#63 C:/Users/Lidiya Getale/Herd/immigrationknowhow/vendor/laravel/framework/src/Illuminate/Pipeline/Pipeline.php(209): Illuminate/Foundation/Http/Middleware/InvokeDeferredCallbacks->handle(Object(Illuminate/Http/Request), Object(Closure))
#64 C:/Users/Lidiya Getale/Herd/immigrationknowhow/vendor/laravel/framework/src/Illuminate/Pipeline/Pipeline.php(127): Illuminate/Pipeline/Pipeline->{closure:{closure:Illuminate/Pipeline/Pipeline::carry():184}:185}(Object(Illuminate/Http/Request))
#65 C:/Users/Lidiya Getale/Herd/immigrationknowhow/vendor/laravel/framework/src/Illuminate/Foundation/Http/Kernel.php(176): Illuminate/Pipeline/Pipeline->then(Object(Closure))
#66 C:/Users/Lidiya Getale/Herd/immigrationknowhow/vendor/laravel/framework/src/Illuminate/Foundation/Http/Kernel.php(145): Illuminate/Foundation/Http/Kernel->sendRequestThroughRouter(Object(Illuminate/Http/Request))
#67 C:/Users/Lidiya Getale/Herd/immigrationknowhow/vendor/laravel/framework/src/Illuminate/Foundation/Application.php(1220): Illuminate/Foundation/Http/Kernel->handle(Object(Illuminate/Http/Request))
#68 C:/Users/Lidiya Getale/Herd/immigrationknowhow/public/index.php(17): Illuminate/Foundation/Application->handleRequest(Object(Illuminate/Http/Request))
#69 C:/Program Files/Herd/resources/app.asar.unpacked/resources/valet/server.php(139): require('C://Users//Lidiya...')
#70 {main}
"} 
[2026-04-09 19:32:55] local.ERROR: SQLSTATE[23000]: Integrity constraint violation: 1052 Column 'conversation_id' in field list is ambiguous (Connection: mysql, SQL: select `id`, `conversation_id`, `sender_id`, `body`, `created_at` from `messages` inner join (select MAX(`messages`.`id`) as `id_aggregate`, `messages`.`conversation_id` from `messages` where `messages`.`conversation_id` in (1) and `messages`.`deleted_at` is null group by `messages`.`conversation_id`) as `latestOfMany` on `latestOfMany`.`id_aggregate` = `messages`.`id` and `latestOfMany`.`conversation_id` = `messages`.`conversation_id` where `messages`.`deleted_at` is null) {"userId":43,"exception":"[object] (Illuminate\\Database\\QueryException(code: 23000): SQLSTATE[23000]: Integrity constraint violation: 1052 Column 'conversation_id' in field list is ambiguous (Connection: mysql, SQL: select `id`, `conversation_id`, `sender_id`, `body`, `created_at` from `messages` inner join (select MAX(`messages`.`id`) as `id_aggregate`, `messages`.`conversation_id` from `messages` where `messages`.`conversation_id` in (1) and `messages`.`deleted_at` is null group by `messages`.`conversation_id`) as `latestOfMany` on `latestOfMany`.`id_aggregate` = `messages`.`id` and `latestOfMany`.`conversation_id` = `messages`.`conversation_id` where `messages`.`deleted_at` is null) at C:/Users/Lidiya Getale/Herd/immigrationknowhow/vendor/laravel/framework/src/Illuminate/Database/Connection.php:825)
[stacktrace]
#0 C:/Users/Lidiya Getale/Herd/immigrationknowhow/vendor/laravel/framework/src/Illuminate/Database/Connection.php(779): Illuminate/Database/Connection->runQueryCallback('select `id`, `c...', Array, Object(Closure))
#1 C:/Users/Lidiya Getale/Herd/immigrationknowhow/vendor/laravel/framework/src/Illuminate/Database/Connection.php(398): Illuminate/Database/Connection->run('select `id`, `c...', Array, Object(Closure))
#2 C:/Users/Lidiya Getale/Herd/immigrationknowhow/vendor/laravel/framework/src/Illuminate/Database/Query/Builder.php(3106): Illuminate/Database/Connection->select('select `id`, `c...', Array, true)
#3 C:/Users/Lidiya Getale/Herd/immigrationknowhow/vendor/laravel/framework/src/Illuminate/Database/Query/Builder.php(3091): Illuminate/Database/Query/Builder->runSelect()
#4 C:/Users/Lidiya Getale/Herd/immigrationknowhow/vendor/laravel/framework/src/Illuminate/Database/Query/Builder.php(3676): Illuminate/Database/Query/Builder->{closure:Illuminate/Database/Query/Builder::get():3090}()
#5 C:/Users/Lidiya Getale/Herd/immigrationknowhow/vendor/laravel/framework/src/Illuminate/Database/Query/Builder.php(3090): Illuminate/Database/Query/Builder->onceWithColumns(Array, Object(Closure))
#6 C:/Users/Lidiya Getale/Herd/immigrationknowhow/vendor/laravel/framework/src/Illuminate/Database/Eloquent/Builder.php(811): Illuminate/Database/Query/Builder->get(Array)
#7 C:/Users/Lidiya Getale/Herd/immigrationknowhow/vendor/laravel/framework/src/Illuminate/Database/Eloquent/Builder.php(793): Illuminate/Database/Eloquent/Builder->getModels(Array)
#8 C:/Users/Lidiya Getale/Herd/immigrationknowhow/vendor/laravel/framework/src/Illuminate/Database/Eloquent/Relations/Relation.php(213): Illuminate/Database/Eloquent/Builder->get(Array)
#9 C:/Users/Lidiya Getale/Herd/immigrationknowhow/vendor/laravel/framework/src/Illuminate/Database/Eloquent/Relations/Relation.php(176): Illuminate/Database/Eloquent/Relations/Relation->get()
#10 C:/Users/Lidiya Getale/Herd/immigrationknowhow/vendor/laravel/framework/src/Illuminate/Database/Eloquent/Builder.php(859): Illuminate/Database/Eloquent/Relations/Relation->getEager()
#11 C:/Users/Lidiya Getale/Herd/immigrationknowhow/vendor/laravel/framework/src/Illuminate/Database/Eloquent/Builder.php(828): Illuminate/Database/Eloquent/Builder->eagerLoadRelation(Array, 'latestMessage', Object(Closure))
#12 C:/Users/Lidiya Getale/Herd/immigrationknowhow/vendor/laravel/framework/src/Illuminate/Database/Eloquent/Builder.php(794): Illuminate/Database/Eloquent/Builder->eagerLoadRelations(Array)
#13 C:/Users/Lidiya Getale/Herd/immigrationknowhow/vendor/laravel/framework/src/Illuminate/Database/Eloquent/Builder.php(1034): Illuminate/Database/Eloquent/Builder->get(Array)
#14 C:/Users/Lidiya Getale/Herd/immigrationknowhow/app/Http/Controllers/MessagingController.php(35): Illuminate/Database/Eloquent/Builder->paginate(20)
#15 C:/Users/Lidiya Getale/Herd/immigrationknowhow/vendor/laravel/framework/src/Illuminate/Routing/ControllerDispatcher.php(47): App/Http/Controllers/MessagingController->index(Object(Illuminate/Http/Request))
#16 C:/Users/Lidiya Getale/Herd/immigrationknowhow/vendor/laravel/framework/src/Illuminate/Routing/Route.php(266): Illuminate/Routing/ControllerDispatcher->dispatch(Object(Illuminate/Routing/Route), Object(App/Http/Controllers/MessagingController), 'index')
#17 C:/Users/Lidiya Getale/Herd/immigrationknowhow/vendor/laravel/framework/src/Illuminate/Routing/Route.php(212): Illuminate/Routing/Route->runController()
#18 C:/Users/Lidiya Getale/Herd/immigrationknowhow/vendor/laravel/framework/src/Illuminate/Routing/Router.php(808): Illuminate/Routing/Route->run()
#19 C:/Users/Lidiya Getale/Herd/immigrationknowhow/vendor/laravel/framework/src/Illuminate/Pipeline/Pipeline.php(170): Illuminate/Routing/Router->{closure:Illuminate/Routing/Router::runRouteWithinStack():807}(Object(Illuminate/Http/Request))
#20 C:/Users/Lidiya Getale/Herd/immigrationknowhow/app/Http/Middleware/EnsureOnboardingComplete.php(30): Illuminate/Pipeline/Pipeline->{closure:Illuminate/Pipeline/Pipeline::prepareDestination():168}(Object(Illuminate/Http/Request))
#21 C:/Users/Lidiya Getale/Herd/immigrationknowhow/vendor/laravel/framework/src/Illuminate/Pipeline/Pipeline.php(209): App/Http/Middleware/EnsureOnboardingComplete->handle(Object(Illuminate/Http/Request), Object(Closure))
#22 C:/Users/Lidiya Getale/Herd/immigrationknowhow/vendor/inertiajs/inertia-laravel/src/Middleware.php(87): Illuminate/Pipeline/Pipeline->{closure:{closure:Illuminate/Pipeline/Pipeline::carry():184}:185}(Object(Illuminate/Http/Request))
#23 C:/Users/Lidiya Getale/Herd/immigrationknowhow/vendor/laravel/framework/src/Illuminate/Pipeline/Pipeline.php(209): Inertia/Middleware->handle(Object(Illuminate/Http/Request), Object(Closure))
#24 C:/Users/Lidiya Getale/Herd/immigrationknowhow/vendor/laravel/framework/src/Illuminate/Routing/Middleware/SubstituteBindings.php(51): Illuminate/Pipeline/Pipeline->{closure:{closure:Illuminate/Pipeline/Pipeline::carry():184}:185}(Object(Illuminate/Http/Request))
#25 C:/Users/Lidiya Getale/Herd/immigrationknowhow/vendor/laravel/framework/src/Illuminate/Pipeline/Pipeline.php(209): Illuminate/Routing/Middleware/SubstituteBindings->handle(Object(Illuminate/Http/Request), Object(Closure))
#26 C:/Users/Lidiya Getale/Herd/immigrationknowhow/vendor/laravel/framework/src/Illuminate/Auth/Middleware/Authenticate.php(64): Illuminate/Pipeline/Pipeline->{closure:{closure:Illuminate/Pipeline/Pipeline::carry():184}:185}(Object(Illuminate/Http/Request))
#27 C:/Users/Lidiya Getale/Herd/immigrationknowhow/vendor/laravel/framework/src/Illuminate/Pipeline/Pipeline.php(209): Illuminate/Auth/Middleware/Authenticate->handle(Object(Illuminate/Http/Request), Object(Closure))
#28 C:/Users/Lidiya Getale/Herd/immigrationknowhow/vendor/laravel/framework/src/Illuminate/Foundation/Http/Middleware/VerifyCsrfToken.php(88): Illuminate/Pipeline/Pipeline->{closure:{closure:Illuminate/Pipeline/Pipeline::carry():184}:185}(Object(Illuminate/Http/Request))
#29 C:/Users/Lidiya Getale/Herd/immigrationknowhow/vendor/laravel/framework/src/Illuminate/Pipeline/Pipeline.php(209): Illuminate/Foundation/Http/Middleware/VerifyCsrfToken->handle(Object(Illuminate/Http/Request), Object(Closure))
#30 C:/Users/Lidiya Getale/Herd/immigrationknowhow/vendor/laravel/framework/src/Illuminate/View/Middleware/ShareErrorsFromSession.php(49): Illuminate/Pipeline/Pipeline->{closure:{closure:Illuminate/Pipeline/Pipeline::carry():184}:185}(Object(Illuminate/Http/Request))
#31 C:/Users/Lidiya Getale/Herd/immigrationknowhow/vendor/laravel/framework/src/Illuminate/Pipeline/Pipeline.php(209): Illuminate/View/Middleware/ShareErrorsFromSession->handle(Object(Illuminate/Http/Request), Object(Closure))
#32 C:/Users/Lidiya Getale/Herd/immigrationknowhow/vendor/laravel/framework/src/Illuminate/Session/Middleware/StartSession.php(121): Illuminate/Pipeline/Pipeline->{closure:{closure:Illuminate/Pipeline/Pipeline::carry():184}:185}(Object(Illuminate/Http/Request))
#33 C:/Users/Lidiya Getale/Herd/immigrationknowhow/vendor/laravel/framework/src/Illuminate/Session/Middleware/StartSession.php(64): Illuminate/Session/Middleware/StartSession->handleStatefulRequest(Object(Illuminate/Http/Request), Object(Illuminate/Session/Store), Object(Closure))
#34 C:/Users/Lidiya Getale/Herd/immigrationknowhow/vendor/laravel/framework/src/Illuminate/Pipeline/Pipeline.php(209): Illuminate/Session/Middleware/StartSession->handle(Object(Illuminate/Http/Request), Object(Closure))
#35 C:/Users/Lidiya Getale/Herd/immigrationknowhow/vendor/laravel/framework/src/Illuminate/Cookie/Middleware/AddQueuedCookiesToResponse.php(37): Illuminate/Pipeline/Pipeline->{closure:{closure:Illuminate/Pipeline/Pipeline::carry():184}:185}(Object(Illuminate/Http/Request))
#36 C:/Users/Lidiya Getale/Herd/immigrationknowhow/vendor/laravel/framework/src/Illuminate/Pipeline/Pipeline.php(209): Illuminate/Cookie/Middleware/AddQueuedCookiesToResponse->handle(Object(Illuminate/Http/Request), Object(Closure))
#37 C:/Users/Lidiya Getale/Herd/immigrationknowhow/vendor/laravel/framework/src/Illuminate/Cookie/Middleware/EncryptCookies.php(75): Illuminate/Pipeline/Pipeline->{closure:{closure:Illuminate/Pipeline/Pipeline::carry():184}:185}(Object(Illuminate/Http/Request))
#38 C:/Users/Lidiya Getale/Herd/immigrationknowhow/vendor/laravel/framework/src/Illuminate/Pipeline/Pipeline.php(209): Illuminate/Cookie/Middleware/EncryptCookies->handle(Object(Illuminate/Http/Request), Object(Closure))
#39 C:/Users/Lidiya Getale/Herd/immigrationknowhow/vendor/laravel/framework/src/Illuminate/Pipeline/Pipeline.php(127): Illuminate/Pipeline/Pipeline->{closure:{closure:Illuminate/Pipeline/Pipeline::carry():184}:185}(Object(Illuminate/Http/Request))
#40 C:/Users/Lidiya Getale/Herd/immigrationknowhow/vendor/laravel/framework/src/Illuminate/Routing/Router.php(807): Illuminate/Pipeline/Pipeline->then(Object(Closure))
#41 C:/Users/Lidiya Getale/Herd/immigrationknowhow/vendor/laravel/framework/src/Illuminate/Routing/Router.php(786): Illuminate/Routing/Router->runRouteWithinStack(Object(Illuminate/Routing/Route), Object(Illuminate/Http/Request))
#42 C:/Users/Lidiya Getale/Herd/immigrationknowhow/vendor/laravel/framework/src/Illuminate/Routing/Router.php(750): Illuminate/Routing/Router->runRoute(Object(Illuminate/Http/Request), Object(Illuminate/Routing/Route))
#43 C:/Users/Lidiya Getale/Herd/immigrationknowhow/vendor/laravel/framework/src/Illuminate/Routing/Router.php(739): Illuminate/Routing/Router->dispatchToRoute(Object(Illuminate/Http/Request))
#44 C:/Users/Lidiya Getale/Herd/immigrationknowhow/vendor/laravel/framework/src/Illuminate/Foundation/Http/Kernel.php(201): Illuminate/Routing/Router->dispatch(Object(Illuminate/Http/Request))
#45 C:/Users/Lidiya Getale/Herd/immigrationknowhow/vendor/laravel/framework/src/Illuminate/Pipeline/Pipeline.php(170): Illuminate/Foundation/Http/Kernel->{closure:Illuminate/Foundation/Http/Kernel::dispatchToRouter():198}(Object(Illuminate/Http/Request))
#46 C:/Users/Lidiya Getale/Herd/immigrationknowhow/vendor/laravel/framework/src/Illuminate/Foundation/Http/Middleware/TransformsRequest.php(21): Illuminate/Pipeline/Pipeline->{closure:Illuminate/Pipeline/Pipeline::prepareDestination():168}(Object(Illuminate/Http/Request))
#47 C:/Users/Lidiya Getale/Herd/immigrationknowhow/vendor/laravel/framework/src/Illuminate/Foundation/Http/Middleware/ConvertEmptyStringsToNull.php(31): Illuminate/Foundation/Http/Middleware/TransformsRequest->handle(Object(Illuminate/Http/Request), Object(Closure))
#48 C:/Users/Lidiya Getale/Herd/immigrationknowhow/vendor/laravel/framework/src/Illuminate/Pipeline/Pipeline.php(209): Illuminate/Foundation/Http/Middleware/ConvertEmptyStringsToNull->handle(Object(Illuminate/Http/Request), Object(Closure))
#49 C:/Users/Lidiya Getale/Herd/immigrationknowhow/vendor/laravel/framework/src/Illuminate/Foundation/Http/Middleware/TransformsRequest.php(21): Illuminate/Pipeline/Pipeline->{closure:{closure:Illuminate/Pipeline/Pipeline::carry():184}:185}(Object(Illuminate/Http/Request))
#50 C:/Users/Lidiya Getale/Herd/immigrationknowhow/vendor/laravel/framework/src/Illuminate/Foundation/Http/Middleware/TrimStrings.php(51): Illuminate/Foundation/Http/Middleware/TransformsRequest->handle(Object(Illuminate/Http/Request), Object(Closure))
#51 C:/Users/Lidiya Getale/Herd/immigrationknowhow/vendor/laravel/framework/src/Illuminate/Pipeline/Pipeline.php(209): Illuminate/Foundation/Http/Middleware/TrimStrings->handle(Object(Illuminate/Http/Request), Object(Closure))
#52 C:/Users/Lidiya Getale/Herd/immigrationknowhow/vendor/laravel/framework/src/Illuminate/Http/Middleware/ValidatePostSize.php(27): Illuminate/Pipeline/Pipeline->{closure:{closure:Illuminate/Pipeline/Pipeline::carry():184}:185}(Object(Illuminate/Http/Request))
#53 C:/Users/Lidiya Getale/Herd/immigrationknowhow/vendor/laravel/framework/src/Illuminate/Pipeline/Pipeline.php(209): Illuminate/Http/Middleware/ValidatePostSize->handle(Object(Illuminate/Http/Request), Object(Closure))
#54 C:/Users/Lidiya Getale/Herd/immigrationknowhow/vendor/laravel/framework/src/Illuminate/Foundation/Http/Middleware/PreventRequestsDuringMaintenance.php(110): Illuminate/Pipeline/Pipeline->{closure:{closure:Illuminate/Pipeline/Pipeline::carry():184}:185}(Object(Illuminate/Http/Request))
#55 C:/Users/Lidiya Getale/Herd/immigrationknowhow/vendor/laravel/framework/src/Illuminate/Pipeline/Pipeline.php(209): Illuminate/Foundation/Http/Middleware/PreventRequestsDuringMaintenance->handle(Object(Illuminate/Http/Request), Object(Closure))
#56 C:/Users/Lidiya Getale/Herd/immigrationknowhow/vendor/laravel/framework/src/Illuminate/Http/Middleware/HandleCors.php(49): Illuminate/Pipeline/Pipeline->{closure:{closure:Illuminate/Pipeline/Pipeline::carry():184}:185}(Object(Illuminate/Http/Request))
#57 C:/Users/Lidiya Getale/Herd/immigrationknowhow/vendor/laravel/framework/src/Illuminate/Pipeline/Pipeline.php(209): Illuminate/Http/Middleware/HandleCors->handle(Object(Illuminate/Http/Request), Object(Closure))
#58 C:/Users/Lidiya Getale/Herd/immigrationknowhow/vendor/laravel/framework/src/Illuminate/Http/Middleware/TrustProxies.php(58): Illuminate/Pipeline/Pipeline->{closure:{closure:Illuminate/Pipeline/Pipeline::carry():184}:185}(Object(Illuminate/Http/Request))
#59 C:/Users/Lidiya Getale/Herd/immigrationknowhow/vendor/laravel/framework/src/Illuminate/Pipeline/Pipeline.php(209): Illuminate/Http/Middleware/TrustProxies->handle(Object(Illuminate/Http/Request), Object(Closure))
#60 C:/Users/Lidiya Getale/Herd/immigrationknowhow/vendor/laravel/framework/src/Illuminate/Foundation/Http/Middleware/InvokeDeferredCallbacks.php(22): Illuminate/Pipeline/Pipeline->{closure:{closure:Illuminate/Pipeline/Pipeline::carry():184}:185}(Object(Illuminate/Http/Request))
#61 C:/Users/Lidiya Getale/Herd/immigrationknowhow/vendor/laravel/framework/src/Illuminate/Pipeline/Pipeline.php(209): Illuminate/Foundation/Http/Middleware/InvokeDeferredCallbacks->handle(Object(Illuminate/Http/Request), Object(Closure))
#62 C:/Users/Lidiya Getale/Herd/immigrationknowhow/vendor/laravel/framework/src/Illuminate/Pipeline/Pipeline.php(127): Illuminate/Pipeline/Pipeline->{closure:{closure:Illuminate/Pipeline/Pipeline::carry():184}:185}(Object(Illuminate/Http/Request))
#63 C:/Users/Lidiya Getale/Herd/immigrationknowhow/vendor/laravel/framework/src/Illuminate/Foundation/Http/Kernel.php(176): Illuminate/Pipeline/Pipeline->then(Object(Closure))
#64 C:/Users/Lidiya Getale/Herd/immigrationknowhow/vendor/laravel/framework/src/Illuminate/Foundation/Http/Kernel.php(145): Illuminate/Foundation/Http/Kernel->sendRequestThroughRouter(Object(Illuminate/Http/Request))
#65 C:/Users/Lidiya Getale/Herd/immigrationknowhow/vendor/laravel/framework/src/Illuminate/Foundation/Application.php(1220): Illuminate/Foundation/Http/Kernel->handle(Object(Illuminate/Http/Request))
#66 C:/Users/Lidiya Getale/Herd/immigrationknowhow/public/index.php(17): Illuminate/Foundation/Application->handleRequest(Object(Illuminate/Http/Request))
#67 C:/Program Files/Herd/resources/app.asar.unpacked/resources/valet/server.php(139): require('C://Users//Lidiya...')
#68 {main}

[previous exception] [object] (PDOException(code: 23000): SQLSTATE[23000]: Integrity constraint violation: 1052 Column 'conversation_id' in field list is ambiguous at C:/Users/Lidiya Getale/Herd/immigrationknowhow/vendor/laravel/framework/src/Illuminate/Database/Connection.php:407)
[stacktrace]
#0 C:/Users/Lidiya Getale/Herd/immigrationknowhow/vendor/laravel/framework/src/Illuminate/Database/Connection.php(407): PDO->prepare('select `id`, `c...')
#1 C:/Users/Lidiya Getale/Herd/immigrationknowhow/vendor/laravel/framework/src/Illuminate/Database/Connection.php(812): Illuminate/Database/Connection->{closure:Illuminate/Database/Connection::select():398}('select `id`, `c...', Array)
#2 C:/Users/Lidiya Getale/Herd/immigrationknowhow/vendor/laravel/framework/src/Illuminate/Database/Connection.php(779): Illuminate/Database/Connection->runQueryCallback('select `id`, `c...', Array, Object(Closure))
#3 C:/Users/Lidiya Getale/Herd/immigrationknowhow/vendor/laravel/framework/src/Illuminate/Database/Connection.php(398): Illuminate/Database/Connection->run('select `id`, `c...', Array, Object(Closure))
#4 C:/Users/Lidiya Getale/Herd/immigrationknowhow/vendor/laravel/framework/src/Illuminate/Database/Query/Builder.php(3106): Illuminate/Database/Connection->select('select `id`, `c...', Array, true)
#5 C:/Users/Lidiya Getale/Herd/immigrationknowhow/vendor/laravel/framework/src/Illuminate/Database/Query/Builder.php(3091): Illuminate/Database/Query/Builder->runSelect()
#6 C:/Users/Lidiya Getale/Herd/immigrationknowhow/vendor/laravel/framework/src/Illuminate/Database/Query/Builder.php(3676): Illuminate/Database/Query/Builder->{closure:Illuminate/Database/Query/Builder::get():3090}()
#7 C:/Users/Lidiya Getale/Herd/immigrationknowhow/vendor/laravel/framework/src/Illuminate/Database/Query/Builder.php(3090): Illuminate/Database/Query/Builder->onceWithColumns(Array, Object(Closure))
#8 C:/Users/Lidiya Getale/Herd/immigrationknowhow/vendor/laravel/framework/src/Illuminate/Database/Eloquent/Builder.php(811): Illuminate/Database/Query/Builder->get(Array)
#9 C:/Users/Lidiya Getale/Herd/immigrationknowhow/vendor/laravel/framework/src/Illuminate/Database/Eloquent/Builder.php(793): Illuminate/Database/Eloquent/Builder->getModels(Array)
#10 C:/Users/Lidiya Getale/Herd/immigrationknowhow/vendor/laravel/framework/src/Illuminate/Database/Eloquent/Relations/Relation.php(213): Illuminate/Database/Eloquent/Builder->get(Array)
#11 C:/Users/Lidiya Getale/Herd/immigrationknowhow/vendor/laravel/framework/src/Illuminate/Database/Eloquent/Relations/Relation.php(176): Illuminate/Database/Eloquent/Relations/Relation->get()
#12 C:/Users/Lidiya Getale/Herd/immigrationknowhow/vendor/laravel/framework/src/Illuminate/Database/Eloquent/Builder.php(859): Illuminate/Database/Eloquent/Relations/Relation->getEager()
#13 C:/Users/Lidiya Getale/Herd/immigrationknowhow/vendor/laravel/framework/src/Illuminate/Database/Eloquent/Builder.php(828): Illuminate/Database/Eloquent/Builder->eagerLoadRelation(Array, 'latestMessage', Object(Closure))
#14 C:/Users/Lidiya Getale/Herd/immigrationknowhow/vendor/laravel/framework/src/Illuminate/Database/Eloquent/Builder.php(794): Illuminate/Database/Eloquent/Builder->eagerLoadRelations(Array)
#15 C:/Users/Lidiya Getale/Herd/immigrationknowhow/vendor/laravel/framework/src/Illuminate/Database/Eloquent/Builder.php(1034): Illuminate/Database/Eloquent/Builder->get(Array)
#16 C:/Users/Lidiya Getale/Herd/immigrationknowhow/app/Http/Controllers/MessagingController.php(35): Illuminate/Database/Eloquent/Builder->paginate(20)
#17 C:/Users/Lidiya Getale/Herd/immigrationknowhow/vendor/laravel/framework/src/Illuminate/Routing/ControllerDispatcher.php(47): App/Http/Controllers/MessagingController->index(Object(Illuminate/Http/Request))
#18 C:/Users/Lidiya Getale/Herd/immigrationknowhow/vendor/laravel/framework/src/Illuminate/Routing/Route.php(266): Illuminate/Routing/ControllerDispatcher->dispatch(Object(Illuminate/Routing/Route), Object(App/Http/Controllers/MessagingController), 'index')
#19 C:/Users/Lidiya Getale/Herd/immigrationknowhow/vendor/laravel/framework/src/Illuminate/Routing/Route.php(212): Illuminate/Routing/Route->runController()
#20 C:/Users/Lidiya Getale/Herd/immigrationknowhow/vendor/laravel/framework/src/Illuminate/Routing/Router.php(808): Illuminate/Routing/Route->run()
#21 C:/Users/Lidiya Getale/Herd/immigrationknowhow/vendor/laravel/framework/src/Illuminate/Pipeline/Pipeline.php(170): Illuminate/Routing/Router->{closure:Illuminate/Routing/Router::runRouteWithinStack():807}(Object(Illuminate/Http/Request))
#22 C:/Users/Lidiya Getale/Herd/immigrationknowhow/app/Http/Middleware/EnsureOnboardingComplete.php(30): Illuminate/Pipeline/Pipeline->{closure:Illuminate/Pipeline/Pipeline::prepareDestination():168}(Object(Illuminate/Http/Request))
#23 C:/Users/Lidiya Getale/Herd/immigrationknowhow/vendor/laravel/framework/src/Illuminate/Pipeline/Pipeline.php(209): App/Http/Middleware/EnsureOnboardingComplete->handle(Object(Illuminate/Http/Request), Object(Closure))
#24 C:/Users/Lidiya Getale/Herd/immigrationknowhow/vendor/inertiajs/inertia-laravel/src/Middleware.php(87): Illuminate/Pipeline/Pipeline->{closure:{closure:Illuminate/Pipeline/Pipeline::carry():184}:185}(Object(Illuminate/Http/Request))
#25 C:/Users/Lidiya Getale/Herd/immigrationknowhow/vendor/laravel/framework/src/Illuminate/Pipeline/Pipeline.php(209): Inertia/Middleware->handle(Object(Illuminate/Http/Request), Object(Closure))
#26 C:/Users/Lidiya Getale/Herd/immigrationknowhow/vendor/laravel/framework/src/Illuminate/Routing/Middleware/SubstituteBindings.php(51): Illuminate/Pipeline/Pipeline->{closure:{closure:Illuminate/Pipeline/Pipeline::carry():184}:185}(Object(Illuminate/Http/Request))
#27 C:/Users/Lidiya Getale/Herd/immigrationknowhow/vendor/laravel/framework/src/Illuminate/Pipeline/Pipeline.php(209): Illuminate/Routing/Middleware/SubstituteBindings->handle(Object(Illuminate/Http/Request), Object(Closure))
#28 C:/Users/Lidiya Getale/Herd/immigrationknowhow/vendor/laravel/framework/src/Illuminate/Auth/Middleware/Authenticate.php(64): Illuminate/Pipeline/Pipeline->{closure:{closure:Illuminate/Pipeline/Pipeline::carry():184}:185}(Object(Illuminate/Http/Request))
#29 C:/Users/Lidiya Getale/Herd/immigrationknowhow/vendor/laravel/framework/src/Illuminate/Pipeline/Pipeline.php(209): Illuminate/Auth/Middleware/Authenticate->handle(Object(Illuminate/Http/Request), Object(Closure))
#30 C:/Users/Lidiya Getale/Herd/immigrationknowhow/vendor/laravel/framework/src/Illuminate/Foundation/Http/Middleware/VerifyCsrfToken.php(88): Illuminate/Pipeline/Pipeline->{closure:{closure:Illuminate/Pipeline/Pipeline::carry():184}:185}(Object(Illuminate/Http/Request))
#31 C:/Users/Lidiya Getale/Herd/immigrationknowhow/vendor/laravel/framework/src/Illuminate/Pipeline/Pipeline.php(209): Illuminate/Foundation/Http/Middleware/VerifyCsrfToken->handle(Object(Illuminate/Http/Request), Object(Closure))
#32 C:/Users/Lidiya Getale/Herd/immigrationknowhow/vendor/laravel/framework/src/Illuminate/View/Middleware/ShareErrorsFromSession.php(49): Illuminate/Pipeline/Pipeline->{closure:{closure:Illuminate/Pipeline/Pipeline::carry():184}:185}(Object(Illuminate/Http/Request))
#33 C:/Users/Lidiya Getale/Herd/immigrationknowhow/vendor/laravel/framework/src/Illuminate/Pipeline/Pipeline.php(209): Illuminate/View/Middleware/ShareErrorsFromSession->handle(Object(Illuminate/Http/Request), Object(Closure))
#34 C:/Users/Lidiya Getale/Herd/immigrationknowhow/vendor/laravel/framework/src/Illuminate/Session/Middleware/StartSession.php(121): Illuminate/Pipeline/Pipeline->{closure:{closure:Illuminate/Pipeline/Pipeline::carry():184}:185}(Object(Illuminate/Http/Request))
#35 C:/Users/Lidiya Getale/Herd/immigrationknowhow/vendor/laravel/framework/src/Illuminate/Session/Middleware/StartSession.php(64): Illuminate/Session/Middleware/StartSession->handleStatefulRequest(Object(Illuminate/Http/Request), Object(Illuminate/Session/Store), Object(Closure))
#36 C:/Users/Lidiya Getale/Herd/immigrationknowhow/vendor/laravel/framework/src/Illuminate/Pipeline/Pipeline.php(209): Illuminate/Session/Middleware/StartSession->handle(Object(Illuminate/Http/Request), Object(Closure))
#37 C:/Users/Lidiya Getale/Herd/immigrationknowhow/vendor/laravel/framework/src/Illuminate/Cookie/Middleware/AddQueuedCookiesToResponse.php(37): Illuminate/Pipeline/Pipeline->{closure:{closure:Illuminate/Pipeline/Pipeline::carry():184}:185}(Object(Illuminate/Http/Request))
#38 C:/Users/Lidiya Getale/Herd/immigrationknowhow/vendor/laravel/framework/src/Illuminate/Pipeline/Pipeline.php(209): Illuminate/Cookie/Middleware/AddQueuedCookiesToResponse->handle(Object(Illuminate/Http/Request), Object(Closure))
#39 C:/Users/Lidiya Getale/Herd/immigrationknowhow/vendor/laravel/framework/src/Illuminate/Cookie/Middleware/EncryptCookies.php(75): Illuminate/Pipeline/Pipeline->{closure:{closure:Illuminate/Pipeline/Pipeline::carry():184}:185}(Object(Illuminate/Http/Request))
#40 C:/Users/Lidiya Getale/Herd/immigrationknowhow/vendor/laravel/framework/src/Illuminate/Pipeline/Pipeline.php(209): Illuminate/Cookie/Middleware/EncryptCookies->handle(Object(Illuminate/Http/Request), Object(Closure))
#41 C:/Users/Lidiya Getale/Herd/immigrationknowhow/vendor/laravel/framework/src/Illuminate/Pipeline/Pipeline.php(127): Illuminate/Pipeline/Pipeline->{closure:{closure:Illuminate/Pipeline/Pipeline::carry():184}:185}(Object(Illuminate/Http/Request))
#42 C:/Users/Lidiya Getale/Herd/immigrationknowhow/vendor/laravel/framework/src/Illuminate/Routing/Router.php(807): Illuminate/Pipeline/Pipeline->then(Object(Closure))
#43 C:/Users/Lidiya Getale/Herd/immigrationknowhow/vendor/laravel/framework/src/Illuminate/Routing/Router.php(786): Illuminate/Routing/Router->runRouteWithinStack(Object(Illuminate/Routing/Route), Object(Illuminate/Http/Request))
#44 C:/Users/Lidiya Getale/Herd/immigrationknowhow/vendor/laravel/framework/src/Illuminate/Routing/Router.php(750): Illuminate/Routing/Router->runRoute(Object(Illuminate/Http/Request), Object(Illuminate/Routing/Route))
#45 C:/Users/Lidiya Getale/Herd/immigrationknowhow/vendor/laravel/framework/src/Illuminate/Routing/Router.php(739): Illuminate/Routing/Router->dispatchToRoute(Object(Illuminate/Http/Request))
#46 C:/Users/Lidiya Getale/Herd/immigrationknowhow/vendor/laravel/framework/src/Illuminate/Foundation/Http/Kernel.php(201): Illuminate/Routing/Router->dispatch(Object(Illuminate/Http/Request))
#47 C:/Users/Lidiya Getale/Herd/immigrationknowhow/vendor/laravel/framework/src/Illuminate/Pipeline/Pipeline.php(170): Illuminate/Foundation/Http/Kernel->{closure:Illuminate/Foundation/Http/Kernel::dispatchToRouter():198}(Object(Illuminate/Http/Request))
#48 C:/Users/Lidiya Getale/Herd/immigrationknowhow/vendor/laravel/framework/src/Illuminate/Foundation/Http/Middleware/TransformsRequest.php(21): Illuminate/Pipeline/Pipeline->{closure:Illuminate/Pipeline/Pipeline::prepareDestination():168}(Object(Illuminate/Http/Request))
#49 C:/Users/Lidiya Getale/Herd/immigrationknowhow/vendor/laravel/framework/src/Illuminate/Foundation/Http/Middleware/ConvertEmptyStringsToNull.php(31): Illuminate/Foundation/Http/Middleware/TransformsRequest->handle(Object(Illuminate/Http/Request), Object(Closure))
#50 C:/Users/Lidiya Getale/Herd/immigrationknowhow/vendor/laravel/framework/src/Illuminate/Pipeline/Pipeline.php(209): Illuminate/Foundation/Http/Middleware/ConvertEmptyStringsToNull->handle(Object(Illuminate/Http/Request), Object(Closure))
#51 C:/Users/Lidiya Getale/Herd/immigrationknowhow/vendor/laravel/framework/src/Illuminate/Foundation/Http/Middleware/TransformsRequest.php(21): Illuminate/Pipeline/Pipeline->{closure:{closure:Illuminate/Pipeline/Pipeline::carry():184}:185}(Object(Illuminate/Http/Request))
#52 C:/Users/Lidiya Getale/Herd/immigrationknowhow/vendor/laravel/framework/src/Illuminate/Foundation/Http/Middleware/TrimStrings.php(51): Illuminate/Foundation/Http/Middleware/TransformsRequest->handle(Object(Illuminate/Http/Request), Object(Closure))
#53 C:/Users/Lidiya Getale/Herd/immigrationknowhow/vendor/laravel/framework/src/Illuminate/Pipeline/Pipeline.php(209): Illuminate/Foundation/Http/Middleware/TrimStrings->handle(Object(Illuminate/Http/Request), Object(Closure))
#54 C:/Users/Lidiya Getale/Herd/immigrationknowhow/vendor/laravel/framework/src/Illuminate/Http/Middleware/ValidatePostSize.php(27): Illuminate/Pipeline/Pipeline->{closure:{closure:Illuminate/Pipeline/Pipeline::carry():184}:185}(Object(Illuminate/Http/Request))
#55 C:/Users/Lidiya Getale/Herd/immigrationknowhow/vendor/laravel/framework/src/Illuminate/Pipeline/Pipeline.php(209): Illuminate/Http/Middleware/ValidatePostSize->handle(Object(Illuminate/Http/Request), Object(Closure))
#56 C:/Users/Lidiya Getale/Herd/immigrationknowhow/vendor/laravel/framework/src/Illuminate/Foundation/Http/Middleware/PreventRequestsDuringMaintenance.php(110): Illuminate/Pipeline/Pipeline->{closure:{closure:Illuminate/Pipeline/Pipeline::carry():184}:185}(Object(Illuminate/Http/Request))
#57 C:/Users/Lidiya Getale/Herd/immigrationknowhow/vendor/laravel/framework/src/Illuminate/Pipeline/Pipeline.php(209): Illuminate/Foundation/Http/Middleware/PreventRequestsDuringMaintenance->handle(Object(Illuminate/Http/Request), Object(Closure))
#58 C:/Users/Lidiya Getale/Herd/immigrationknowhow/vendor/laravel/framework/src/Illuminate/Http/Middleware/HandleCors.php(49): Illuminate/Pipeline/Pipeline->{closure:{closure:Illuminate/Pipeline/Pipeline::carry():184}:185}(Object(Illuminate/Http/Request))
#59 C:/Users/Lidiya Getale/Herd/immigrationknowhow/vendor/laravel/framework/src/Illuminate/Pipeline/Pipeline.php(209): Illuminate/Http/Middleware/HandleCors->handle(Object(Illuminate/Http/Request), Object(Closure))
#60 C:/Users/Lidiya Getale/Herd/immigrationknowhow/vendor/laravel/framework/src/Illuminate/Http/Middleware/TrustProxies.php(58): Illuminate/Pipeline/Pipeline->{closure:{closure:Illuminate/Pipeline/Pipeline::carry():184}:185}(Object(Illuminate/Http/Request))
#61 C:/Users/Lidiya Getale/Herd/immigrationknowhow/vendor/laravel/framework/src/Illuminate/Pipeline/Pipeline.php(209): Illuminate/Http/Middleware/TrustProxies->handle(Object(Illuminate/Http/Request), Object(Closure))
#62 C:/Users/Lidiya Getale/Herd/immigrationknowhow/vendor/laravel/framework/src/Illuminate/Foundation/Http/Middleware/InvokeDeferredCallbacks.php(22): Illuminate/Pipeline/Pipeline->{closure:{closure:Illuminate/Pipeline/Pipeline::carry():184}:185}(Object(Illuminate/Http/Request))
#63 C:/Users/Lidiya Getale/Herd/immigrationknowhow/vendor/laravel/framework/src/Illuminate/Pipeline/Pipeline.php(209): Illuminate/Foundation/Http/Middleware/InvokeDeferredCallbacks->handle(Object(Illuminate/Http/Request), Object(Closure))
#64 C:/Users/Lidiya Getale/Herd/immigrationknowhow/vendor/laravel/framework/src/Illuminate/Pipeline/Pipeline.php(127): Illuminate/Pipeline/Pipeline->{closure:{closure:Illuminate/Pipeline/Pipeline::carry():184}:185}(Object(Illuminate/Http/Request))
#65 C:/Users/Lidiya Getale/Herd/immigrationknowhow/vendor/laravel/framework/src/Illuminate/Foundation/Http/Kernel.php(176): Illuminate/Pipeline/Pipeline->then(Object(Closure))
#66 C:/Users/Lidiya Getale/Herd/immigrationknowhow/vendor/laravel/framework/src/Illuminate/Foundation/Http/Kernel.php(145): Illuminate/Foundation/Http/Kernel->sendRequestThroughRouter(Object(Illuminate/Http/Request))
#67 C:/Users/Lidiya Getale/Herd/immigrationknowhow/vendor/laravel/framework/src/Illuminate/Foundation/Application.php(1220): Illuminate/Foundation/Http/Kernel->handle(Object(Illuminate/Http/Request))
#68 C:/Users/Lidiya Getale/Herd/immigrationknowhow/public/index.php(17): Illuminate/Foundation/Application->handleRequest(Object(Illuminate/Http/Request))
#69 C:/Program Files/Herd/resources/app.asar.unpacked/resources/valet/server.php(139): require('C://Users//Lidiya...')
#70 {main}
"} 
[2026-04-09 19:36:45] local.ERROR: SQLSTATE[23000]: Integrity constraint violation: 1052 Column 'conversation_id' in field list is ambiguous (Connection: mysql, SQL: select `id`, `conversation_id`, `sender_id`, `body`, `created_at` from `messages` inner join (select MAX(`messages`.`id`) as `id_aggregate`, `messages`.`conversation_id` from `messages` where `messages`.`conversation_id` in (1) and `messages`.`deleted_at` is null group by `messages`.`conversation_id`) as `latestOfMany` on `latestOfMany`.`id_aggregate` = `messages`.`id` and `latestOfMany`.`conversation_id` = `messages`.`conversation_id` where `messages`.`deleted_at` is null) {"userId":43,"exception":"[object] (Illuminate\\Database\\QueryException(code: 23000): SQLSTATE[23000]: Integrity constraint violation: 1052 Column 'conversation_id' in field list is ambiguous (Connection: mysql, SQL: select `id`, `conversation_id`, `sender_id`, `body`, `created_at` from `messages` inner join (select MAX(`messages`.`id`) as `id_aggregate`, `messages`.`conversation_id` from `messages` where `messages`.`conversation_id` in (1) and `messages`.`deleted_at` is null group by `messages`.`conversation_id`) as `latestOfMany` on `latestOfMany`.`id_aggregate` = `messages`.`id` and `latestOfMany`.`conversation_id` = `messages`.`conversation_id` where `messages`.`deleted_at` is null) at C:/Users/Lidiya Getale/Herd/immigrationknowhow/vendor/laravel/framework/src/Illuminate/Database/Connection.php:825)
[stacktrace]
#0 C:/Users/Lidiya Getale/Herd/immigrationknowhow/vendor/laravel/framework/src/Illuminate/Database/Connection.php(779): Illuminate/Database/Connection->runQueryCallback('select `id`, `c...', Array, Object(Closure))
#1 C:/Users/Lidiya Getale/Herd/immigrationknowhow/vendor/laravel/framework/src/Illuminate/Database/Connection.php(398): Illuminate/Database/Connection->run('select `id`, `c...', Array, Object(Closure))
#2 C:/Users/Lidiya Getale/Herd/immigrationknowhow/vendor/laravel/framework/src/Illuminate/Database/Query/Builder.php(3106): Illuminate/Database/Connection->select('select `id`, `c...', Array, true)
#3 C:/Users/Lidiya Getale/Herd/immigrationknowhow/vendor/laravel/framework/src/Illuminate/Database/Query/Builder.php(3091): Illuminate/Database/Query/Builder->runSelect()
#4 C:/Users/Lidiya Getale/Herd/immigrationknowhow/vendor/laravel/framework/src/Illuminate/Database/Query/Builder.php(3676): Illuminate/Database/Query/Builder->{closure:Illuminate/Database/Query/Builder::get():3090}()
#5 C:/Users/Lidiya Getale/Herd/immigrationknowhow/vendor/laravel/framework/src/Illuminate/Database/Query/Builder.php(3090): Illuminate/Database/Query/Builder->onceWithColumns(Array, Object(Closure))
#6 C:/Users/Lidiya Getale/Herd/immigrationknowhow/vendor/laravel/framework/src/Illuminate/Database/Eloquent/Builder.php(811): Illuminate/Database/Query/Builder->get(Array)
#7 C:/Users/Lidiya Getale/Herd/immigrationknowhow/vendor/laravel/framework/src/Illuminate/Database/Eloquent/Builder.php(793): Illuminate/Database/Eloquent/Builder->getModels(Array)
#8 C:/Users/Lidiya Getale/Herd/immigrationknowhow/vendor/laravel/framework/src/Illuminate/Database/Eloquent/Relations/Relation.php(213): Illuminate/Database/Eloquent/Builder->get(Array)
#9 C:/Users/Lidiya Getale/Herd/immigrationknowhow/vendor/laravel/framework/src/Illuminate/Database/Eloquent/Relations/Relation.php(176): Illuminate/Database/Eloquent/Relations/Relation->get()
#10 C:/Users/Lidiya Getale/Herd/immigrationknowhow/vendor/laravel/framework/src/Illuminate/Database/Eloquent/Builder.php(859): Illuminate/Database/Eloquent/Relations/Relation->getEager()
#11 C:/Users/Lidiya Getale/Herd/immigrationknowhow/vendor/laravel/framework/src/Illuminate/Database/Eloquent/Builder.php(828): Illuminate/Database/Eloquent/Builder->eagerLoadRelation(Array, 'latestMessage', Object(Closure))
#12 C:/Users/Lidiya Getale/Herd/immigrationknowhow/vendor/laravel/framework/src/Illuminate/Database/Eloquent/Builder.php(794): Illuminate/Database/Eloquent/Builder->eagerLoadRelations(Array)
#13 C:/Users/Lidiya Getale/Herd/immigrationknowhow/vendor/laravel/framework/src/Illuminate/Database/Eloquent/Builder.php(1034): Illuminate/Database/Eloquent/Builder->get(Array)
#14 C:/Users/Lidiya Getale/Herd/immigrationknowhow/app/Http/Controllers/MessagingController.php(35): Illuminate/Database/Eloquent/Builder->paginate(20)
#15 C:/Users/Lidiya Getale/Herd/immigrationknowhow/vendor/laravel/framework/src/Illuminate/Routing/ControllerDispatcher.php(47): App/Http/Controllers/MessagingController->index(Object(Illuminate/Http/Request))
#16 C:/Users/Lidiya Getale/Herd/immigrationknowhow/vendor/laravel/framework/src/Illuminate/Routing/Route.php(266): Illuminate/Routing/ControllerDispatcher->dispatch(Object(Illuminate/Routing/Route), Object(App/Http/Controllers/MessagingController), 'index')
#17 C:/Users/Lidiya Getale/Herd/immigrationknowhow/vendor/laravel/framework/src/Illuminate/Routing/Route.php(212): Illuminate/Routing/Route->runController()
#18 C:/Users/Lidiya Getale/Herd/immigrationknowhow/vendor/laravel/framework/src/Illuminate/Routing/Router.php(808): Illuminate/Routing/Route->run()
#19 C:/Users/Lidiya Getale/Herd/immigrationknowhow/vendor/laravel/framework/src/Illuminate/Pipeline/Pipeline.php(170): Illuminate/Routing/Router->{closure:Illuminate/Routing/Router::runRouteWithinStack():807}(Object(Illuminate/Http/Request))
#20 C:/Users/Lidiya Getale/Herd/immigrationknowhow/app/Http/Middleware/EnsureOnboardingComplete.php(30): Illuminate/Pipeline/Pipeline->{closure:Illuminate/Pipeline/Pipeline::prepareDestination():168}(Object(Illuminate/Http/Request))
#21 C:/Users/Lidiya Getale/Herd/immigrationknowhow/vendor/laravel/framework/src/Illuminate/Pipeline/Pipeline.php(209): App/Http/Middleware/EnsureOnboardingComplete->handle(Object(Illuminate/Http/Request), Object(Closure))
#22 C:/Users/Lidiya Getale/Herd/immigrationknowhow/vendor/inertiajs/inertia-laravel/src/Middleware.php(87): Illuminate/Pipeline/Pipeline->{closure:{closure:Illuminate/Pipeline/Pipeline::carry():184}:185}(Object(Illuminate/Http/Request))
#23 C:/Users/Lidiya Getale/Herd/immigrationknowhow/vendor/laravel/framework/src/Illuminate/Pipeline/Pipeline.php(209): Inertia/Middleware->handle(Object(Illuminate/Http/Request), Object(Closure))
#24 C:/Users/Lidiya Getale/Herd/immigrationknowhow/vendor/laravel/framework/src/Illuminate/Routing/Middleware/SubstituteBindings.php(51): Illuminate/Pipeline/Pipeline->{closure:{closure:Illuminate/Pipeline/Pipeline::carry():184}:185}(Object(Illuminate/Http/Request))
#25 C:/Users/Lidiya Getale/Herd/immigrationknowhow/vendor/laravel/framework/src/Illuminate/Pipeline/Pipeline.php(209): Illuminate/Routing/Middleware/SubstituteBindings->handle(Object(Illuminate/Http/Request), Object(Closure))
#26 C:/Users/Lidiya Getale/Herd/immigrationknowhow/vendor/laravel/framework/src/Illuminate/Auth/Middleware/Authenticate.php(64): Illuminate/Pipeline/Pipeline->{closure:{closure:Illuminate/Pipeline/Pipeline::carry():184}:185}(Object(Illuminate/Http/Request))
#27 C:/Users/Lidiya Getale/Herd/immigrationknowhow/vendor/laravel/framework/src/Illuminate/Pipeline/Pipeline.php(209): Illuminate/Auth/Middleware/Authenticate->handle(Object(Illuminate/Http/Request), Object(Closure))
#28 C:/Users/Lidiya Getale/Herd/immigrationknowhow/vendor/laravel/framework/src/Illuminate/Foundation/Http/Middleware/VerifyCsrfToken.php(88): Illuminate/Pipeline/Pipeline->{closure:{closure:Illuminate/Pipeline/Pipeline::carry():184}:185}(Object(Illuminate/Http/Request))
#29 C:/Users/Lidiya Getale/Herd/immigrationknowhow/vendor/laravel/framework/src/Illuminate/Pipeline/Pipeline.php(209): Illuminate/Foundation/Http/Middleware/VerifyCsrfToken->handle(Object(Illuminate/Http/Request), Object(Closure))
#30 C:/Users/Lidiya Getale/Herd/immigrationknowhow/vendor/laravel/framework/src/Illuminate/View/Middleware/ShareErrorsFromSession.php(49): Illuminate/Pipeline/Pipeline->{closure:{closure:Illuminate/Pipeline/Pipeline::carry():184}:185}(Object(Illuminate/Http/Request))
#31 C:/Users/Lidiya Getale/Herd/immigrationknowhow/vendor/laravel/framework/src/Illuminate/Pipeline/Pipeline.php(209): Illuminate/View/Middleware/ShareErrorsFromSession->handle(Object(Illuminate/Http/Request), Object(Closure))
#32 C:/Users/Lidiya Getale/Herd/immigrationknowhow/vendor/laravel/framework/src/Illuminate/Session/Middleware/StartSession.php(121): Illuminate/Pipeline/Pipeline->{closure:{closure:Illuminate/Pipeline/Pipeline::carry():184}:185}(Object(Illuminate/Http/Request))
#33 C:/Users/Lidiya Getale/Herd/immigrationknowhow/vendor/laravel/framework/src/Illuminate/Session/Middleware/StartSession.php(64): Illuminate/Session/Middleware/StartSession->handleStatefulRequest(Object(Illuminate/Http/Request), Object(Illuminate/Session/Store), Object(Closure))
#34 C:/Users/Lidiya Getale/Herd/immigrationknowhow/vendor/laravel/framework/src/Illuminate/Pipeline/Pipeline.php(209): Illuminate/Session/Middleware/StartSession->handle(Object(Illuminate/Http/Request), Object(Closure))
#35 C:/Users/Lidiya Getale/Herd/immigrationknowhow/vendor/laravel/framework/src/Illuminate/Cookie/Middleware/AddQueuedCookiesToResponse.php(37): Illuminate/Pipeline/Pipeline->{closure:{closure:Illuminate/Pipeline/Pipeline::carry():184}:185}(Object(Illuminate/Http/Request))
#36 C:/Users/Lidiya Getale/Herd/immigrationknowhow/vendor/laravel/framework/src/Illuminate/Pipeline/Pipeline.php(209): Illuminate/Cookie/Middleware/AddQueuedCookiesToResponse->handle(Object(Illuminate/Http/Request), Object(Closure))
#37 C:/Users/Lidiya Getale/Herd/immigrationknowhow/vendor/laravel/framework/src/Illuminate/Cookie/Middleware/EncryptCookies.php(75): Illuminate/Pipeline/Pipeline->{closure:{closure:Illuminate/Pipeline/Pipeline::carry():184}:185}(Object(Illuminate/Http/Request))
#38 C:/Users/Lidiya Getale/Herd/immigrationknowhow/vendor/laravel/framework/src/Illuminate/Pipeline/Pipeline.php(209): Illuminate/Cookie/Middleware/EncryptCookies->handle(Object(Illuminate/Http/Request), Object(Closure))
#39 C:/Users/Lidiya Getale/Herd/immigrationknowhow/vendor/laravel/framework/src/Illuminate/Pipeline/Pipeline.php(127): Illuminate/Pipeline/Pipeline->{closure:{closure:Illuminate/Pipeline/Pipeline::carry():184}:185}(Object(Illuminate/Http/Request))
#40 C:/Users/Lidiya Getale/Herd/immigrationknowhow/vendor/laravel/framework/src/Illuminate/Routing/Router.php(807): Illuminate/Pipeline/Pipeline->then(Object(Closure))
#41 C:/Users/Lidiya Getale/Herd/immigrationknowhow/vendor/laravel/framework/src/Illuminate/Routing/Router.php(786): Illuminate/Routing/Router->runRouteWithinStack(Object(Illuminate/Routing/Route), Object(Illuminate/Http/Request))
#42 C:/Users/Lidiya Getale/Herd/immigrationknowhow/vendor/laravel/framework/src/Illuminate/Routing/Router.php(750): Illuminate/Routing/Router->runRoute(Object(Illuminate/Http/Request), Object(Illuminate/Routing/Route))
#43 C:/Users/Lidiya Getale/Herd/immigrationknowhow/vendor/laravel/framework/src/Illuminate/Routing/Router.php(739): Illuminate/Routing/Router->dispatchToRoute(Object(Illuminate/Http/Request))
#44 C:/Users/Lidiya Getale/Herd/immigrationknowhow/vendor/laravel/framework/src/Illuminate/Foundation/Http/Kernel.php(201): Illuminate/Routing/Router->dispatch(Object(Illuminate/Http/Request))
#45 C:/Users/Lidiya Getale/Herd/immigrationknowhow/vendor/laravel/framework/src/Illuminate/Pipeline/Pipeline.php(170): Illuminate/Foundation/Http/Kernel->{closure:Illuminate/Foundation/Http/Kernel::dispatchToRouter():198}(Object(Illuminate/Http/Request))
#46 C:/Users/Lidiya Getale/Herd/immigrationknowhow/vendor/laravel/framework/src/Illuminate/Foundation/Http/Middleware/TransformsRequest.php(21): Illuminate/Pipeline/Pipeline->{closure:Illuminate/Pipeline/Pipeline::prepareDestination():168}(Object(Illuminate/Http/Request))
#47 C:/Users/Lidiya Getale/Herd/immigrationknowhow/vendor/laravel/framework/src/Illuminate/Foundation/Http/Middleware/ConvertEmptyStringsToNull.php(31): Illuminate/Foundation/Http/Middleware/TransformsRequest->handle(Object(Illuminate/Http/Request), Object(Closure))
#48 C:/Users/Lidiya Getale/Herd/immigrationknowhow/vendor/laravel/framework/src/Illuminate/Pipeline/Pipeline.php(209): Illuminate/Foundation/Http/Middleware/ConvertEmptyStringsToNull->handle(Object(Illuminate/Http/Request), Object(Closure))
#49 C:/Users/Lidiya Getale/Herd/immigrationknowhow/vendor/laravel/framework/src/Illuminate/Foundation/Http/Middleware/TransformsRequest.php(21): Illuminate/Pipeline/Pipeline->{closure:{closure:Illuminate/Pipeline/Pipeline::carry():184}:185}(Object(Illuminate/Http/Request))
#50 C:/Users/Lidiya Getale/Herd/immigrationknowhow/vendor/laravel/framework/src/Illuminate/Foundation/Http/Middleware/TrimStrings.php(51): Illuminate/Foundation/Http/Middleware/TransformsRequest->handle(Object(Illuminate/Http/Request), Object(Closure))
#51 C:/Users/Lidiya Getale/Herd/immigrationknowhow/vendor/laravel/framework/src/Illuminate/Pipeline/Pipeline.php(209): Illuminate/Foundation/Http/Middleware/TrimStrings->handle(Object(Illuminate/Http/Request), Object(Closure))
#52 C:/Users/Lidiya Getale/Herd/immigrationknowhow/vendor/laravel/framework/src/Illuminate/Http/Middleware/ValidatePostSize.php(27): Illuminate/Pipeline/Pipeline->{closure:{closure:Illuminate/Pipeline/Pipeline::carry():184}:185}(Object(Illuminate/Http/Request))
#53 C:/Users/Lidiya Getale/Herd/immigrationknowhow/vendor/laravel/framework/src/Illuminate/Pipeline/Pipeline.php(209): Illuminate/Http/Middleware/ValidatePostSize->handle(Object(Illuminate/Http/Request), Object(Closure))
#54 C:/Users/Lidiya Getale/Herd/immigrationknowhow/vendor/laravel/framework/src/Illuminate/Foundation/Http/Middleware/PreventRequestsDuringMaintenance.php(110): Illuminate/Pipeline/Pipeline->{closure:{closure:Illuminate/Pipeline/Pipeline::carry():184}:185}(Object(Illuminate/Http/Request))
#55 C:/Users/Lidiya Getale/Herd/immigrationknowhow/vendor/laravel/framework/src/Illuminate/Pipeline/Pipeline.php(209): Illuminate/Foundation/Http/Middleware/PreventRequestsDuringMaintenance->handle(Object(Illuminate/Http/Request), Object(Closure))
#56 C:/Users/Lidiya Getale/Herd/immigrationknowhow/vendor/laravel/framework/src/Illuminate/Http/Middleware/HandleCors.php(49): Illuminate/Pipeline/Pipeline->{closure:{closure:Illuminate/Pipeline/Pipeline::carry():184}:185}(Object(Illuminate/Http/Request))
#57 C:/Users/Lidiya Getale/Herd/immigrationknowhow/vendor/laravel/framework/src/Illuminate/Pipeline/Pipeline.php(209): Illuminate/Http/Middleware/HandleCors->handle(Object(Illuminate/Http/Request), Object(Closure))
#58 C:/Users/Lidiya Getale/Herd/immigrationknowhow/vendor/laravel/framework/src/Illuminate/Http/Middleware/TrustProxies.php(58): Illuminate/Pipeline/Pipeline->{closure:{closure:Illuminate/Pipeline/Pipeline::carry():184}:185}(Object(Illuminate/Http/Request))
#59 C:/Users/Lidiya Getale/Herd/immigrationknowhow/vendor/laravel/framework/src/Illuminate/Pipeline/Pipeline.php(209): Illuminate/Http/Middleware/TrustProxies->handle(Object(Illuminate/Http/Request), Object(Closure))
#60 C:/Users/Lidiya Getale/Herd/immigrationknowhow/vendor/laravel/framework/src/Illuminate/Foundation/Http/Middleware/InvokeDeferredCallbacks.php(22): Illuminate/Pipeline/Pipeline->{closure:{closure:Illuminate/Pipeline/Pipeline::carry():184}:185}(Object(Illuminate/Http/Request))
#61 C:/Users/Lidiya Getale/Herd/immigrationknowhow/vendor/laravel/framework/src/Illuminate/Pipeline/Pipeline.php(209): Illuminate/Foundation/Http/Middleware/InvokeDeferredCallbacks->handle(Object(Illuminate/Http/Request), Object(Closure))
#62 C:/Users/Lidiya Getale/Herd/immigrationknowhow/vendor/laravel/framework/src/Illuminate/Pipeline/Pipeline.php(127): Illuminate/Pipeline/Pipeline->{closure:{closure:Illuminate/Pipeline/Pipeline::carry():184}:185}(Object(Illuminate/Http/Request))
#63 C:/Users/Lidiya Getale/Herd/immigrationknowhow/vendor/laravel/framework/src/Illuminate/Foundation/Http/Kernel.php(176): Illuminate/Pipeline/Pipeline->then(Object(Closure))
#64 C:/Users/Lidiya Getale/Herd/immigrationknowhow/vendor/laravel/framework/src/Illuminate/Foundation/Http/Kernel.php(145): Illuminate/Foundation/Http/Kernel->sendRequestThroughRouter(Object(Illuminate/Http/Request))
#65 C:/Users/Lidiya Getale/Herd/immigrationknowhow/vendor/laravel/framework/src/Illuminate/Foundation/Application.php(1220): Illuminate/Foundation/Http/Kernel->handle(Object(Illuminate/Http/Request))
#66 C:/Users/Lidiya Getale/Herd/immigrationknowhow/public/index.php(17): Illuminate/Foundation/Application->handleRequest(Object(Illuminate/Http/Request))
#67 C:/Program Files/Herd/resources/app.asar.unpacked/resources/valet/server.php(139): require('C://Users//Lidiya...')
#68 {main}

[previous exception] [object] (PDOException(code: 23000): SQLSTATE[23000]: Integrity constraint violation: 1052 Column 'conversation_id' in field list is ambiguous at C:/Users/Lidiya Getale/Herd/immigrationknowhow/vendor/laravel/framework/src/Illuminate/Database/Connection.php:407)
[stacktrace]
#0 C:/Users/Lidiya Getale/Herd/immigrationknowhow/vendor/laravel/framework/src/Illuminate/Database/Connection.php(407): PDO->prepare('select `id`, `c...')
#1 C:/Users/Lidiya Getale/Herd/immigrationknowhow/vendor/laravel/framework/src/Illuminate/Database/Connection.php(812): Illuminate/Database/Connection->{closure:Illuminate/Database/Connection::select():398}('select `id`, `c...', Array)
#2 C:/Users/Lidiya Getale/Herd/immigrationknowhow/vendor/laravel/framework/src/Illuminate/Database/Connection.php(779): Illuminate/Database/Connection->runQueryCallback('select `id`, `c...', Array, Object(Closure))
#3 C:/Users/Lidiya Getale/Herd/immigrationknowhow/vendor/laravel/framework/src/Illuminate/Database/Connection.php(398): Illuminate/Database/Connection->run('select `id`, `c...', Array, Object(Closure))
#4 C:/Users/Lidiya Getale/Herd/immigrationknowhow/vendor/laravel/framework/src/Illuminate/Database/Query/Builder.php(3106): Illuminate/Database/Connection->select('select `id`, `c...', Array, true)
#5 C:/Users/Lidiya Getale/Herd/immigrationknowhow/vendor/laravel/framework/src/Illuminate/Database/Query/Builder.php(3091): Illuminate/Database/Query/Builder->runSelect()
#6 C:/Users/Lidiya Getale/Herd/immigrationknowhow/vendor/laravel/framework/src/Illuminate/Database/Query/Builder.php(3676): Illuminate/Database/Query/Builder->{closure:Illuminate/Database/Query/Builder::get():3090}()
#7 C:/Users/Lidiya Getale/Herd/immigrationknowhow/vendor/laravel/framework/src/Illuminate/Database/Query/Builder.php(3090): Illuminate/Database/Query/Builder->onceWithColumns(Array, Object(Closure))
#8 C:/Users/Lidiya Getale/Herd/immigrationknowhow/vendor/laravel/framework/src/Illuminate/Database/Eloquent/Builder.php(811): Illuminate/Database/Query/Builder->get(Array)
#9 C:/Users/Lidiya Getale/Herd/immigrationknowhow/vendor/laravel/framework/src/Illuminate/Database/Eloquent/Builder.php(793): Illuminate/Database/Eloquent/Builder->getModels(Array)
#10 C:/Users/Lidiya Getale/Herd/immigrationknowhow/vendor/laravel/framework/src/Illuminate/Database/Eloquent/Relations/Relation.php(213): Illuminate/Database/Eloquent/Builder->get(Array)
#11 C:/Users/Lidiya Getale/Herd/immigrationknowhow/vendor/laravel/framework/src/Illuminate/Database/Eloquent/Relations/Relation.php(176): Illuminate/Database/Eloquent/Relations/Relation->get()
#12 C:/Users/Lidiya Getale/Herd/immigrationknowhow/vendor/laravel/framework/src/Illuminate/Database/Eloquent/Builder.php(859): Illuminate/Database/Eloquent/Relations/Relation->getEager()
#13 C:/Users/Lidiya Getale/Herd/immigrationknowhow/vendor/laravel/framework/src/Illuminate/Database/Eloquent/Builder.php(828): Illuminate/Database/Eloquent/Builder->eagerLoadRelation(Array, 'latestMessage', Object(Closure))
#14 C:/Users/Lidiya Getale/Herd/immigrationknowhow/vendor/laravel/framework/src/Illuminate/Database/Eloquent/Builder.php(794): Illuminate/Database/Eloquent/Builder->eagerLoadRelations(Array)
#15 C:/Users/Lidiya Getale/Herd/immigrationknowhow/vendor/laravel/framework/src/Illuminate/Database/Eloquent/Builder.php(1034): Illuminate/Database/Eloquent/Builder->get(Array)
#16 C:/Users/Lidiya Getale/Herd/immigrationknowhow/app/Http/Controllers/MessagingController.php(35): Illuminate/Database/Eloquent/Builder->paginate(20)
#17 C:/Users/Lidiya Getale/Herd/immigrationknowhow/vendor/laravel/framework/src/Illuminate/Routing/ControllerDispatcher.php(47): App/Http/Controllers/MessagingController->index(Object(Illuminate/Http/Request))
#18 C:/Users/Lidiya Getale/Herd/immigrationknowhow/vendor/laravel/framework/src/Illuminate/Routing/Route.php(266): Illuminate/Routing/ControllerDispatcher->dispatch(Object(Illuminate/Routing/Route), Object(App/Http/Controllers/MessagingController), 'index')
#19 C:/Users/Lidiya Getale/Herd/immigrationknowhow/vendor/laravel/framework/src/Illuminate/Routing/Route.php(212): Illuminate/Routing/Route->runController()
#20 C:/Users/Lidiya Getale/Herd/immigrationknowhow/vendor/laravel/framework/src/Illuminate/Routing/Router.php(808): Illuminate/Routing/Route->run()
#21 C:/Users/Lidiya Getale/Herd/immigrationknowhow/vendor/laravel/framework/src/Illuminate/Pipeline/Pipeline.php(170): Illuminate/Routing/Router->{closure:Illuminate/Routing/Router::runRouteWithinStack():807}(Object(Illuminate/Http/Request))
#22 C:/Users/Lidiya Getale/Herd/immigrationknowhow/app/Http/Middleware/EnsureOnboardingComplete.php(30): Illuminate/Pipeline/Pipeline->{closure:Illuminate/Pipeline/Pipeline::prepareDestination():168}(Object(Illuminate/Http/Request))
#23 C:/Users/Lidiya Getale/Herd/immigrationknowhow/vendor/laravel/framework/src/Illuminate/Pipeline/Pipeline.php(209): App/Http/Middleware/EnsureOnboardingComplete->handle(Object(Illuminate/Http/Request), Object(Closure))
#24 C:/Users/Lidiya Getale/Herd/immigrationknowhow/vendor/inertiajs/inertia-laravel/src/Middleware.php(87): Illuminate/Pipeline/Pipeline->{closure:{closure:Illuminate/Pipeline/Pipeline::carry():184}:185}(Object(Illuminate/Http/Request))
#25 C:/Users/Lidiya Getale/Herd/immigrationknowhow/vendor/laravel/framework/src/Illuminate/Pipeline/Pipeline.php(209): Inertia/Middleware->handle(Object(Illuminate/Http/Request), Object(Closure))
#26 C:/Users/Lidiya Getale/Herd/immigrationknowhow/vendor/laravel/framework/src/Illuminate/Routing/Middleware/SubstituteBindings.php(51): Illuminate/Pipeline/Pipeline->{closure:{closure:Illuminate/Pipeline/Pipeline::carry():184}:185}(Object(Illuminate/Http/Request))
#27 C:/Users/Lidiya Getale/Herd/immigrationknowhow/vendor/laravel/framework/src/Illuminate/Pipeline/Pipeline.php(209): Illuminate/Routing/Middleware/SubstituteBindings->handle(Object(Illuminate/Http/Request), Object(Closure))
#28 C:/Users/Lidiya Getale/Herd/immigrationknowhow/vendor/laravel/framework/src/Illuminate/Auth/Middleware/Authenticate.php(64): Illuminate/Pipeline/Pipeline->{closure:{closure:Illuminate/Pipeline/Pipeline::carry():184}:185}(Object(Illuminate/Http/Request))
#29 C:/Users/Lidiya Getale/Herd/immigrationknowhow/vendor/laravel/framework/src/Illuminate/Pipeline/Pipeline.php(209): Illuminate/Auth/Middleware/Authenticate->handle(Object(Illuminate/Http/Request), Object(Closure))
#30 C:/Users/Lidiya Getale/Herd/immigrationknowhow/vendor/laravel/framework/src/Illuminate/Foundation/Http/Middleware/VerifyCsrfToken.php(88): Illuminate/Pipeline/Pipeline->{closure:{closure:Illuminate/Pipeline/Pipeline::carry():184}:185}(Object(Illuminate/Http/Request))
#31 C:/Users/Lidiya Getale/Herd/immigrationknowhow/vendor/laravel/framework/src/Illuminate/Pipeline/Pipeline.php(209): Illuminate/Foundation/Http/Middleware/VerifyCsrfToken->handle(Object(Illuminate/Http/Request), Object(Closure))
#32 C:/Users/Lidiya Getale/Herd/immigrationknowhow/vendor/laravel/framework/src/Illuminate/View/Middleware/ShareErrorsFromSession.php(49): Illuminate/Pipeline/Pipeline->{closure:{closure:Illuminate/Pipeline/Pipeline::carry():184}:185}(Object(Illuminate/Http/Request))
#33 C:/Users/Lidiya Getale/Herd/immigrationknowhow/vendor/laravel/framework/src/Illuminate/Pipeline/Pipeline.php(209): Illuminate/View/Middleware/ShareErrorsFromSession->handle(Object(Illuminate/Http/Request), Object(Closure))
#34 C:/Users/Lidiya Getale/Herd/immigrationknowhow/vendor/laravel/framework/src/Illuminate/Session/Middleware/StartSession.php(121): Illuminate/Pipeline/Pipeline->{closure:{closure:Illuminate/Pipeline/Pipeline::carry():184}:185}(Object(Illuminate/Http/Request))
#35 C:/Users/Lidiya Getale/Herd/immigrationknowhow/vendor/laravel/framework/src/Illuminate/Session/Middleware/StartSession.php(64): Illuminate/Session/Middleware/StartSession->handleStatefulRequest(Object(Illuminate/Http/Request), Object(Illuminate/Session/Store), Object(Closure))
#36 C:/Users/Lidiya Getale/Herd/immigrationknowhow/vendor/laravel/framework/src/Illuminate/Pipeline/Pipeline.php(209): Illuminate/Session/Middleware/StartSession->handle(Object(Illuminate/Http/Request), Object(Closure))
#37 C:/Users/Lidiya Getale/Herd/immigrationknowhow/vendor/laravel/framework/src/Illuminate/Cookie/Middleware/AddQueuedCookiesToResponse.php(37): Illuminate/Pipeline/Pipeline->{closure:{closure:Illuminate/Pipeline/Pipeline::carry():184}:185}(Object(Illuminate/Http/Request))
#38 C:/Users/Lidiya Getale/Herd/immigrationknowhow/vendor/laravel/framework/src/Illuminate/Pipeline/Pipeline.php(209): Illuminate/Cookie/Middleware/AddQueuedCookiesToResponse->handle(Object(Illuminate/Http/Request), Object(Closure))
#39 C:/Users/Lidiya Getale/Herd/immigrationknowhow/vendor/laravel/framework/src/Illuminate/Cookie/Middleware/EncryptCookies.php(75): Illuminate/Pipeline/Pipeline->{closure:{closure:Illuminate/Pipeline/Pipeline::carry():184}:185}(Object(Illuminate/Http/Request))
#40 C:/Users/Lidiya Getale/Herd/immigrationknowhow/vendor/laravel/framework/src/Illuminate/Pipeline/Pipeline.php(209): Illuminate/Cookie/Middleware/EncryptCookies->handle(Object(Illuminate/Http/Request), Object(Closure))
#41 C:/Users/Lidiya Getale/Herd/immigrationknowhow/vendor/laravel/framework/src/Illuminate/Pipeline/Pipeline.php(127): Illuminate/Pipeline/Pipeline->{closure:{closure:Illuminate/Pipeline/Pipeline::carry():184}:185}(Object(Illuminate/Http/Request))
#42 C:/Users/Lidiya Getale/Herd/immigrationknowhow/vendor/laravel/framework/src/Illuminate/Routing/Router.php(807): Illuminate/Pipeline/Pipeline->then(Object(Closure))
#43 C:/Users/Lidiya Getale/Herd/immigrationknowhow/vendor/laravel/framework/src/Illuminate/Routing/Router.php(786): Illuminate/Routing/Router->runRouteWithinStack(Object(Illuminate/Routing/Route), Object(Illuminate/Http/Request))
#44 C:/Users/Lidiya Getale/Herd/immigrationknowhow/vendor/laravel/framework/src/Illuminate/Routing/Router.php(750): Illuminate/Routing/Router->runRoute(Object(Illuminate/Http/Request), Object(Illuminate/Routing/Route))
#45 C:/Users/Lidiya Getale/Herd/immigrationknowhow/vendor/laravel/framework/src/Illuminate/Routing/Router.php(739): Illuminate/Routing/Router->dispatchToRoute(Object(Illuminate/Http/Request))
#46 C:/Users/Lidiya Getale/Herd/immigrationknowhow/vendor/laravel/framework/src/Illuminate/Foundation/Http/Kernel.php(201): Illuminate/Routing/Router->dispatch(Object(Illuminate/Http/Request))
#47 C:/Users/Lidiya Getale/Herd/immigrationknowhow/vendor/laravel/framework/src/Illuminate/Pipeline/Pipeline.php(170): Illuminate/Foundation/Http/Kernel->{closure:Illuminate/Foundation/Http/Kernel::dispatchToRouter():198}(Object(Illuminate/Http/Request))
#48 C:/Users/Lidiya Getale/Herd/immigrationknowhow/vendor/laravel/framework/src/Illuminate/Foundation/Http/Middleware/TransformsRequest.php(21): Illuminate/Pipeline/Pipeline->{closure:Illuminate/Pipeline/Pipeline::prepareDestination():168}(Object(Illuminate/Http/Request))
#49 C:/Users/Lidiya Getale/Herd/immigrationknowhow/vendor/laravel/framework/src/Illuminate/Foundation/Http/Middleware/ConvertEmptyStringsToNull.php(31): Illuminate/Foundation/Http/Middleware/TransformsRequest->handle(Object(Illuminate/Http/Request), Object(Closure))
#50 C:/Users/Lidiya Getale/Herd/immigrationknowhow/vendor/laravel/framework/src/Illuminate/Pipeline/Pipeline.php(209): Illuminate/Foundation/Http/Middleware/ConvertEmptyStringsToNull->handle(Object(Illuminate/Http/Request), Object(Closure))
#51 C:/Users/Lidiya Getale/Herd/immigrationknowhow/vendor/laravel/framework/src/Illuminate/Foundation/Http/Middleware/TransformsRequest.php(21): Illuminate/Pipeline/Pipeline->{closure:{closure:Illuminate/Pipeline/Pipeline::carry():184}:185}(Object(Illuminate/Http/Request))
#52 C:/Users/Lidiya Getale/Herd/immigrationknowhow/vendor/laravel/framework/src/Illuminate/Foundation/Http/Middleware/TrimStrings.php(51): Illuminate/Foundation/Http/Middleware/TransformsRequest->handle(Object(Illuminate/Http/Request), Object(Closure))
#53 C:/Users/Lidiya Getale/Herd/immigrationknowhow/vendor/laravel/framework/src/Illuminate/Pipeline/Pipeline.php(209): Illuminate/Foundation/Http/Middleware/TrimStrings->handle(Object(Illuminate/Http/Request), Object(Closure))
#54 C:/Users/Lidiya Getale/Herd/immigrationknowhow/vendor/laravel/framework/src/Illuminate/Http/Middleware/ValidatePostSize.php(27): Illuminate/Pipeline/Pipeline->{closure:{closure:Illuminate/Pipeline/Pipeline::carry():184}:185}(Object(Illuminate/Http/Request))
#55 C:/Users/Lidiya Getale/Herd/immigrationknowhow/vendor/laravel/framework/src/Illuminate/Pipeline/Pipeline.php(209): Illuminate/Http/Middleware/ValidatePostSize->handle(Object(Illuminate/Http/Request), Object(Closure))
#56 C:/Users/Lidiya Getale/Herd/immigrationknowhow/vendor/laravel/framework/src/Illuminate/Foundation/Http/Middleware/PreventRequestsDuringMaintenance.php(110): Illuminate/Pipeline/Pipeline->{closure:{closure:Illuminate/Pipeline/Pipeline::carry():184}:185}(Object(Illuminate/Http/Request))
#57 C:/Users/Lidiya Getale/Herd/immigrationknowhow/vendor/laravel/framework/src/Illuminate/Pipeline/Pipeline.php(209): Illuminate/Foundation/Http/Middleware/PreventRequestsDuringMaintenance->handle(Object(Illuminate/Http/Request), Object(Closure))
#58 C:/Users/Lidiya Getale/Herd/immigrationknowhow/vendor/laravel/framework/src/Illuminate/Http/Middleware/HandleCors.php(49): Illuminate/Pipeline/Pipeline->{closure:{closure:Illuminate/Pipeline/Pipeline::carry():184}:185}(Object(Illuminate/Http/Request))
#59 C:/Users/Lidiya Getale/Herd/immigrationknowhow/vendor/laravel/framework/src/Illuminate/Pipeline/Pipeline.php(209): Illuminate/Http/Middleware/HandleCors->handle(Object(Illuminate/Http/Request), Object(Closure))
#60 C:/Users/Lidiya Getale/Herd/immigrationknowhow/vendor/laravel/framework/src/Illuminate/Http/Middleware/TrustProxies.php(58): Illuminate/Pipeline/Pipeline->{closure:{closure:Illuminate/Pipeline/Pipeline::carry():184}:185}(Object(Illuminate/Http/Request))
#61 C:/Users/Lidiya Getale/Herd/immigrationknowhow/vendor/laravel/framework/src/Illuminate/Pipeline/Pipeline.php(209): Illuminate/Http/Middleware/TrustProxies->handle(Object(Illuminate/Http/Request), Object(Closure))
#62 C:/Users/Lidiya Getale/Herd/immigrationknowhow/vendor/laravel/framework/src/Illuminate/Foundation/Http/Middleware/InvokeDeferredCallbacks.php(22): Illuminate/Pipeline/Pipeline->{closure:{closure:Illuminate/Pipeline/Pipeline::carry():184}:185}(Object(Illuminate/Http/Request))
#63 C:/Users/Lidiya Getale/Herd/immigrationknowhow/vendor/laravel/framework/src/Illuminate/Pipeline/Pipeline.php(209): Illuminate/Foundation/Http/Middleware/InvokeDeferredCallbacks->handle(Object(Illuminate/Http/Request), Object(Closure))
#64 C:/Users/Lidiya Getale/Herd/immigrationknowhow/vendor/laravel/framework/src/Illuminate/Pipeline/Pipeline.php(127): Illuminate/Pipeline/Pipeline->{closure:{closure:Illuminate/Pipeline/Pipeline::carry():184}:185}(Object(Illuminate/Http/Request))
#65 C:/Users/Lidiya Getale/Herd/immigrationknowhow/vendor/laravel/framework/src/Illuminate/Foundation/Http/Kernel.php(176): Illuminate/Pipeline/Pipeline->then(Object(Closure))
#66 C:/Users/Lidiya Getale/Herd/immigrationknowhow/vendor/laravel/framework/src/Illuminate/Foundation/Http/Kernel.php(145): Illuminate/Foundation/Http/Kernel->sendRequestThroughRouter(Object(Illuminate/Http/Request))
#67 C:/Users/Lidiya Getale/Herd/immigrationknowhow/vendor/laravel/framework/src/Illuminate/Foundation/Application.php(1220): Illuminate/Foundation/Http/Kernel->handle(Object(Illuminate/Http/Request))
#68 C:/Users/Lidiya Getale/Herd/immigrationknowhow/public/index.php(17): Illuminate/Foundation/Application->handleRequest(Object(Illuminate/Http/Request))
#69 C:/Program Files/Herd/resources/app.asar.unpacked/resources/valet/server.php(139): require('C://Users//Lidiya...')
#70 {main}
"} 
[2026-04-09 19:36:54] local.ERROR: SQLSTATE[23000]: Integrity constraint violation: 1052 Column 'conversation_id' in field list is ambiguous (Connection: mysql, SQL: select `id`, `conversation_id`, `sender_id`, `body`, `created_at` from `messages` inner join (select MAX(`messages`.`id`) as `id_aggregate`, `messages`.`conversation_id` from `messages` where `messages`.`conversation_id` in (1) and `messages`.`deleted_at` is null group by `messages`.`conversation_id`) as `latestOfMany` on `latestOfMany`.`id_aggregate` = `messages`.`id` and `latestOfMany`.`conversation_id` = `messages`.`conversation_id` where `messages`.`deleted_at` is null) {"userId":43,"exception":"[object] (Illuminate\\Database\\QueryException(code: 23000): SQLSTATE[23000]: Integrity constraint violation: 1052 Column 'conversation_id' in field list is ambiguous (Connection: mysql, SQL: select `id`, `conversation_id`, `sender_id`, `body`, `created_at` from `messages` inner join (select MAX(`messages`.`id`) as `id_aggregate`, `messages`.`conversation_id` from `messages` where `messages`.`conversation_id` in (1) and `messages`.`deleted_at` is null group by `messages`.`conversation_id`) as `latestOfMany` on `latestOfMany`.`id_aggregate` = `messages`.`id` and `latestOfMany`.`conversation_id` = `messages`.`conversation_id` where `messages`.`deleted_at` is null) at C:/Users/Lidiya Getale/Herd/immigrationknowhow/vendor/laravel/framework/src/Illuminate/Database/Connection.php:825)
[stacktrace]
#0 C:/Users/Lidiya Getale/Herd/immigrationknowhow/vendor/laravel/framework/src/Illuminate/Database/Connection.php(779): Illuminate/Database/Connection->runQueryCallback('select `id`, `c...', Array, Object(Closure))
#1 C:/Users/Lidiya Getale/Herd/immigrationknowhow/vendor/laravel/framework/src/Illuminate/Database/Connection.php(398): Illuminate/Database/Connection->run('select `id`, `c...', Array, Object(Closure))
#2 C:/Users/Lidiya Getale/Herd/immigrationknowhow/vendor/laravel/framework/src/Illuminate/Database/Query/Builder.php(3106): Illuminate/Database/Connection->select('select `id`, `c...', Array, true)
#3 C:/Users/Lidiya Getale/Herd/immigrationknowhow/vendor/laravel/framework/src/Illuminate/Database/Query/Builder.php(3091): Illuminate/Database/Query/Builder->runSelect()
#4 C:/Users/Lidiya Getale/Herd/immigrationknowhow/vendor/laravel/framework/src/Illuminate/Database/Query/Builder.php(3676): Illuminate/Database/Query/Builder->{closure:Illuminate/Database/Query/Builder::get():3090}()
#5 C:/Users/Lidiya Getale/Herd/immigrationknowhow/vendor/laravel/framework/src/Illuminate/Database/Query/Builder.php(3090): Illuminate/Database/Query/Builder->onceWithColumns(Array, Object(Closure))
#6 C:/Users/Lidiya Getale/Herd/immigrationknowhow/vendor/laravel/framework/src/Illuminate/Database/Eloquent/Builder.php(811): Illuminate/Database/Query/Builder->get(Array)
#7 C:/Users/Lidiya Getale/Herd/immigrationknowhow/vendor/laravel/framework/src/Illuminate/Database/Eloquent/Builder.php(793): Illuminate/Database/Eloquent/Builder->getModels(Array)
#8 C:/Users/Lidiya Getale/Herd/immigrationknowhow/vendor/laravel/framework/src/Illuminate/Database/Eloquent/Relations/Relation.php(213): Illuminate/Database/Eloquent/Builder->get(Array)
#9 C:/Users/Lidiya Getale/Herd/immigrationknowhow/vendor/laravel/framework/src/Illuminate/Database/Eloquent/Relations/Relation.php(176): Illuminate/Database/Eloquent/Relations/Relation->get()
#10 C:/Users/Lidiya Getale/Herd/immigrationknowhow/vendor/laravel/framework/src/Illuminate/Database/Eloquent/Builder.php(859): Illuminate/Database/Eloquent/Relations/Relation->getEager()
#11 C:/Users/Lidiya Getale/Herd/immigrationknowhow/vendor/laravel/framework/src/Illuminate/Database/Eloquent/Builder.php(828): Illuminate/Database/Eloquent/Builder->eagerLoadRelation(Array, 'latestMessage', Object(Closure))
#12 C:/Users/Lidiya Getale/Herd/immigrationknowhow/vendor/laravel/framework/src/Illuminate/Database/Eloquent/Builder.php(794): Illuminate/Database/Eloquent/Builder->eagerLoadRelations(Array)
#13 C:/Users/Lidiya Getale/Herd/immigrationknowhow/vendor/laravel/framework/src/Illuminate/Database/Eloquent/Builder.php(1034): Illuminate/Database/Eloquent/Builder->get(Array)
#14 C:/Users/Lidiya Getale/Herd/immigrationknowhow/app/Http/Controllers/MessagingController.php(35): Illuminate/Database/Eloquent/Builder->paginate(20)
#15 C:/Users/Lidiya Getale/Herd/immigrationknowhow/vendor/laravel/framework/src/Illuminate/Routing/ControllerDispatcher.php(47): App/Http/Controllers/MessagingController->index(Object(Illuminate/Http/Request))
#16 C:/Users/Lidiya Getale/Herd/immigrationknowhow/vendor/laravel/framework/src/Illuminate/Routing/Route.php(266): Illuminate/Routing/ControllerDispatcher->dispatch(Object(Illuminate/Routing/Route), Object(App/Http/Controllers/MessagingController), 'index')
#17 C:/Users/Lidiya Getale/Herd/immigrationknowhow/vendor/laravel/framework/src/Illuminate/Routing/Route.php(212): Illuminate/Routing/Route->runController()
#18 C:/Users/Lidiya Getale/Herd/immigrationknowhow/vendor/laravel/framework/src/Illuminate/Routing/Router.php(808): Illuminate/Routing/Route->run()
#19 C:/Users/Lidiya Getale/Herd/immigrationknowhow/vendor/laravel/framework/src/Illuminate/Pipeline/Pipeline.php(170): Illuminate/Routing/Router->{closure:Illuminate/Routing/Router::runRouteWithinStack():807}(Object(Illuminate/Http/Request))
#20 C:/Users/Lidiya Getale/Herd/immigrationknowhow/app/Http/Middleware/EnsureOnboardingComplete.php(30): Illuminate/Pipeline/Pipeline->{closure:Illuminate/Pipeline/Pipeline::prepareDestination():168}(Object(Illuminate/Http/Request))
#21 C:/Users/Lidiya Getale/Herd/immigrationknowhow/vendor/laravel/framework/src/Illuminate/Pipeline/Pipeline.php(209): App/Http/Middleware/EnsureOnboardingComplete->handle(Object(Illuminate/Http/Request), Object(Closure))
#22 C:/Users/Lidiya Getale/Herd/immigrationknowhow/vendor/inertiajs/inertia-laravel/src/Middleware.php(87): Illuminate/Pipeline/Pipeline->{closure:{closure:Illuminate/Pipeline/Pipeline::carry():184}:185}(Object(Illuminate/Http/Request))
#23 C:/Users/Lidiya Getale/Herd/immigrationknowhow/vendor/laravel/framework/src/Illuminate/Pipeline/Pipeline.php(209): Inertia/Middleware->handle(Object(Illuminate/Http/Request), Object(Closure))
#24 C:/Users/Lidiya Getale/Herd/immigrationknowhow/vendor/laravel/framework/src/Illuminate/Routing/Middleware/SubstituteBindings.php(51): Illuminate/Pipeline/Pipeline->{closure:{closure:Illuminate/Pipeline/Pipeline::carry():184}:185}(Object(Illuminate/Http/Request))
#25 C:/Users/Lidiya Getale/Herd/immigrationknowhow/vendor/laravel/framework/src/Illuminate/Pipeline/Pipeline.php(209): Illuminate/Routing/Middleware/SubstituteBindings->handle(Object(Illuminate/Http/Request), Object(Closure))
#26 C:/Users/Lidiya Getale/Herd/immigrationknowhow/vendor/laravel/framework/src/Illuminate/Auth/Middleware/Authenticate.php(64): Illuminate/Pipeline/Pipeline->{closure:{closure:Illuminate/Pipeline/Pipeline::carry():184}:185}(Object(Illuminate/Http/Request))
#27 C:/Users/Lidiya Getale/Herd/immigrationknowhow/vendor/laravel/framework/src/Illuminate/Pipeline/Pipeline.php(209): Illuminate/Auth/Middleware/Authenticate->handle(Object(Illuminate/Http/Request), Object(Closure))
#28 C:/Users/Lidiya Getale/Herd/immigrationknowhow/vendor/laravel/framework/src/Illuminate/Foundation/Http/Middleware/VerifyCsrfToken.php(88): Illuminate/Pipeline/Pipeline->{closure:{closure:Illuminate/Pipeline/Pipeline::carry():184}:185}(Object(Illuminate/Http/Request))
#29 C:/Users/Lidiya Getale/Herd/immigrationknowhow/vendor/laravel/framework/src/Illuminate/Pipeline/Pipeline.php(209): Illuminate/Foundation/Http/Middleware/VerifyCsrfToken->handle(Object(Illuminate/Http/Request), Object(Closure))
#30 C:/Users/Lidiya Getale/Herd/immigrationknowhow/vendor/laravel/framework/src/Illuminate/View/Middleware/ShareErrorsFromSession.php(49): Illuminate/Pipeline/Pipeline->{closure:{closure:Illuminate/Pipeline/Pipeline::carry():184}:185}(Object(Illuminate/Http/Request))
#31 C:/Users/Lidiya Getale/Herd/immigrationknowhow/vendor/laravel/framework/src/Illuminate/Pipeline/Pipeline.php(209): Illuminate/View/Middleware/ShareErrorsFromSession->handle(Object(Illuminate/Http/Request), Object(Closure))
#32 C:/Users/Lidiya Getale/Herd/immigrationknowhow/vendor/laravel/framework/src/Illuminate/Session/Middleware/StartSession.php(121): Illuminate/Pipeline/Pipeline->{closure:{closure:Illuminate/Pipeline/Pipeline::carry():184}:185}(Object(Illuminate/Http/Request))
#33 C:/Users/Lidiya Getale/Herd/immigrationknowhow/vendor/laravel/framework/src/Illuminate/Session/Middleware/StartSession.php(64): Illuminate/Session/Middleware/StartSession->handleStatefulRequest(Object(Illuminate/Http/Request), Object(Illuminate/Session/Store), Object(Closure))
#34 C:/Users/Lidiya Getale/Herd/immigrationknowhow/vendor/laravel/framework/src/Illuminate/Pipeline/Pipeline.php(209): Illuminate/Session/Middleware/StartSession->handle(Object(Illuminate/Http/Request), Object(Closure))
#35 C:/Users/Lidiya Getale/Herd/immigrationknowhow/vendor/laravel/framework/src/Illuminate/Cookie/Middleware/AddQueuedCookiesToResponse.php(37): Illuminate/Pipeline/Pipeline->{closure:{closure:Illuminate/Pipeline/Pipeline::carry():184}:185}(Object(Illuminate/Http/Request))
#36 C:/Users/Lidiya Getale/Herd/immigrationknowhow/vendor/laravel/framework/src/Illuminate/Pipeline/Pipeline.php(209): Illuminate/Cookie/Middleware/AddQueuedCookiesToResponse->handle(Object(Illuminate/Http/Request), Object(Closure))
#37 C:/Users/Lidiya Getale/Herd/immigrationknowhow/vendor/laravel/framework/src/Illuminate/Cookie/Middleware/EncryptCookies.php(75): Illuminate/Pipeline/Pipeline->{closure:{closure:Illuminate/Pipeline/Pipeline::carry():184}:185}(Object(Illuminate/Http/Request))
#38 C:/Users/Lidiya Getale/Herd/immigrationknowhow/vendor/laravel/framework/src/Illuminate/Pipeline/Pipeline.php(209): Illuminate/Cookie/Middleware/EncryptCookies->handle(Object(Illuminate/Http/Request), Object(Closure))
#39 C:/Users/Lidiya Getale/Herd/immigrationknowhow/vendor/laravel/framework/src/Illuminate/Pipeline/Pipeline.php(127): Illuminate/Pipeline/Pipeline->{closure:{closure:Illuminate/Pipeline/Pipeline::carry():184}:185}(Object(Illuminate/Http/Request))
#40 C:/Users/Lidiya Getale/Herd/immigrationknowhow/vendor/laravel/framework/src/Illuminate/Routing/Router.php(807): Illuminate/Pipeline/Pipeline->then(Object(Closure))
#41 C:/Users/Lidiya Getale/Herd/immigrationknowhow/vendor/laravel/framework/src/Illuminate/Routing/Router.php(786): Illuminate/Routing/Router->runRouteWithinStack(Object(Illuminate/Routing/Route), Object(Illuminate/Http/Request))
#42 C:/Users/Lidiya Getale/Herd/immigrationknowhow/vendor/laravel/framework/src/Illuminate/Routing/Router.php(750): Illuminate/Routing/Router->runRoute(Object(Illuminate/Http/Request), Object(Illuminate/Routing/Route))
#43 C:/Users/Lidiya Getale/Herd/immigrationknowhow/vendor/laravel/framework/src/Illuminate/Routing/Router.php(739): Illuminate/Routing/Router->dispatchToRoute(Object(Illuminate/Http/Request))
#44 C:/Users/Lidiya Getale/Herd/immigrationknowhow/vendor/laravel/framework/src/Illuminate/Foundation/Http/Kernel.php(201): Illuminate/Routing/Router->dispatch(Object(Illuminate/Http/Request))
#45 C:/Users/Lidiya Getale/Herd/immigrationknowhow/vendor/laravel/framework/src/Illuminate/Pipeline/Pipeline.php(170): Illuminate/Foundation/Http/Kernel->{closure:Illuminate/Foundation/Http/Kernel::dispatchToRouter():198}(Object(Illuminate/Http/Request))
#46 C:/Users/Lidiya Getale/Herd/immigrationknowhow/vendor/laravel/framework/src/Illuminate/Foundation/Http/Middleware/TransformsRequest.php(21): Illuminate/Pipeline/Pipeline->{closure:Illuminate/Pipeline/Pipeline::prepareDestination():168}(Object(Illuminate/Http/Request))
#47 C:/Users/Lidiya Getale/Herd/immigrationknowhow/vendor/laravel/framework/src/Illuminate/Foundation/Http/Middleware/ConvertEmptyStringsToNull.php(31): Illuminate/Foundation/Http/Middleware/TransformsRequest->handle(Object(Illuminate/Http/Request), Object(Closure))
#48 C:/Users/Lidiya Getale/Herd/immigrationknowhow/vendor/laravel/framework/src/Illuminate/Pipeline/Pipeline.php(209): Illuminate/Foundation/Http/Middleware/ConvertEmptyStringsToNull->handle(Object(Illuminate/Http/Request), Object(Closure))
#49 C:/Users/Lidiya Getale/Herd/immigrationknowhow/vendor/laravel/framework/src/Illuminate/Foundation/Http/Middleware/TransformsRequest.php(21): Illuminate/Pipeline/Pipeline->{closure:{closure:Illuminate/Pipeline/Pipeline::carry():184}:185}(Object(Illuminate/Http/Request))
#50 C:/Users/Lidiya Getale/Herd/immigrationknowhow/vendor/laravel/framework/src/Illuminate/Foundation/Http/Middleware/TrimStrings.php(51): Illuminate/Foundation/Http/Middleware/TransformsRequest->handle(Object(Illuminate/Http/Request), Object(Closure))
#51 C:/Users/Lidiya Getale/Herd/immigrationknowhow/vendor/laravel/framework/src/Illuminate/Pipeline/Pipeline.php(209): Illuminate/Foundation/Http/Middleware/TrimStrings->handle(Object(Illuminate/Http/Request), Object(Closure))
#52 C:/Users/Lidiya Getale/Herd/immigrationknowhow/vendor/laravel/framework/src/Illuminate/Http/Middleware/ValidatePostSize.php(27): Illuminate/Pipeline/Pipeline->{closure:{closure:Illuminate/Pipeline/Pipeline::carry():184}:185}(Object(Illuminate/Http/Request))
#53 C:/Users/Lidiya Getale/Herd/immigrationknowhow/vendor/laravel/framework/src/Illuminate/Pipeline/Pipeline.php(209): Illuminate/Http/Middleware/ValidatePostSize->handle(Object(Illuminate/Http/Request), Object(Closure))
#54 C:/Users/Lidiya Getale/Herd/immigrationknowhow/vendor/laravel/framework/src/Illuminate/Foundation/Http/Middleware/PreventRequestsDuringMaintenance.php(110): Illuminate/Pipeline/Pipeline->{closure:{closure:Illuminate/Pipeline/Pipeline::carry():184}:185}(Object(Illuminate/Http/Request))
#55 C:/Users/Lidiya Getale/Herd/immigrationknowhow/vendor/laravel/framework/src/Illuminate/Pipeline/Pipeline.php(209): Illuminate/Foundation/Http/Middleware/PreventRequestsDuringMaintenance->handle(Object(Illuminate/Http/Request), Object(Closure))
#56 C:/Users/Lidiya Getale/Herd/immigrationknowhow/vendor/laravel/framework/src/Illuminate/Http/Middleware/HandleCors.php(49): Illuminate/Pipeline/Pipeline->{closure:{closure:Illuminate/Pipeline/Pipeline::carry():184}:185}(Object(Illuminate/Http/Request))
#57 C:/Users/Lidiya Getale/Herd/immigrationknowhow/vendor/laravel/framework/src/Illuminate/Pipeline/Pipeline.php(209): Illuminate/Http/Middleware/HandleCors->handle(Object(Illuminate/Http/Request), Object(Closure))
#58 C:/Users/Lidiya Getale/Herd/immigrationknowhow/vendor/laravel/framework/src/Illuminate/Http/Middleware/TrustProxies.php(58): Illuminate/Pipeline/Pipeline->{closure:{closure:Illuminate/Pipeline/Pipeline::carry():184}:185}(Object(Illuminate/Http/Request))
#59 C:/Users/Lidiya Getale/Herd/immigrationknowhow/vendor/laravel/framework/src/Illuminate/Pipeline/Pipeline.php(209): Illuminate/Http/Middleware/TrustProxies->handle(Object(Illuminate/Http/Request), Object(Closure))
#60 C:/Users/Lidiya Getale/Herd/immigrationknowhow/vendor/laravel/framework/src/Illuminate/Foundation/Http/Middleware/InvokeDeferredCallbacks.php(22): Illuminate/Pipeline/Pipeline->{closure:{closure:Illuminate/Pipeline/Pipeline::carry():184}:185}(Object(Illuminate/Http/Request))
#61 C:/Users/Lidiya Getale/Herd/immigrationknowhow/vendor/laravel/framework/src/Illuminate/Pipeline/Pipeline.php(209): Illuminate/Foundation/Http/Middleware/InvokeDeferredCallbacks->handle(Object(Illuminate/Http/Request), Object(Closure))
#62 C:/Users/Lidiya Getale/Herd/immigrationknowhow/vendor/laravel/framework/src/Illuminate/Pipeline/Pipeline.php(127): Illuminate/Pipeline/Pipeline->{closure:{closure:Illuminate/Pipeline/Pipeline::carry():184}:185}(Object(Illuminate/Http/Request))
#63 C:/Users/Lidiya Getale/Herd/immigrationknowhow/vendor/laravel/framework/src/Illuminate/Foundation/Http/Kernel.php(176): Illuminate/Pipeline/Pipeline->then(Object(Closure))
#64 C:/Users/Lidiya Getale/Herd/immigrationknowhow/vendor/laravel/framework/src/Illuminate/Foundation/Http/Kernel.php(145): Illuminate/Foundation/Http/Kernel->sendRequestThroughRouter(Object(Illuminate/Http/Request))
#65 C:/Users/Lidiya Getale/Herd/immigrationknowhow/vendor/laravel/framework/src/Illuminate/Foundation/Application.php(1220): Illuminate/Foundation/Http/Kernel->handle(Object(Illuminate/Http/Request))
#66 C:/Users/Lidiya Getale/Herd/immigrationknowhow/public/index.php(17): Illuminate/Foundation/Application->handleRequest(Object(Illuminate/Http/Request))
#67 C:/Program Files/Herd/resources/app.asar.unpacked/resources/valet/server.php(139): require('C://Users//Lidiya...')
#68 {main}

[previous exception] [object] (PDOException(code: 23000): SQLSTATE[23000]: Integrity constraint violation: 1052 Column 'conversation_id' in field list is ambiguous at C:/Users/Lidiya Getale/Herd/immigrationknowhow/vendor/laravel/framework/src/Illuminate/Database/Connection.php:407)
[stacktrace]
#0 C:/Users/Lidiya Getale/Herd/immigrationknowhow/vendor/laravel/framework/src/Illuminate/Database/Connection.php(407): PDO->prepare('select `id`, `c...')
#1 C:/Users/Lidiya Getale/Herd/immigrationknowhow/vendor/laravel/framework/src/Illuminate/Database/Connection.php(812): Illuminate/Database/Connection->{closure:Illuminate/Database/Connection::select():398}('select `id`, `c...', Array)
#2 C:/Users/Lidiya Getale/Herd/immigrationknowhow/vendor/laravel/framework/src/Illuminate/Database/Connection.php(779): Illuminate/Database/Connection->runQueryCallback('select `id`, `c...', Array, Object(Closure))
#3 C:/Users/Lidiya Getale/Herd/immigrationknowhow/vendor/laravel/framework/src/Illuminate/Database/Connection.php(398): Illuminate/Database/Connection->run('select `id`, `c...', Array, Object(Closure))
#4 C:/Users/Lidiya Getale/Herd/immigrationknowhow/vendor/laravel/framework/src/Illuminate/Database/Query/Builder.php(3106): Illuminate/Database/Connection->select('select `id`, `c...', Array, true)
#5 C:/Users/Lidiya Getale/Herd/immigrationknowhow/vendor/laravel/framework/src/Illuminate/Database/Query/Builder.php(3091): Illuminate/Database/Query/Builder->runSelect()
#6 C:/Users/Lidiya Getale/Herd/immigrationknowhow/vendor/laravel/framework/src/Illuminate/Database/Query/Builder.php(3676): Illuminate/Database/Query/Builder->{closure:Illuminate/Database/Query/Builder::get():3090}()
#7 C:/Users/Lidiya Getale/Herd/immigrationknowhow/vendor/laravel/framework/src/Illuminate/Database/Query/Builder.php(3090): Illuminate/Database/Query/Builder->onceWithColumns(Array, Object(Closure))
#8 C:/Users/Lidiya Getale/Herd/immigrationknowhow/vendor/laravel/framework/src/Illuminate/Database/Eloquent/Builder.php(811): Illuminate/Database/Query/Builder->get(Array)
#9 C:/Users/Lidiya Getale/Herd/immigrationknowhow/vendor/laravel/framework/src/Illuminate/Database/Eloquent/Builder.php(793): Illuminate/Database/Eloquent/Builder->getModels(Array)
#10 C:/Users/Lidiya Getale/Herd/immigrationknowhow/vendor/laravel/framework/src/Illuminate/Database/Eloquent/Relations/Relation.php(213): Illuminate/Database/Eloquent/Builder->get(Array)
#11 C:/Users/Lidiya Getale/Herd/immigrationknowhow/vendor/laravel/framework/src/Illuminate/Database/Eloquent/Relations/Relation.php(176): Illuminate/Database/Eloquent/Relations/Relation->get()
#12 C:/Users/Lidiya Getale/Herd/immigrationknowhow/vendor/laravel/framework/src/Illuminate/Database/Eloquent/Builder.php(859): Illuminate/Database/Eloquent/Relations/Relation->getEager()
#13 C:/Users/Lidiya Getale/Herd/immigrationknowhow/vendor/laravel/framework/src/Illuminate/Database/Eloquent/Builder.php(828): Illuminate/Database/Eloquent/Builder->eagerLoadRelation(Array, 'latestMessage', Object(Closure))
#14 C:/Users/Lidiya Getale/Herd/immigrationknowhow/vendor/laravel/framework/src/Illuminate/Database/Eloquent/Builder.php(794): Illuminate/Database/Eloquent/Builder->eagerLoadRelations(Array)
#15 C:/Users/Lidiya Getale/Herd/immigrationknowhow/vendor/laravel/framework/src/Illuminate/Database/Eloquent/Builder.php(1034): Illuminate/Database/Eloquent/Builder->get(Array)
#16 C:/Users/Lidiya Getale/Herd/immigrationknowhow/app/Http/Controllers/MessagingController.php(35): Illuminate/Database/Eloquent/Builder->paginate(20)
#17 C:/Users/Lidiya Getale/Herd/immigrationknowhow/vendor/laravel/framework/src/Illuminate/Routing/ControllerDispatcher.php(47): App/Http/Controllers/MessagingController->index(Object(Illuminate/Http/Request))
#18 C:/Users/Lidiya Getale/Herd/immigrationknowhow/vendor/laravel/framework/src/Illuminate/Routing/Route.php(266): Illuminate/Routing/ControllerDispatcher->dispatch(Object(Illuminate/Routing/Route), Object(App/Http/Controllers/MessagingController), 'index')
#19 C:/Users/Lidiya Getale/Herd/immigrationknowhow/vendor/laravel/framework/src/Illuminate/Routing/Route.php(212): Illuminate/Routing/Route->runController()
#20 C:/Users/Lidiya Getale/Herd/immigrationknowhow/vendor/laravel/framework/src/Illuminate/Routing/Router.php(808): Illuminate/Routing/Route->run()
#21 C:/Users/Lidiya Getale/Herd/immigrationknowhow/vendor/laravel/framework/src/Illuminate/Pipeline/Pipeline.php(170): Illuminate/Routing/Router->{closure:Illuminate/Routing/Router::runRouteWithinStack():807}(Object(Illuminate/Http/Request))
#22 C:/Users/Lidiya Getale/Herd/immigrationknowhow/app/Http/Middleware/EnsureOnboardingComplete.php(30): Illuminate/Pipeline/Pipeline->{closure:Illuminate/Pipeline/Pipeline::prepareDestination():168}(Object(Illuminate/Http/Request))
#23 C:/Users/Lidiya Getale/Herd/immigrationknowhow/vendor/laravel/framework/src/Illuminate/Pipeline/Pipeline.php(209): App/Http/Middleware/EnsureOnboardingComplete->handle(Object(Illuminate/Http/Request), Object(Closure))
#24 C:/Users/Lidiya Getale/Herd/immigrationknowhow/vendor/inertiajs/inertia-laravel/src/Middleware.php(87): Illuminate/Pipeline/Pipeline->{closure:{closure:Illuminate/Pipeline/Pipeline::carry():184}:185}(Object(Illuminate/Http/Request))
#25 C:/Users/Lidiya Getale/Herd/immigrationknowhow/vendor/laravel/framework/src/Illuminate/Pipeline/Pipeline.php(209): Inertia/Middleware->handle(Object(Illuminate/Http/Request), Object(Closure))
#26 C:/Users/Lidiya Getale/Herd/immigrationknowhow/vendor/laravel/framework/src/Illuminate/Routing/Middleware/SubstituteBindings.php(51): Illuminate/Pipeline/Pipeline->{closure:{closure:Illuminate/Pipeline/Pipeline::carry():184}:185}(Object(Illuminate/Http/Request))
#27 C:/Users/Lidiya Getale/Herd/immigrationknowhow/vendor/laravel/framework/src/Illuminate/Pipeline/Pipeline.php(209): Illuminate/Routing/Middleware/SubstituteBindings->handle(Object(Illuminate/Http/Request), Object(Closure))
#28 C:/Users/Lidiya Getale/Herd/immigrationknowhow/vendor/laravel/framework/src/Illuminate/Auth/Middleware/Authenticate.php(64): Illuminate/Pipeline/Pipeline->{closure:{closure:Illuminate/Pipeline/Pipeline::carry():184}:185}(Object(Illuminate/Http/Request))
#29 C:/Users/Lidiya Getale/Herd/immigrationknowhow/vendor/laravel/framework/src/Illuminate/Pipeline/Pipeline.php(209): Illuminate/Auth/Middleware/Authenticate->handle(Object(Illuminate/Http/Request), Object(Closure))
#30 C:/Users/Lidiya Getale/Herd/immigrationknowhow/vendor/laravel/framework/src/Illuminate/Foundation/Http/Middleware/VerifyCsrfToken.php(88): Illuminate/Pipeline/Pipeline->{closure:{closure:Illuminate/Pipeline/Pipeline::carry():184}:185}(Object(Illuminate/Http/Request))
#31 C:/Users/Lidiya Getale/Herd/immigrationknowhow/vendor/laravel/framework/src/Illuminate/Pipeline/Pipeline.php(209): Illuminate/Foundation/Http/Middleware/VerifyCsrfToken->handle(Object(Illuminate/Http/Request), Object(Closure))
#32 C:/Users/Lidiya Getale/Herd/immigrationknowhow/vendor/laravel/framework/src/Illuminate/View/Middleware/ShareErrorsFromSession.php(49): Illuminate/Pipeline/Pipeline->{closure:{closure:Illuminate/Pipeline/Pipeline::carry():184}:185}(Object(Illuminate/Http/Request))
#33 C:/Users/Lidiya Getale/Herd/immigrationknowhow/vendor/laravel/framework/src/Illuminate/Pipeline/Pipeline.php(209): Illuminate/View/Middleware/ShareErrorsFromSession->handle(Object(Illuminate/Http/Request), Object(Closure))
#34 C:/Users/Lidiya Getale/Herd/immigrationknowhow/vendor/laravel/framework/src/Illuminate/Session/Middleware/StartSession.php(121): Illuminate/Pipeline/Pipeline->{closure:{closure:Illuminate/Pipeline/Pipeline::carry():184}:185}(Object(Illuminate/Http/Request))
#35 C:/Users/Lidiya Getale/Herd/immigrationknowhow/vendor/laravel/framework/src/Illuminate/Session/Middleware/StartSession.php(64): Illuminate/Session/Middleware/StartSession->handleStatefulRequest(Object(Illuminate/Http/Request), Object(Illuminate/Session/Store), Object(Closure))
#36 C:/Users/Lidiya Getale/Herd/immigrationknowhow/vendor/laravel/framework/src/Illuminate/Pipeline/Pipeline.php(209): Illuminate/Session/Middleware/StartSession->handle(Object(Illuminate/Http/Request), Object(Closure))
#37 C:/Users/Lidiya Getale/Herd/immigrationknowhow/vendor/laravel/framework/src/Illuminate/Cookie/Middleware/AddQueuedCookiesToResponse.php(37): Illuminate/Pipeline/Pipeline->{closure:{closure:Illuminate/Pipeline/Pipeline::carry():184}:185}(Object(Illuminate/Http/Request))
#38 C:/Users/Lidiya Getale/Herd/immigrationknowhow/vendor/laravel/framework/src/Illuminate/Pipeline/Pipeline.php(209): Illuminate/Cookie/Middleware/AddQueuedCookiesToResponse->handle(Object(Illuminate/Http/Request), Object(Closure))
#39 C:/Users/Lidiya Getale/Herd/immigrationknowhow/vendor/laravel/framework/src/Illuminate/Cookie/Middleware/EncryptCookies.php(75): Illuminate/Pipeline/Pipeline->{closure:{closure:Illuminate/Pipeline/Pipeline::carry():184}:185}(Object(Illuminate/Http/Request))
#40 C:/Users/Lidiya Getale/Herd/immigrationknowhow/vendor/laravel/framework/src/Illuminate/Pipeline/Pipeline.php(209): Illuminate/Cookie/Middleware/EncryptCookies->handle(Object(Illuminate/Http/Request), Object(Closure))
#41 C:/Users/Lidiya Getale/Herd/immigrationknowhow/vendor/laravel/framework/src/Illuminate/Pipeline/Pipeline.php(127): Illuminate/Pipeline/Pipeline->{closure:{closure:Illuminate/Pipeline/Pipeline::carry():184}:185}(Object(Illuminate/Http/Request))
#42 C:/Users/Lidiya Getale/Herd/immigrationknowhow/vendor/laravel/framework/src/Illuminate/Routing/Router.php(807): Illuminate/Pipeline/Pipeline->then(Object(Closure))
#43 C:/Users/Lidiya Getale/Herd/immigrationknowhow/vendor/laravel/framework/src/Illuminate/Routing/Router.php(786): Illuminate/Routing/Router->runRouteWithinStack(Object(Illuminate/Routing/Route), Object(Illuminate/Http/Request))
#44 C:/Users/Lidiya Getale/Herd/immigrationknowhow/vendor/laravel/framework/src/Illuminate/Routing/Router.php(750): Illuminate/Routing/Router->runRoute(Object(Illuminate/Http/Request), Object(Illuminate/Routing/Route))
#45 C:/Users/Lidiya Getale/Herd/immigrationknowhow/vendor/laravel/framework/src/Illuminate/Routing/Router.php(739): Illuminate/Routing/Router->dispatchToRoute(Object(Illuminate/Http/Request))
#46 C:/Users/Lidiya Getale/Herd/immigrationknowhow/vendor/laravel/framework/src/Illuminate/Foundation/Http/Kernel.php(201): Illuminate/Routing/Router->dispatch(Object(Illuminate/Http/Request))
#47 C:/Users/Lidiya Getale/Herd/immigrationknowhow/vendor/laravel/framework/src/Illuminate/Pipeline/Pipeline.php(170): Illuminate/Foundation/Http/Kernel->{closure:Illuminate/Foundation/Http/Kernel::dispatchToRouter():198}(Object(Illuminate/Http/Request))
#48 C:/Users/Lidiya Getale/Herd/immigrationknowhow/vendor/laravel/framework/src/Illuminate/Foundation/Http/Middleware/TransformsRequest.php(21): Illuminate/Pipeline/Pipeline->{closure:Illuminate/Pipeline/Pipeline::prepareDestination():168}(Object(Illuminate/Http/Request))
#49 C:/Users/Lidiya Getale/Herd/immigrationknowhow/vendor/laravel/framework/src/Illuminate/Foundation/Http/Middleware/ConvertEmptyStringsToNull.php(31): Illuminate/Foundation/Http/Middleware/TransformsRequest->handle(Object(Illuminate/Http/Request), Object(Closure))
#50 C:/Users/Lidiya Getale/Herd/immigrationknowhow/vendor/laravel/framework/src/Illuminate/Pipeline/Pipeline.php(209): Illuminate/Foundation/Http/Middleware/ConvertEmptyStringsToNull->handle(Object(Illuminate/Http/Request), Object(Closure))
#51 C:/Users/Lidiya Getale/Herd/immigrationknowhow/vendor/laravel/framework/src/Illuminate/Foundation/Http/Middleware/TransformsRequest.php(21): Illuminate/Pipeline/Pipeline->{closure:{closure:Illuminate/Pipeline/Pipeline::carry():184}:185}(Object(Illuminate/Http/Request))
#52 C:/Users/Lidiya Getale/Herd/immigrationknowhow/vendor/laravel/framework/src/Illuminate/Foundation/Http/Middleware/TrimStrings.php(51): Illuminate/Foundation/Http/Middleware/TransformsRequest->handle(Object(Illuminate/Http/Request), Object(Closure))
#53 C:/Users/Lidiya Getale/Herd/immigrationknowhow/vendor/laravel/framework/src/Illuminate/Pipeline/Pipeline.php(209): Illuminate/Foundation/Http/Middleware/TrimStrings->handle(Object(Illuminate/Http/Request), Object(Closure))
#54 C:/Users/Lidiya Getale/Herd/immigrationknowhow/vendor/laravel/framework/src/Illuminate/Http/Middleware/ValidatePostSize.php(27): Illuminate/Pipeline/Pipeline->{closure:{closure:Illuminate/Pipeline/Pipeline::carry():184}:185}(Object(Illuminate/Http/Request))
#55 C:/Users/Lidiya Getale/Herd/immigrationknowhow/vendor/laravel/framework/src/Illuminate/Pipeline/Pipeline.php(209): Illuminate/Http/Middleware/ValidatePostSize->handle(Object(Illuminate/Http/Request), Object(Closure))
#56 C:/Users/Lidiya Getale/Herd/immigrationknowhow/vendor/laravel/framework/src/Illuminate/Foundation/Http/Middleware/PreventRequestsDuringMaintenance.php(110): Illuminate/Pipeline/Pipeline->{closure:{closure:Illuminate/Pipeline/Pipeline::carry():184}:185}(Object(Illuminate/Http/Request))
#57 C:/Users/Lidiya Getale/Herd/immigrationknowhow/vendor/laravel/framework/src/Illuminate/Pipeline/Pipeline.php(209): Illuminate/Foundation/Http/Middleware/PreventRequestsDuringMaintenance->handle(Object(Illuminate/Http/Request), Object(Closure))
#58 C:/Users/Lidiya Getale/Herd/immigrationknowhow/vendor/laravel/framework/src/Illuminate/Http/Middleware/HandleCors.php(49): Illuminate/Pipeline/Pipeline->{closure:{closure:Illuminate/Pipeline/Pipeline::carry():184}:185}(Object(Illuminate/Http/Request))
#59 C:/Users/Lidiya Getale/Herd/immigrationknowhow/vendor/laravel/framework/src/Illuminate/Pipeline/Pipeline.php(209): Illuminate/Http/Middleware/HandleCors->handle(Object(Illuminate/Http/Request), Object(Closure))
#60 C:/Users/Lidiya Getale/Herd/immigrationknowhow/vendor/laravel/framework/src/Illuminate/Http/Middleware/TrustProxies.php(58): Illuminate/Pipeline/Pipeline->{closure:{closure:Illuminate/Pipeline/Pipeline::carry():184}:185}(Object(Illuminate/Http/Request))
#61 C:/Users/Lidiya Getale/Herd/immigrationknowhow/vendor/laravel/framework/src/Illuminate/Pipeline/Pipeline.php(209): Illuminate/Http/Middleware/TrustProxies->handle(Object(Illuminate/Http/Request), Object(Closure))
#62 C:/Users/Lidiya Getale/Herd/immigrationknowhow/vendor/laravel/framework/src/Illuminate/Foundation/Http/Middleware/InvokeDeferredCallbacks.php(22): Illuminate/Pipeline/Pipeline->{closure:{closure:Illuminate/Pipeline/Pipeline::carry():184}:185}(Object(Illuminate/Http/Request))
#63 C:/Users/Lidiya Getale/Herd/immigrationknowhow/vendor/laravel/framework/src/Illuminate/Pipeline/Pipeline.php(209): Illuminate/Foundation/Http/Middleware/InvokeDeferredCallbacks->handle(Object(Illuminate/Http/Request), Object(Closure))
#64 C:/Users/Lidiya Getale/Herd/immigrationknowhow/vendor/laravel/framework/src/Illuminate/Pipeline/Pipeline.php(127): Illuminate/Pipeline/Pipeline->{closure:{closure:Illuminate/Pipeline/Pipeline::carry():184}:185}(Object(Illuminate/Http/Request))
#65 C:/Users/Lidiya Getale/Herd/immigrationknowhow/vendor/laravel/framework/src/Illuminate/Foundation/Http/Kernel.php(176): Illuminate/Pipeline/Pipeline->then(Object(Closure))
#66 C:/Users/Lidiya Getale/Herd/immigrationknowhow/vendor/laravel/framework/src/Illuminate/Foundation/Http/Kernel.php(145): Illuminate/Foundation/Http/Kernel->sendRequestThroughRouter(Object(Illuminate/Http/Request))
#67 C:/Users/Lidiya Getale/Herd/immigrationknowhow/vendor/laravel/framework/src/Illuminate/Foundation/Application.php(1220): Illuminate/Foundation/Http/Kernel->handle(Object(Illuminate/Http/Request))
#68 C:/Users/Lidiya Getale/Herd/immigrationknowhow/public/index.php(17): Illuminate/Foundation/Application->handleRequest(Object(Illuminate/Http/Request))
#69 C:/Program Files/Herd/resources/app.asar.unpacked/resources/valet/server.php(139): require('C://Users//Lidiya...')
#70 {main}
"} 
[2026-04-09 19:37:01] local.ERROR: SQLSTATE[23000]: Integrity constraint violation: 1052 Column 'conversation_id' in field list is ambiguous (Connection: mysql, SQL: select `id`, `conversation_id`, `sender_id`, `body`, `created_at` from `messages` inner join (select MAX(`messages`.`id`) as `id_aggregate`, `messages`.`conversation_id` from `messages` where `messages`.`conversation_id` in (1) and `messages`.`deleted_at` is null group by `messages`.`conversation_id`) as `latestOfMany` on `latestOfMany`.`id_aggregate` = `messages`.`id` and `latestOfMany`.`conversation_id` = `messages`.`conversation_id` where `messages`.`deleted_at` is null) {"userId":43,"exception":"[object] (Illuminate\\Database\\QueryException(code: 23000): SQLSTATE[23000]: Integrity constraint violation: 1052 Column 'conversation_id' in field list is ambiguous (Connection: mysql, SQL: select `id`, `conversation_id`, `sender_id`, `body`, `created_at` from `messages` inner join (select MAX(`messages`.`id`) as `id_aggregate`, `messages`.`conversation_id` from `messages` where `messages`.`conversation_id` in (1) and `messages`.`deleted_at` is null group by `messages`.`conversation_id`) as `latestOfMany` on `latestOfMany`.`id_aggregate` = `messages`.`id` and `latestOfMany`.`conversation_id` = `messages`.`conversation_id` where `messages`.`deleted_at` is null) at C:/Users/Lidiya Getale/Herd/immigrationknowhow/vendor/laravel/framework/src/Illuminate/Database/Connection.php:825)
[stacktrace]
#0 C:/Users/Lidiya Getale/Herd/immigrationknowhow/vendor/laravel/framework/src/Illuminate/Database/Connection.php(779): Illuminate/Database/Connection->runQueryCallback('select `id`, `c...', Array, Object(Closure))
#1 C:/Users/Lidiya Getale/Herd/immigrationknowhow/vendor/laravel/framework/src/Illuminate/Database/Connection.php(398): Illuminate/Database/Connection->run('select `id`, `c...', Array, Object(Closure))
#2 C:/Users/Lidiya Getale/Herd/immigrationknowhow/vendor/laravel/framework/src/Illuminate/Database/Query/Builder.php(3106): Illuminate/Database/Connection->select('select `id`, `c...', Array, true)
#3 C:/Users/Lidiya Getale/Herd/immigrationknowhow/vendor/laravel/framework/src/Illuminate/Database/Query/Builder.php(3091): Illuminate/Database/Query/Builder->runSelect()
#4 C:/Users/Lidiya Getale/Herd/immigrationknowhow/vendor/laravel/framework/src/Illuminate/Database/Query/Builder.php(3676): Illuminate/Database/Query/Builder->{closure:Illuminate/Database/Query/Builder::get():3090}()
#5 C:/Users/Lidiya Getale/Herd/immigrationknowhow/vendor/laravel/framework/src/Illuminate/Database/Query/Builder.php(3090): Illuminate/Database/Query/Builder->onceWithColumns(Array, Object(Closure))
#6 C:/Users/Lidiya Getale/Herd/immigrationknowhow/vendor/laravel/framework/src/Illuminate/Database/Eloquent/Builder.php(811): Illuminate/Database/Query/Builder->get(Array)
#7 C:/Users/Lidiya Getale/Herd/immigrationknowhow/vendor/laravel/framework/src/Illuminate/Database/Eloquent/Builder.php(793): Illuminate/Database/Eloquent/Builder->getModels(Array)
#8 C:/Users/Lidiya Getale/Herd/immigrationknowhow/vendor/laravel/framework/src/Illuminate/Database/Eloquent/Relations/Relation.php(213): Illuminate/Database/Eloquent/Builder->get(Array)
#9 C:/Users/Lidiya Getale/Herd/immigrationknowhow/vendor/laravel/framework/src/Illuminate/Database/Eloquent/Relations/Relation.php(176): Illuminate/Database/Eloquent/Relations/Relation->get()
#10 C:/Users/Lidiya Getale/Herd/immigrationknowhow/vendor/laravel/framework/src/Illuminate/Database/Eloquent/Builder.php(859): Illuminate/Database/Eloquent/Relations/Relation->getEager()
#11 C:/Users/Lidiya Getale/Herd/immigrationknowhow/vendor/laravel/framework/src/Illuminate/Database/Eloquent/Builder.php(828): Illuminate/Database/Eloquent/Builder->eagerLoadRelation(Array, 'latestMessage', Object(Closure))
#12 C:/Users/Lidiya Getale/Herd/immigrationknowhow/vendor/laravel/framework/src/Illuminate/Database/Eloquent/Builder.php(794): Illuminate/Database/Eloquent/Builder->eagerLoadRelations(Array)
#13 C:/Users/Lidiya Getale/Herd/immigrationknowhow/vendor/laravel/framework/src/Illuminate/Database/Eloquent/Builder.php(1034): Illuminate/Database/Eloquent/Builder->get(Array)
#14 C:/Users/Lidiya Getale/Herd/immigrationknowhow/app/Http/Controllers/MessagingController.php(35): Illuminate/Database/Eloquent/Builder->paginate(20)
#15 C:/Users/Lidiya Getale/Herd/immigrationknowhow/vendor/laravel/framework/src/Illuminate/Routing/ControllerDispatcher.php(47): App/Http/Controllers/MessagingController->index(Object(Illuminate/Http/Request))
#16 C:/Users/Lidiya Getale/Herd/immigrationknowhow/vendor/laravel/framework/src/Illuminate/Routing/Route.php(266): Illuminate/Routing/ControllerDispatcher->dispatch(Object(Illuminate/Routing/Route), Object(App/Http/Controllers/MessagingController), 'index')
#17 C:/Users/Lidiya Getale/Herd/immigrationknowhow/vendor/laravel/framework/src/Illuminate/Routing/Route.php(212): Illuminate/Routing/Route->runController()
#18 C:/Users/Lidiya Getale/Herd/immigrationknowhow/vendor/laravel/framework/src/Illuminate/Routing/Router.php(808): Illuminate/Routing/Route->run()
#19 C:/Users/Lidiya Getale/Herd/immigrationknowhow/vendor/laravel/framework/src/Illuminate/Pipeline/Pipeline.php(170): Illuminate/Routing/Router->{closure:Illuminate/Routing/Router::runRouteWithinStack():807}(Object(Illuminate/Http/Request))
#20 C:/Users/Lidiya Getale/Herd/immigrationknowhow/app/Http/Middleware/EnsureOnboardingComplete.php(30): Illuminate/Pipeline/Pipeline->{closure:Illuminate/Pipeline/Pipeline::prepareDestination():168}(Object(Illuminate/Http/Request))
#21 C:/Users/Lidiya Getale/Herd/immigrationknowhow/vendor/laravel/framework/src/Illuminate/Pipeline/Pipeline.php(209): App/Http/Middleware/EnsureOnboardingComplete->handle(Object(Illuminate/Http/Request), Object(Closure))
#22 C:/Users/Lidiya Getale/Herd/immigrationknowhow/vendor/inertiajs/inertia-laravel/src/Middleware.php(87): Illuminate/Pipeline/Pipeline->{closure:{closure:Illuminate/Pipeline/Pipeline::carry():184}:185}(Object(Illuminate/Http/Request))
#23 C:/Users/Lidiya Getale/Herd/immigrationknowhow/vendor/laravel/framework/src/Illuminate/Pipeline/Pipeline.php(209): Inertia/Middleware->handle(Object(Illuminate/Http/Request), Object(Closure))
#24 C:/Users/Lidiya Getale/Herd/immigrationknowhow/vendor/laravel/framework/src/Illuminate/Routing/Middleware/SubstituteBindings.php(51): Illuminate/Pipeline/Pipeline->{closure:{closure:Illuminate/Pipeline/Pipeline::carry():184}:185}(Object(Illuminate/Http/Request))
#25 C:/Users/Lidiya Getale/Herd/immigrationknowhow/vendor/laravel/framework/src/Illuminate/Pipeline/Pipeline.php(209): Illuminate/Routing/Middleware/SubstituteBindings->handle(Object(Illuminate/Http/Request), Object(Closure))
#26 C:/Users/Lidiya Getale/Herd/immigrationknowhow/vendor/laravel/framework/src/Illuminate/Auth/Middleware/Authenticate.php(64): Illuminate/Pipeline/Pipeline->{closure:{closure:Illuminate/Pipeline/Pipeline::carry():184}:185}(Object(Illuminate/Http/Request))
#27 C:/Users/Lidiya Getale/Herd/immigrationknowhow/vendor/laravel/framework/src/Illuminate/Pipeline/Pipeline.php(209): Illuminate/Auth/Middleware/Authenticate->handle(Object(Illuminate/Http/Request), Object(Closure))
#28 C:/Users/Lidiya Getale/Herd/immigrationknowhow/vendor/laravel/framework/src/Illuminate/Foundation/Http/Middleware/VerifyCsrfToken.php(88): Illuminate/Pipeline/Pipeline->{closure:{closure:Illuminate/Pipeline/Pipeline::carry():184}:185}(Object(Illuminate/Http/Request))
#29 C:/Users/Lidiya Getale/Herd/immigrationknowhow/vendor/laravel/framework/src/Illuminate/Pipeline/Pipeline.php(209): Illuminate/Foundation/Http/Middleware/VerifyCsrfToken->handle(Object(Illuminate/Http/Request), Object(Closure))
#30 C:/Users/Lidiya Getale/Herd/immigrationknowhow/vendor/laravel/framework/src/Illuminate/View/Middleware/ShareErrorsFromSession.php(49): Illuminate/Pipeline/Pipeline->{closure:{closure:Illuminate/Pipeline/Pipeline::carry():184}:185}(Object(Illuminate/Http/Request))
#31 C:/Users/Lidiya Getale/Herd/immigrationknowhow/vendor/laravel/framework/src/Illuminate/Pipeline/Pipeline.php(209): Illuminate/View/Middleware/ShareErrorsFromSession->handle(Object(Illuminate/Http/Request), Object(Closure))
#32 C:/Users/Lidiya Getale/Herd/immigrationknowhow/vendor/laravel/framework/src/Illuminate/Session/Middleware/StartSession.php(121): Illuminate/Pipeline/Pipeline->{closure:{closure:Illuminate/Pipeline/Pipeline::carry():184}:185}(Object(Illuminate/Http/Request))
#33 C:/Users/Lidiya Getale/Herd/immigrationknowhow/vendor/laravel/framework/src/Illuminate/Session/Middleware/StartSession.php(64): Illuminate/Session/Middleware/StartSession->handleStatefulRequest(Object(Illuminate/Http/Request), Object(Illuminate/Session/Store), Object(Closure))
#34 C:/Users/Lidiya Getale/Herd/immigrationknowhow/vendor/laravel/framework/src/Illuminate/Pipeline/Pipeline.php(209): Illuminate/Session/Middleware/StartSession->handle(Object(Illuminate/Http/Request), Object(Closure))
#35 C:/Users/Lidiya Getale/Herd/immigrationknowhow/vendor/laravel/framework/src/Illuminate/Cookie/Middleware/AddQueuedCookiesToResponse.php(37): Illuminate/Pipeline/Pipeline->{closure:{closure:Illuminate/Pipeline/Pipeline::carry():184}:185}(Object(Illuminate/Http/Request))
#36 C:/Users/Lidiya Getale/Herd/immigrationknowhow/vendor/laravel/framework/src/Illuminate/Pipeline/Pipeline.php(209): Illuminate/Cookie/Middleware/AddQueuedCookiesToResponse->handle(Object(Illuminate/Http/Request), Object(Closure))
#37 C:/Users/Lidiya Getale/Herd/immigrationknowhow/vendor/laravel/framework/src/Illuminate/Cookie/Middleware/EncryptCookies.php(75): Illuminate/Pipeline/Pipeline->{closure:{closure:Illuminate/Pipeline/Pipeline::carry():184}:185}(Object(Illuminate/Http/Request))
#38 C:/Users/Lidiya Getale/Herd/immigrationknowhow/vendor/laravel/framework/src/Illuminate/Pipeline/Pipeline.php(209): Illuminate/Cookie/Middleware/EncryptCookies->handle(Object(Illuminate/Http/Request), Object(Closure))
#39 C:/Users/Lidiya Getale/Herd/immigrationknowhow/vendor/laravel/framework/src/Illuminate/Pipeline/Pipeline.php(127): Illuminate/Pipeline/Pipeline->{closure:{closure:Illuminate/Pipeline/Pipeline::carry():184}:185}(Object(Illuminate/Http/Request))
#40 C:/Users/Lidiya Getale/Herd/immigrationknowhow/vendor/laravel/framework/src/Illuminate/Routing/Router.php(807): Illuminate/Pipeline/Pipeline->then(Object(Closure))
#41 C:/Users/Lidiya Getale/Herd/immigrationknowhow/vendor/laravel/framework/src/Illuminate/Routing/Router.php(786): Illuminate/Routing/Router->runRouteWithinStack(Object(Illuminate/Routing/Route), Object(Illuminate/Http/Request))
#42 C:/Users/Lidiya Getale/Herd/immigrationknowhow/vendor/laravel/framework/src/Illuminate/Routing/Router.php(750): Illuminate/Routing/Router->runRoute(Object(Illuminate/Http/Request), Object(Illuminate/Routing/Route))
#43 C:/Users/Lidiya Getale/Herd/immigrationknowhow/vendor/laravel/framework/src/Illuminate/Routing/Router.php(739): Illuminate/Routing/Router->dispatchToRoute(Object(Illuminate/Http/Request))
#44 C:/Users/Lidiya Getale/Herd/immigrationknowhow/vendor/laravel/framework/src/Illuminate/Foundation/Http/Kernel.php(201): Illuminate/Routing/Router->dispatch(Object(Illuminate/Http/Request))
#45 C:/Users/Lidiya Getale/Herd/immigrationknowhow/vendor/laravel/framework/src/Illuminate/Pipeline/Pipeline.php(170): Illuminate/Foundation/Http/Kernel->{closure:Illuminate/Foundation/Http/Kernel::dispatchToRouter():198}(Object(Illuminate/Http/Request))
#46 C:/Users/Lidiya Getale/Herd/immigrationknowhow/vendor/laravel/framework/src/Illuminate/Foundation/Http/Middleware/TransformsRequest.php(21): Illuminate/Pipeline/Pipeline->{closure:Illuminate/Pipeline/Pipeline::prepareDestination():168}(Object(Illuminate/Http/Request))
#47 C:/Users/Lidiya Getale/Herd/immigrationknowhow/vendor/laravel/framework/src/Illuminate/Foundation/Http/Middleware/ConvertEmptyStringsToNull.php(31): Illuminate/Foundation/Http/Middleware/TransformsRequest->handle(Object(Illuminate/Http/Request), Object(Closure))
#48 C:/Users/Lidiya Getale/Herd/immigrationknowhow/vendor/laravel/framework/src/Illuminate/Pipeline/Pipeline.php(209): Illuminate/Foundation/Http/Middleware/ConvertEmptyStringsToNull->handle(Object(Illuminate/Http/Request), Object(Closure))
#49 C:/Users/Lidiya Getale/Herd/immigrationknowhow/vendor/laravel/framework/src/Illuminate/Foundation/Http/Middleware/TransformsRequest.php(21): Illuminate/Pipeline/Pipeline->{closure:{closure:Illuminate/Pipeline/Pipeline::carry():184}:185}(Object(Illuminate/Http/Request))
#50 C:/Users/Lidiya Getale/Herd/immigrationknowhow/vendor/laravel/framework/src/Illuminate/Foundation/Http/Middleware/TrimStrings.php(51): Illuminate/Foundation/Http/Middleware/TransformsRequest->handle(Object(Illuminate/Http/Request), Object(Closure))
#51 C:/Users/Lidiya Getale/Herd/immigrationknowhow/vendor/laravel/framework/src/Illuminate/Pipeline/Pipeline.php(209): Illuminate/Foundation/Http/Middleware/TrimStrings->handle(Object(Illuminate/Http/Request), Object(Closure))
#52 C:/Users/Lidiya Getale/Herd/immigrationknowhow/vendor/laravel/framework/src/Illuminate/Http/Middleware/ValidatePostSize.php(27): Illuminate/Pipeline/Pipeline->{closure:{closure:Illuminate/Pipeline/Pipeline::carry():184}:185}(Object(Illuminate/Http/Request))
#53 C:/Users/Lidiya Getale/Herd/immigrationknowhow/vendor/laravel/framework/src/Illuminate/Pipeline/Pipeline.php(209): Illuminate/Http/Middleware/ValidatePostSize->handle(Object(Illuminate/Http/Request), Object(Closure))
#54 C:/Users/Lidiya Getale/Herd/immigrationknowhow/vendor/laravel/framework/src/Illuminate/Foundation/Http/Middleware/PreventRequestsDuringMaintenance.php(110): Illuminate/Pipeline/Pipeline->{closure:{closure:Illuminate/Pipeline/Pipeline::carry():184}:185}(Object(Illuminate/Http/Request))
#55 C:/Users/Lidiya Getale/Herd/immigrationknowhow/vendor/laravel/framework/src/Illuminate/Pipeline/Pipeline.php(209): Illuminate/Foundation/Http/Middleware/PreventRequestsDuringMaintenance->handle(Object(Illuminate/Http/Request), Object(Closure))
#56 C:/Users/Lidiya Getale/Herd/immigrationknowhow/vendor/laravel/framework/src/Illuminate/Http/Middleware/HandleCors.php(49): Illuminate/Pipeline/Pipeline->{closure:{closure:Illuminate/Pipeline/Pipeline::carry():184}:185}(Object(Illuminate/Http/Request))
#57 C:/Users/Lidiya Getale/Herd/immigrationknowhow/vendor/laravel/framework/src/Illuminate/Pipeline/Pipeline.php(209): Illuminate/Http/Middleware/HandleCors->handle(Object(Illuminate/Http/Request), Object(Closure))
#58 C:/Users/Lidiya Getale/Herd/immigrationknowhow/vendor/laravel/framework/src/Illuminate/Http/Middleware/TrustProxies.php(58): Illuminate/Pipeline/Pipeline->{closure:{closure:Illuminate/Pipeline/Pipeline::carry():184}:185}(Object(Illuminate/Http/Request))
#59 C:/Users/Lidiya Getale/Herd/immigrationknowhow/vendor/laravel/framework/src/Illuminate/Pipeline/Pipeline.php(209): Illuminate/Http/Middleware/TrustProxies->handle(Object(Illuminate/Http/Request), Object(Closure))
#60 C:/Users/Lidiya Getale/Herd/immigrationknowhow/vendor/laravel/framework/src/Illuminate/Foundation/Http/Middleware/InvokeDeferredCallbacks.php(22): Illuminate/Pipeline/Pipeline->{closure:{closure:Illuminate/Pipeline/Pipeline::carry():184}:185}(Object(Illuminate/Http/Request))
#61 C:/Users/Lidiya Getale/Herd/immigrationknowhow/vendor/laravel/framework/src/Illuminate/Pipeline/Pipeline.php(209): Illuminate/Foundation/Http/Middleware/InvokeDeferredCallbacks->handle(Object(Illuminate/Http/Request), Object(Closure))
#62 C:/Users/Lidiya Getale/Herd/immigrationknowhow/vendor/laravel/framework/src/Illuminate/Pipeline/Pipeline.php(127): Illuminate/Pipeline/Pipeline->{closure:{closure:Illuminate/Pipeline/Pipeline::carry():184}:185}(Object(Illuminate/Http/Request))
#63 C:/Users/Lidiya Getale/Herd/immigrationknowhow/vendor/laravel/framework/src/Illuminate/Foundation/Http/Kernel.php(176): Illuminate/Pipeline/Pipeline->then(Object(Closure))
#64 C:/Users/Lidiya Getale/Herd/immigrationknowhow/vendor/laravel/framework/src/Illuminate/Foundation/Http/Kernel.php(145): Illuminate/Foundation/Http/Kernel->sendRequestThroughRouter(Object(Illuminate/Http/Request))
#65 C:/Users/Lidiya Getale/Herd/immigrationknowhow/vendor/laravel/framework/src/Illuminate/Foundation/Application.php(1220): Illuminate/Foundation/Http/Kernel->handle(Object(Illuminate/Http/Request))
#66 C:/Users/Lidiya Getale/Herd/immigrationknowhow/public/index.php(17): Illuminate/Foundation/Application->handleRequest(Object(Illuminate/Http/Request))
#67 C:/Program Files/Herd/resources/app.asar.unpacked/resources/valet/server.php(139): require('C://Users//Lidiya...')
#68 {main}

[previous exception] [object] (PDOException(code: 23000): SQLSTATE[23000]: Integrity constraint violation: 1052 Column 'conversation_id' in field list is ambiguous at C:/Users/Lidiya Getale/Herd/immigrationknowhow/vendor/laravel/framework/src/Illuminate/Database/Connection.php:407)
[stacktrace]
#0 C:/Users/Lidiya Getale/Herd/immigrationknowhow/vendor/laravel/framework/src/Illuminate/Database/Connection.php(407): PDO->prepare('select `id`, `c...')
#1 C:/Users/Lidiya Getale/Herd/immigrationknowhow/vendor/laravel/framework/src/Illuminate/Database/Connection.php(812): Illuminate/Database/Connection->{closure:Illuminate/Database/Connection::select():398}('select `id`, `c...', Array)
#2 C:/Users/Lidiya Getale/Herd/immigrationknowhow/vendor/laravel/framework/src/Illuminate/Database/Connection.php(779): Illuminate/Database/Connection->runQueryCallback('select `id`, `c...', Array, Object(Closure))
#3 C:/Users/Lidiya Getale/Herd/immigrationknowhow/vendor/laravel/framework/src/Illuminate/Database/Connection.php(398): Illuminate/Database/Connection->run('select `id`, `c...', Array, Object(Closure))
#4 C:/Users/Lidiya Getale/Herd/immigrationknowhow/vendor/laravel/framework/src/Illuminate/Database/Query/Builder.php(3106): Illuminate/Database/Connection->select('select `id`, `c...', Array, true)
#5 C:/Users/Lidiya Getale/Herd/immigrationknowhow/vendor/laravel/framework/src/Illuminate/Database/Query/Builder.php(3091): Illuminate/Database/Query/Builder->runSelect()
#6 C:/Users/Lidiya Getale/Herd/immigrationknowhow/vendor/laravel/framework/src/Illuminate/Database/Query/Builder.php(3676): Illuminate/Database/Query/Builder->{closure:Illuminate/Database/Query/Builder::get():3090}()
#7 C:/Users/Lidiya Getale/Herd/immigrationknowhow/vendor/laravel/framework/src/Illuminate/Database/Query/Builder.php(3090): Illuminate/Database/Query/Builder->onceWithColumns(Array, Object(Closure))
#8 C:/Users/Lidiya Getale/Herd/immigrationknowhow/vendor/laravel/framework/src/Illuminate/Database/Eloquent/Builder.php(811): Illuminate/Database/Query/Builder->get(Array)
#9 C:/Users/Lidiya Getale/Herd/immigrationknowhow/vendor/laravel/framework/src/Illuminate/Database/Eloquent/Builder.php(793): Illuminate/Database/Eloquent/Builder->getModels(Array)
#10 C:/Users/Lidiya Getale/Herd/immigrationknowhow/vendor/laravel/framework/src/Illuminate/Database/Eloquent/Relations/Relation.php(213): Illuminate/Database/Eloquent/Builder->get(Array)
#11 C:/Users/Lidiya Getale/Herd/immigrationknowhow/vendor/laravel/framework/src/Illuminate/Database/Eloquent/Relations/Relation.php(176): Illuminate/Database/Eloquent/Relations/Relation->get()
#12 C:/Users/Lidiya Getale/Herd/immigrationknowhow/vendor/laravel/framework/src/Illuminate/Database/Eloquent/Builder.php(859): Illuminate/Database/Eloquent/Relations/Relation->getEager()
#13 C:/Users/Lidiya Getale/Herd/immigrationknowhow/vendor/laravel/framework/src/Illuminate/Database/Eloquent/Builder.php(828): Illuminate/Database/Eloquent/Builder->eagerLoadRelation(Array, 'latestMessage', Object(Closure))
#14 C:/Users/Lidiya Getale/Herd/immigrationknowhow/vendor/laravel/framework/src/Illuminate/Database/Eloquent/Builder.php(794): Illuminate/Database/Eloquent/Builder->eagerLoadRelations(Array)
#15 C:/Users/Lidiya Getale/Herd/immigrationknowhow/vendor/laravel/framework/src/Illuminate/Database/Eloquent/Builder.php(1034): Illuminate/Database/Eloquent/Builder->get(Array)
#16 C:/Users/Lidiya Getale/Herd/immigrationknowhow/app/Http/Controllers/MessagingController.php(35): Illuminate/Database/Eloquent/Builder->paginate(20)
#17 C:/Users/Lidiya Getale/Herd/immigrationknowhow/vendor/laravel/framework/src/Illuminate/Routing/ControllerDispatcher.php(47): App/Http/Controllers/MessagingController->index(Object(Illuminate/Http/Request))
#18 C:/Users/Lidiya Getale/Herd/immigrationknowhow/vendor/laravel/framework/src/Illuminate/Routing/Route.php(266): Illuminate/Routing/ControllerDispatcher->dispatch(Object(Illuminate/Routing/Route), Object(App/Http/Controllers/MessagingController), 'index')
#19 C:/Users/Lidiya Getale/Herd/immigrationknowhow/vendor/laravel/framework/src/Illuminate/Routing/Route.php(212): Illuminate/Routing/Route->runController()
#20 C:/Users/Lidiya Getale/Herd/immigrationknowhow/vendor/laravel/framework/src/Illuminate/Routing/Router.php(808): Illuminate/Routing/Route->run()
#21 C:/Users/Lidiya Getale/Herd/immigrationknowhow/vendor/laravel/framework/src/Illuminate/Pipeline/Pipeline.php(170): Illuminate/Routing/Router->{closure:Illuminate/Routing/Router::runRouteWithinStack():807}(Object(Illuminate/Http/Request))
#22 C:/Users/Lidiya Getale/Herd/immigrationknowhow/app/Http/Middleware/EnsureOnboardingComplete.php(30): Illuminate/Pipeline/Pipeline->{closure:Illuminate/Pipeline/Pipeline::prepareDestination():168}(Object(Illuminate/Http/Request))
#23 C:/Users/Lidiya Getale/Herd/immigrationknowhow/vendor/laravel/framework/src/Illuminate/Pipeline/Pipeline.php(209): App/Http/Middleware/EnsureOnboardingComplete->handle(Object(Illuminate/Http/Request), Object(Closure))
#24 C:/Users/Lidiya Getale/Herd/immigrationknowhow/vendor/inertiajs/inertia-laravel/src/Middleware.php(87): Illuminate/Pipeline/Pipeline->{closure:{closure:Illuminate/Pipeline/Pipeline::carry():184}:185}(Object(Illuminate/Http/Request))
#25 C:/Users/Lidiya Getale/Herd/immigrationknowhow/vendor/laravel/framework/src/Illuminate/Pipeline/Pipeline.php(209): Inertia/Middleware->handle(Object(Illuminate/Http/Request), Object(Closure))
#26 C:/Users/Lidiya Getale/Herd/immigrationknowhow/vendor/laravel/framework/src/Illuminate/Routing/Middleware/SubstituteBindings.php(51): Illuminate/Pipeline/Pipeline->{closure:{closure:Illuminate/Pipeline/Pipeline::carry():184}:185}(Object(Illuminate/Http/Request))
#27 C:/Users/Lidiya Getale/Herd/immigrationknowhow/vendor/laravel/framework/src/Illuminate/Pipeline/Pipeline.php(209): Illuminate/Routing/Middleware/SubstituteBindings->handle(Object(Illuminate/Http/Request), Object(Closure))
#28 C:/Users/Lidiya Getale/Herd/immigrationknowhow/vendor/laravel/framework/src/Illuminate/Auth/Middleware/Authenticate.php(64): Illuminate/Pipeline/Pipeline->{closure:{closure:Illuminate/Pipeline/Pipeline::carry():184}:185}(Object(Illuminate/Http/Request))
#29 C:/Users/Lidiya Getale/Herd/immigrationknowhow/vendor/laravel/framework/src/Illuminate/Pipeline/Pipeline.php(209): Illuminate/Auth/Middleware/Authenticate->handle(Object(Illuminate/Http/Request), Object(Closure))
#30 C:/Users/Lidiya Getale/Herd/immigrationknowhow/vendor/laravel/framework/src/Illuminate/Foundation/Http/Middleware/VerifyCsrfToken.php(88): Illuminate/Pipeline/Pipeline->{closure:{closure:Illuminate/Pipeline/Pipeline::carry():184}:185}(Object(Illuminate/Http/Request))
#31 C:/Users/Lidiya Getale/Herd/immigrationknowhow/vendor/laravel/framework/src/Illuminate/Pipeline/Pipeline.php(209): Illuminate/Foundation/Http/Middleware/VerifyCsrfToken->handle(Object(Illuminate/Http/Request), Object(Closure))
#32 C:/Users/Lidiya Getale/Herd/immigrationknowhow/vendor/laravel/framework/src/Illuminate/View/Middleware/ShareErrorsFromSession.php(49): Illuminate/Pipeline/Pipeline->{closure:{closure:Illuminate/Pipeline/Pipeline::carry():184}:185}(Object(Illuminate/Http/Request))
#33 C:/Users/Lidiya Getale/Herd/immigrationknowhow/vendor/laravel/framework/src/Illuminate/Pipeline/Pipeline.php(209): Illuminate/View/Middleware/ShareErrorsFromSession->handle(Object(Illuminate/Http/Request), Object(Closure))
#34 C:/Users/Lidiya Getale/Herd/immigrationknowhow/vendor/laravel/framework/src/Illuminate/Session/Middleware/StartSession.php(121): Illuminate/Pipeline/Pipeline->{closure:{closure:Illuminate/Pipeline/Pipeline::carry():184}:185}(Object(Illuminate/Http/Request))
#35 C:/Users/Lidiya Getale/Herd/immigrationknowhow/vendor/laravel/framework/src/Illuminate/Session/Middleware/StartSession.php(64): Illuminate/Session/Middleware/StartSession->handleStatefulRequest(Object(Illuminate/Http/Request), Object(Illuminate/Session/Store), Object(Closure))
#36 C:/Users/Lidiya Getale/Herd/immigrationknowhow/vendor/laravel/framework/src/Illuminate/Pipeline/Pipeline.php(209): Illuminate/Session/Middleware/StartSession->handle(Object(Illuminate/Http/Request), Object(Closure))
#37 C:/Users/Lidiya Getale/Herd/immigrationknowhow/vendor/laravel/framework/src/Illuminate/Cookie/Middleware/AddQueuedCookiesToResponse.php(37): Illuminate/Pipeline/Pipeline->{closure:{closure:Illuminate/Pipeline/Pipeline::carry():184}:185}(Object(Illuminate/Http/Request))
#38 C:/Users/Lidiya Getale/Herd/immigrationknowhow/vendor/laravel/framework/src/Illuminate/Pipeline/Pipeline.php(209): Illuminate/Cookie/Middleware/AddQueuedCookiesToResponse->handle(Object(Illuminate/Http/Request), Object(Closure))
#39 C:/Users/Lidiya Getale/Herd/immigrationknowhow/vendor/laravel/framework/src/Illuminate/Cookie/Middleware/EncryptCookies.php(75): Illuminate/Pipeline/Pipeline->{closure:{closure:Illuminate/Pipeline/Pipeline::carry():184}:185}(Object(Illuminate/Http/Request))
#40 C:/Users/Lidiya Getale/Herd/immigrationknowhow/vendor/laravel/framework/src/Illuminate/Pipeline/Pipeline.php(209): Illuminate/Cookie/Middleware/EncryptCookies->handle(Object(Illuminate/Http/Request), Object(Closure))
#41 C:/Users/Lidiya Getale/Herd/immigrationknowhow/vendor/laravel/framework/src/Illuminate/Pipeline/Pipeline.php(127): Illuminate/Pipeline/Pipeline->{closure:{closure:Illuminate/Pipeline/Pipeline::carry():184}:185}(Object(Illuminate/Http/Request))
#42 C:/Users/Lidiya Getale/Herd/immigrationknowhow/vendor/laravel/framework/src/Illuminate/Routing/Router.php(807): Illuminate/Pipeline/Pipeline->then(Object(Closure))
#43 C:/Users/Lidiya Getale/Herd/immigrationknowhow/vendor/laravel/framework/src/Illuminate/Routing/Router.php(786): Illuminate/Routing/Router->runRouteWithinStack(Object(Illuminate/Routing/Route), Object(Illuminate/Http/Request))
#44 C:/Users/Lidiya Getale/Herd/immigrationknowhow/vendor/laravel/framework/src/Illuminate/Routing/Router.php(750): Illuminate/Routing/Router->runRoute(Object(Illuminate/Http/Request), Object(Illuminate/Routing/Route))
#45 C:/Users/Lidiya Getale/Herd/immigrationknowhow/vendor/laravel/framework/src/Illuminate/Routing/Router.php(739): Illuminate/Routing/Router->dispatchToRoute(Object(Illuminate/Http/Request))
#46 C:/Users/Lidiya Getale/Herd/immigrationknowhow/vendor/laravel/framework/src/Illuminate/Foundation/Http/Kernel.php(201): Illuminate/Routing/Router->dispatch(Object(Illuminate/Http/Request))
#47 C:/Users/Lidiya Getale/Herd/immigrationknowhow/vendor/laravel/framework/src/Illuminate/Pipeline/Pipeline.php(170): Illuminate/Foundation/Http/Kernel->{closure:Illuminate/Foundation/Http/Kernel::dispatchToRouter():198}(Object(Illuminate/Http/Request))
#48 C:/Users/Lidiya Getale/Herd/immigrationknowhow/vendor/laravel/framework/src/Illuminate/Foundation/Http/Middleware/TransformsRequest.php(21): Illuminate/Pipeline/Pipeline->{closure:Illuminate/Pipeline/Pipeline::prepareDestination():168}(Object(Illuminate/Http/Request))
#49 C:/Users/Lidiya Getale/Herd/immigrationknowhow/vendor/laravel/framework/src/Illuminate/Foundation/Http/Middleware/ConvertEmptyStringsToNull.php(31): Illuminate/Foundation/Http/Middleware/TransformsRequest->handle(Object(Illuminate/Http/Request), Object(Closure))
#50 C:/Users/Lidiya Getale/Herd/immigrationknowhow/vendor/laravel/framework/src/Illuminate/Pipeline/Pipeline.php(209): Illuminate/Foundation/Http/Middleware/ConvertEmptyStringsToNull->handle(Object(Illuminate/Http/Request), Object(Closure))
#51 C:/Users/Lidiya Getale/Herd/immigrationknowhow/vendor/laravel/framework/src/Illuminate/Foundation/Http/Middleware/TransformsRequest.php(21): Illuminate/Pipeline/Pipeline->{closure:{closure:Illuminate/Pipeline/Pipeline::carry():184}:185}(Object(Illuminate/Http/Request))
#52 C:/Users/Lidiya Getale/Herd/immigrationknowhow/vendor/laravel/framework/src/Illuminate/Foundation/Http/Middleware/TrimStrings.php(51): Illuminate/Foundation/Http/Middleware/TransformsRequest->handle(Object(Illuminate/Http/Request), Object(Closure))
#53 C:/Users/Lidiya Getale/Herd/immigrationknowhow/vendor/laravel/framework/src/Illuminate/Pipeline/Pipeline.php(209): Illuminate/Foundation/Http/Middleware/TrimStrings->handle(Object(Illuminate/Http/Request), Object(Closure))
#54 C:/Users/Lidiya Getale/Herd/immigrationknowhow/vendor/laravel/framework/src/Illuminate/Http/Middleware/ValidatePostSize.php(27): Illuminate/Pipeline/Pipeline->{closure:{closure:Illuminate/Pipeline/Pipeline::carry():184}:185}(Object(Illuminate/Http/Request))
#55 C:/Users/Lidiya Getale/Herd/immigrationknowhow/vendor/laravel/framework/src/Illuminate/Pipeline/Pipeline.php(209): Illuminate/Http/Middleware/ValidatePostSize->handle(Object(Illuminate/Http/Request), Object(Closure))
#56 C:/Users/Lidiya Getale/Herd/immigrationknowhow/vendor/laravel/framework/src/Illuminate/Foundation/Http/Middleware/PreventRequestsDuringMaintenance.php(110): Illuminate/Pipeline/Pipeline->{closure:{closure:Illuminate/Pipeline/Pipeline::carry():184}:185}(Object(Illuminate/Http/Request))
#57 C:/Users/Lidiya Getale/Herd/immigrationknowhow/vendor/laravel/framework/src/Illuminate/Pipeline/Pipeline.php(209): Illuminate/Foundation/Http/Middleware/PreventRequestsDuringMaintenance->handle(Object(Illuminate/Http/Request), Object(Closure))
#58 C:/Users/Lidiya Getale/Herd/immigrationknowhow/vendor/laravel/framework/src/Illuminate/Http/Middleware/HandleCors.php(49): Illuminate/Pipeline/Pipeline->{closure:{closure:Illuminate/Pipeline/Pipeline::carry():184}:185}(Object(Illuminate/Http/Request))
#59 C:/Users/Lidiya Getale/Herd/immigrationknowhow/vendor/laravel/framework/src/Illuminate/Pipeline/Pipeline.php(209): Illuminate/Http/Middleware/HandleCors->handle(Object(Illuminate/Http/Request), Object(Closure))
#60 C:/Users/Lidiya Getale/Herd/immigrationknowhow/vendor/laravel/framework/src/Illuminate/Http/Middleware/TrustProxies.php(58): Illuminate/Pipeline/Pipeline->{closure:{closure:Illuminate/Pipeline/Pipeline::carry():184}:185}(Object(Illuminate/Http/Request))
#61 C:/Users/Lidiya Getale/Herd/immigrationknowhow/vendor/laravel/framework/src/Illuminate/Pipeline/Pipeline.php(209): Illuminate/Http/Middleware/TrustProxies->handle(Object(Illuminate/Http/Request), Object(Closure))
#62 C:/Users/Lidiya Getale/Herd/immigrationknowhow/vendor/laravel/framework/src/Illuminate/Foundation/Http/Middleware/InvokeDeferredCallbacks.php(22): Illuminate/Pipeline/Pipeline->{closure:{closure:Illuminate/Pipeline/Pipeline::carry():184}:185}(Object(Illuminate/Http/Request))
#63 C:/Users/Lidiya Getale/Herd/immigrationknowhow/vendor/laravel/framework/src/Illuminate/Pipeline/Pipeline.php(209): Illuminate/Foundation/Http/Middleware/InvokeDeferredCallbacks->handle(Object(Illuminate/Http/Request), Object(Closure))
#64 C:/Users/Lidiya Getale/Herd/immigrationknowhow/vendor/laravel/framework/src/Illuminate/Pipeline/Pipeline.php(127): Illuminate/Pipeline/Pipeline->{closure:{closure:Illuminate/Pipeline/Pipeline::carry():184}:185}(Object(Illuminate/Http/Request))
#65 C:/Users/Lidiya Getale/Herd/immigrationknowhow/vendor/laravel/framework/src/Illuminate/Foundation/Http/Kernel.php(176): Illuminate/Pipeline/Pipeline->then(Object(Closure))
#66 C:/Users/Lidiya Getale/Herd/immigrationknowhow/vendor/laravel/framework/src/Illuminate/Foundation/Http/Kernel.php(145): Illuminate/Foundation/Http/Kernel->sendRequestThroughRouter(Object(Illuminate/Http/Request))
#67 C:/Users/Lidiya Getale/Herd/immigrationknowhow/vendor/laravel/framework/src/Illuminate/Foundation/Application.php(1220): Illuminate/Foundation/Http/Kernel->handle(Object(Illuminate/Http/Request))
#68 C:/Users/Lidiya Getale/Herd/immigrationknowhow/public/index.php(17): Illuminate/Foundation/Application->handleRequest(Object(Illuminate/Http/Request))
#69 C:/Program Files/Herd/resources/app.asar.unpacked/resources/valet/server.php(139): require('C://Users//Lidiya...')
#70 {main}
"} 
[2026-04-09 19:37:18] local.ERROR: SQLSTATE[23000]: Integrity constraint violation: 1052 Column 'conversation_id' in field list is ambiguous (Connection: mysql, SQL: select `id`, `conversation_id`, `sender_id`, `body`, `created_at` from `messages` inner join (select MAX(`messages`.`id`) as `id_aggregate`, `messages`.`conversation_id` from `messages` where `messages`.`conversation_id` in (1) and `messages`.`deleted_at` is null group by `messages`.`conversation_id`) as `latestOfMany` on `latestOfMany`.`id_aggregate` = `messages`.`id` and `latestOfMany`.`conversation_id` = `messages`.`conversation_id` where `messages`.`deleted_at` is null) {"userId":43,"exception":"[object] (Illuminate\\Database\\QueryException(code: 23000): SQLSTATE[23000]: Integrity constraint violation: 1052 Column 'conversation_id' in field list is ambiguous (Connection: mysql, SQL: select `id`, `conversation_id`, `sender_id`, `body`, `created_at` from `messages` inner join (select MAX(`messages`.`id`) as `id_aggregate`, `messages`.`conversation_id` from `messages` where `messages`.`conversation_id` in (1) and `messages`.`deleted_at` is null group by `messages`.`conversation_id`) as `latestOfMany` on `latestOfMany`.`id_aggregate` = `messages`.`id` and `latestOfMany`.`conversation_id` = `messages`.`conversation_id` where `messages`.`deleted_at` is null) at C:/Users/Lidiya Getale/Herd/immigrationknowhow/vendor/laravel/framework/src/Illuminate/Database/Connection.php:825)
[stacktrace]
#0 C:/Users/Lidiya Getale/Herd/immigrationknowhow/vendor/laravel/framework/src/Illuminate/Database/Connection.php(779): Illuminate/Database/Connection->runQueryCallback('select `id`, `c...', Array, Object(Closure))
#1 C:/Users/Lidiya Getale/Herd/immigrationknowhow/vendor/laravel/framework/src/Illuminate/Database/Connection.php(398): Illuminate/Database/Connection->run('select `id`, `c...', Array, Object(Closure))
#2 C:/Users/Lidiya Getale/Herd/immigrationknowhow/vendor/laravel/framework/src/Illuminate/Database/Query/Builder.php(3106): Illuminate/Database/Connection->select('select `id`, `c...', Array, true)
#3 C:/Users/Lidiya Getale/Herd/immigrationknowhow/vendor/laravel/framework/src/Illuminate/Database/Query/Builder.php(3091): Illuminate/Database/Query/Builder->runSelect()
#4 C:/Users/Lidiya Getale/Herd/immigrationknowhow/vendor/laravel/framework/src/Illuminate/Database/Query/Builder.php(3676): Illuminate/Database/Query/Builder->{closure:Illuminate/Database/Query/Builder::get():3090}()
#5 C:/Users/Lidiya Getale/Herd/immigrationknowhow/vendor/laravel/framework/src/Illuminate/Database/Query/Builder.php(3090): Illuminate/Database/Query/Builder->onceWithColumns(Array, Object(Closure))
#6 C:/Users/Lidiya Getale/Herd/immigrationknowhow/vendor/laravel/framework/src/Illuminate/Database/Eloquent/Builder.php(811): Illuminate/Database/Query/Builder->get(Array)
#7 C:/Users/Lidiya Getale/Herd/immigrationknowhow/vendor/laravel/framework/src/Illuminate/Database/Eloquent/Builder.php(793): Illuminate/Database/Eloquent/Builder->getModels(Array)
#8 C:/Users/Lidiya Getale/Herd/immigrationknowhow/vendor/laravel/framework/src/Illuminate/Database/Eloquent/Relations/Relation.php(213): Illuminate/Database/Eloquent/Builder->get(Array)
#9 C:/Users/Lidiya Getale/Herd/immigrationknowhow/vendor/laravel/framework/src/Illuminate/Database/Eloquent/Relations/Relation.php(176): Illuminate/Database/Eloquent/Relations/Relation->get()
#10 C:/Users/Lidiya Getale/Herd/immigrationknowhow/vendor/laravel/framework/src/Illuminate/Database/Eloquent/Builder.php(859): Illuminate/Database/Eloquent/Relations/Relation->getEager()
#11 C:/Users/Lidiya Getale/Herd/immigrationknowhow/vendor/laravel/framework/src/Illuminate/Database/Eloquent/Builder.php(828): Illuminate/Database/Eloquent/Builder->eagerLoadRelation(Array, 'latestMessage', Object(Closure))
#12 C:/Users/Lidiya Getale/Herd/immigrationknowhow/vendor/laravel/framework/src/Illuminate/Database/Eloquent/Builder.php(794): Illuminate/Database/Eloquent/Builder->eagerLoadRelations(Array)
#13 C:/Users/Lidiya Getale/Herd/immigrationknowhow/vendor/laravel/framework/src/Illuminate/Database/Eloquent/Builder.php(1034): Illuminate/Database/Eloquent/Builder->get(Array)
#14 C:/Users/Lidiya Getale/Herd/immigrationknowhow/app/Http/Controllers/MessagingController.php(35): Illuminate/Database/Eloquent/Builder->paginate(20)
#15 C:/Users/Lidiya Getale/Herd/immigrationknowhow/vendor/laravel/framework/src/Illuminate/Routing/ControllerDispatcher.php(47): App/Http/Controllers/MessagingController->index(Object(Illuminate/Http/Request))
#16 C:/Users/Lidiya Getale/Herd/immigrationknowhow/vendor/laravel/framework/src/Illuminate/Routing/Route.php(266): Illuminate/Routing/ControllerDispatcher->dispatch(Object(Illuminate/Routing/Route), Object(App/Http/Controllers/MessagingController), 'index')
#17 C:/Users/Lidiya Getale/Herd/immigrationknowhow/vendor/laravel/framework/src/Illuminate/Routing/Route.php(212): Illuminate/Routing/Route->runController()
#18 C:/Users/Lidiya Getale/Herd/immigrationknowhow/vendor/laravel/framework/src/Illuminate/Routing/Router.php(808): Illuminate/Routing/Route->run()
#19 C:/Users/Lidiya Getale/Herd/immigrationknowhow/vendor/laravel/framework/src/Illuminate/Pipeline/Pipeline.php(170): Illuminate/Routing/Router->{closure:Illuminate/Routing/Router::runRouteWithinStack():807}(Object(Illuminate/Http/Request))
#20 C:/Users/Lidiya Getale/Herd/immigrationknowhow/app/Http/Middleware/EnsureOnboardingComplete.php(30): Illuminate/Pipeline/Pipeline->{closure:Illuminate/Pipeline/Pipeline::prepareDestination():168}(Object(Illuminate/Http/Request))
#21 C:/Users/Lidiya Getale/Herd/immigrationknowhow/vendor/laravel/framework/src/Illuminate/Pipeline/Pipeline.php(209): App/Http/Middleware/EnsureOnboardingComplete->handle(Object(Illuminate/Http/Request), Object(Closure))
#22 C:/Users/Lidiya Getale/Herd/immigrationknowhow/vendor/inertiajs/inertia-laravel/src/Middleware.php(87): Illuminate/Pipeline/Pipeline->{closure:{closure:Illuminate/Pipeline/Pipeline::carry():184}:185}(Object(Illuminate/Http/Request))
#23 C:/Users/Lidiya Getale/Herd/immigrationknowhow/vendor/laravel/framework/src/Illuminate/Pipeline/Pipeline.php(209): Inertia/Middleware->handle(Object(Illuminate/Http/Request), Object(Closure))
#24 C:/Users/Lidiya Getale/Herd/immigrationknowhow/vendor/laravel/framework/src/Illuminate/Routing/Middleware/SubstituteBindings.php(51): Illuminate/Pipeline/Pipeline->{closure:{closure:Illuminate/Pipeline/Pipeline::carry():184}:185}(Object(Illuminate/Http/Request))
#25 C:/Users/Lidiya Getale/Herd/immigrationknowhow/vendor/laravel/framework/src/Illuminate/Pipeline/Pipeline.php(209): Illuminate/Routing/Middleware/SubstituteBindings->handle(Object(Illuminate/Http/Request), Object(Closure))
#26 C:/Users/Lidiya Getale/Herd/immigrationknowhow/vendor/laravel/framework/src/Illuminate/Auth/Middleware/Authenticate.php(64): Illuminate/Pipeline/Pipeline->{closure:{closure:Illuminate/Pipeline/Pipeline::carry():184}:185}(Object(Illuminate/Http/Request))
#27 C:/Users/Lidiya Getale/Herd/immigrationknowhow/vendor/laravel/framework/src/Illuminate/Pipeline/Pipeline.php(209): Illuminate/Auth/Middleware/Authenticate->handle(Object(Illuminate/Http/Request), Object(Closure))
#28 C:/Users/Lidiya Getale/Herd/immigrationknowhow/vendor/laravel/framework/src/Illuminate/Foundation/Http/Middleware/VerifyCsrfToken.php(88): Illuminate/Pipeline/Pipeline->{closure:{closure:Illuminate/Pipeline/Pipeline::carry():184}:185}(Object(Illuminate/Http/Request))
#29 C:/Users/Lidiya Getale/Herd/immigrationknowhow/vendor/laravel/framework/src/Illuminate/Pipeline/Pipeline.php(209): Illuminate/Foundation/Http/Middleware/VerifyCsrfToken->handle(Object(Illuminate/Http/Request), Object(Closure))
#30 C:/Users/Lidiya Getale/Herd/immigrationknowhow/vendor/laravel/framework/src/Illuminate/View/Middleware/ShareErrorsFromSession.php(49): Illuminate/Pipeline/Pipeline->{closure:{closure:Illuminate/Pipeline/Pipeline::carry():184}:185}(Object(Illuminate/Http/Request))
#31 C:/Users/Lidiya Getale/Herd/immigrationknowhow/vendor/laravel/framework/src/Illuminate/Pipeline/Pipeline.php(209): Illuminate/View/Middleware/ShareErrorsFromSession->handle(Object(Illuminate/Http/Request), Object(Closure))
#32 C:/Users/Lidiya Getale/Herd/immigrationknowhow/vendor/laravel/framework/src/Illuminate/Session/Middleware/StartSession.php(121): Illuminate/Pipeline/Pipeline->{closure:{closure:Illuminate/Pipeline/Pipeline::carry():184}:185}(Object(Illuminate/Http/Request))
#33 C:/Users/Lidiya Getale/Herd/immigrationknowhow/vendor/laravel/framework/src/Illuminate/Session/Middleware/StartSession.php(64): Illuminate/Session/Middleware/StartSession->handleStatefulRequest(Object(Illuminate/Http/Request), Object(Illuminate/Session/Store), Object(Closure))
#34 C:/Users/Lidiya Getale/Herd/immigrationknowhow/vendor/laravel/framework/src/Illuminate/Pipeline/Pipeline.php(209): Illuminate/Session/Middleware/StartSession->handle(Object(Illuminate/Http/Request), Object(Closure))
#35 C:/Users/Lidiya Getale/Herd/immigrationknowhow/vendor/laravel/framework/src/Illuminate/Cookie/Middleware/AddQueuedCookiesToResponse.php(37): Illuminate/Pipeline/Pipeline->{closure:{closure:Illuminate/Pipeline/Pipeline::carry():184}:185}(Object(Illuminate/Http/Request))
#36 C:/Users/Lidiya Getale/Herd/immigrationknowhow/vendor/laravel/framework/src/Illuminate/Pipeline/Pipeline.php(209): Illuminate/Cookie/Middleware/AddQueuedCookiesToResponse->handle(Object(Illuminate/Http/Request), Object(Closure))
#37 C:/Users/Lidiya Getale/Herd/immigrationknowhow/vendor/laravel/framework/src/Illuminate/Cookie/Middleware/EncryptCookies.php(75): Illuminate/Pipeline/Pipeline->{closure:{closure:Illuminate/Pipeline/Pipeline::carry():184}:185}(Object(Illuminate/Http/Request))
#38 C:/Users/Lidiya Getale/Herd/immigrationknowhow/vendor/laravel/framework/src/Illuminate/Pipeline/Pipeline.php(209): Illuminate/Cookie/Middleware/EncryptCookies->handle(Object(Illuminate/Http/Request), Object(Closure))
#39 C:/Users/Lidiya Getale/Herd/immigrationknowhow/vendor/laravel/framework/src/Illuminate/Pipeline/Pipeline.php(127): Illuminate/Pipeline/Pipeline->{closure:{closure:Illuminate/Pipeline/Pipeline::carry():184}:185}(Object(Illuminate/Http/Request))
#40 C:/Users/Lidiya Getale/Herd/immigrationknowhow/vendor/laravel/framework/src/Illuminate/Routing/Router.php(807): Illuminate/Pipeline/Pipeline->then(Object(Closure))
#41 C:/Users/Lidiya Getale/Herd/immigrationknowhow/vendor/laravel/framework/src/Illuminate/Routing/Router.php(786): Illuminate/Routing/Router->runRouteWithinStack(Object(Illuminate/Routing/Route), Object(Illuminate/Http/Request))
#42 C:/Users/Lidiya Getale/Herd/immigrationknowhow/vendor/laravel/framework/src/Illuminate/Routing/Router.php(750): Illuminate/Routing/Router->runRoute(Object(Illuminate/Http/Request), Object(Illuminate/Routing/Route))
#43 C:/Users/Lidiya Getale/Herd/immigrationknowhow/vendor/laravel/framework/src/Illuminate/Routing/Router.php(739): Illuminate/Routing/Router->dispatchToRoute(Object(Illuminate/Http/Request))
#44 C:/Users/Lidiya Getale/Herd/immigrationknowhow/vendor/laravel/framework/src/Illuminate/Foundation/Http/Kernel.php(201): Illuminate/Routing/Router->dispatch(Object(Illuminate/Http/Request))
#45 C:/Users/Lidiya Getale/Herd/immigrationknowhow/vendor/laravel/framework/src/Illuminate/Pipeline/Pipeline.php(170): Illuminate/Foundation/Http/Kernel->{closure:Illuminate/Foundation/Http/Kernel::dispatchToRouter():198}(Object(Illuminate/Http/Request))
#46 C:/Users/Lidiya Getale/Herd/immigrationknowhow/vendor/laravel/framework/src/Illuminate/Foundation/Http/Middleware/TransformsRequest.php(21): Illuminate/Pipeline/Pipeline->{closure:Illuminate/Pipeline/Pipeline::prepareDestination():168}(Object(Illuminate/Http/Request))
#47 C:/Users/Lidiya Getale/Herd/immigrationknowhow/vendor/laravel/framework/src/Illuminate/Foundation/Http/Middleware/ConvertEmptyStringsToNull.php(31): Illuminate/Foundation/Http/Middleware/TransformsRequest->handle(Object(Illuminate/Http/Request), Object(Closure))
#48 C:/Users/Lidiya Getale/Herd/immigrationknowhow/vendor/laravel/framework/src/Illuminate/Pipeline/Pipeline.php(209): Illuminate/Foundation/Http/Middleware/ConvertEmptyStringsToNull->handle(Object(Illuminate/Http/Request), Object(Closure))
#49 C:/Users/Lidiya Getale/Herd/immigrationknowhow/vendor/laravel/framework/src/Illuminate/Foundation/Http/Middleware/TransformsRequest.php(21): Illuminate/Pipeline/Pipeline->{closure:{closure:Illuminate/Pipeline/Pipeline::carry():184}:185}(Object(Illuminate/Http/Request))
#50 C:/Users/Lidiya Getale/Herd/immigrationknowhow/vendor/laravel/framework/src/Illuminate/Foundation/Http/Middleware/TrimStrings.php(51): Illuminate/Foundation/Http/Middleware/TransformsRequest->handle(Object(Illuminate/Http/Request), Object(Closure))
#51 C:/Users/Lidiya Getale/Herd/immigrationknowhow/vendor/laravel/framework/src/Illuminate/Pipeline/Pipeline.php(209): Illuminate/Foundation/Http/Middleware/TrimStrings->handle(Object(Illuminate/Http/Request), Object(Closure))
#52 C:/Users/Lidiya Getale/Herd/immigrationknowhow/vendor/laravel/framework/src/Illuminate/Http/Middleware/ValidatePostSize.php(27): Illuminate/Pipeline/Pipeline->{closure:{closure:Illuminate/Pipeline/Pipeline::carry():184}:185}(Object(Illuminate/Http/Request))
#53 C:/Users/Lidiya Getale/Herd/immigrationknowhow/vendor/laravel/framework/src/Illuminate/Pipeline/Pipeline.php(209): Illuminate/Http/Middleware/ValidatePostSize->handle(Object(Illuminate/Http/Request), Object(Closure))
#54 C:/Users/Lidiya Getale/Herd/immigrationknowhow/vendor/laravel/framework/src/Illuminate/Foundation/Http/Middleware/PreventRequestsDuringMaintenance.php(110): Illuminate/Pipeline/Pipeline->{closure:{closure:Illuminate/Pipeline/Pipeline::carry():184}:185}(Object(Illuminate/Http/Request))
#55 C:/Users/Lidiya Getale/Herd/immigrationknowhow/vendor/laravel/framework/src/Illuminate/Pipeline/Pipeline.php(209): Illuminate/Foundation/Http/Middleware/PreventRequestsDuringMaintenance->handle(Object(Illuminate/Http/Request), Object(Closure))
#56 C:/Users/Lidiya Getale/Herd/immigrationknowhow/vendor/laravel/framework/src/Illuminate/Http/Middleware/HandleCors.php(49): Illuminate/Pipeline/Pipeline->{closure:{closure:Illuminate/Pipeline/Pipeline::carry():184}:185}(Object(Illuminate/Http/Request))
#57 C:/Users/Lidiya Getale/Herd/immigrationknowhow/vendor/laravel/framework/src/Illuminate/Pipeline/Pipeline.php(209): Illuminate/Http/Middleware/HandleCors->handle(Object(Illuminate/Http/Request), Object(Closure))
#58 C:/Users/Lidiya Getale/Herd/immigrationknowhow/vendor/laravel/framework/src/Illuminate/Http/Middleware/TrustProxies.php(58): Illuminate/Pipeline/Pipeline->{closure:{closure:Illuminate/Pipeline/Pipeline::carry():184}:185}(Object(Illuminate/Http/Request))
#59 C:/Users/Lidiya Getale/Herd/immigrationknowhow/vendor/laravel/framework/src/Illuminate/Pipeline/Pipeline.php(209): Illuminate/Http/Middleware/TrustProxies->handle(Object(Illuminate/Http/Request), Object(Closure))
#60 C:/Users/Lidiya Getale/Herd/immigrationknowhow/vendor/laravel/framework/src/Illuminate/Foundation/Http/Middleware/InvokeDeferredCallbacks.php(22): Illuminate/Pipeline/Pipeline->{closure:{closure:Illuminate/Pipeline/Pipeline::carry():184}:185}(Object(Illuminate/Http/Request))
#61 C:/Users/Lidiya Getale/Herd/immigrationknowhow/vendor/laravel/framework/src/Illuminate/Pipeline/Pipeline.php(209): Illuminate/Foundation/Http/Middleware/InvokeDeferredCallbacks->handle(Object(Illuminate/Http/Request), Object(Closure))
#62 C:/Users/Lidiya Getale/Herd/immigrationknowhow/vendor/laravel/framework/src/Illuminate/Pipeline/Pipeline.php(127): Illuminate/Pipeline/Pipeline->{closure:{closure:Illuminate/Pipeline/Pipeline::carry():184}:185}(Object(Illuminate/Http/Request))
#63 C:/Users/Lidiya Getale/Herd/immigrationknowhow/vendor/laravel/framework/src/Illuminate/Foundation/Http/Kernel.php(176): Illuminate/Pipeline/Pipeline->then(Object(Closure))
#64 C:/Users/Lidiya Getale/Herd/immigrationknowhow/vendor/laravel/framework/src/Illuminate/Foundation/Http/Kernel.php(145): Illuminate/Foundation/Http/Kernel->sendRequestThroughRouter(Object(Illuminate/Http/Request))
#65 C:/Users/Lidiya Getale/Herd/immigrationknowhow/vendor/laravel/framework/src/Illuminate/Foundation/Application.php(1220): Illuminate/Foundation/Http/Kernel->handle(Object(Illuminate/Http/Request))
#66 C:/Users/Lidiya Getale/Herd/immigrationknowhow/public/index.php(17): Illuminate/Foundation/Application->handleRequest(Object(Illuminate/Http/Request))
#67 C:/Program Files/Herd/resources/app.asar.unpacked/resources/valet/server.php(139): require('C://Users//Lidiya...')
#68 {main}

[previous exception] [object] (PDOException(code: 23000): SQLSTATE[23000]: Integrity constraint violation: 1052 Column 'conversation_id' in field list is ambiguous at C:/Users/Lidiya Getale/Herd/immigrationknowhow/vendor/laravel/framework/src/Illuminate/Database/Connection.php:407)
[stacktrace]
#0 C:/Users/Lidiya Getale/Herd/immigrationknowhow/vendor/laravel/framework/src/Illuminate/Database/Connection.php(407): PDO->prepare('select `id`, `c...')
#1 C:/Users/Lidiya Getale/Herd/immigrationknowhow/vendor/laravel/framework/src/Illuminate/Database/Connection.php(812): Illuminate/Database/Connection->{closure:Illuminate/Database/Connection::select():398}('select `id`, `c...', Array)
#2 C:/Users/Lidiya Getale/Herd/immigrationknowhow/vendor/laravel/framework/src/Illuminate/Database/Connection.php(779): Illuminate/Database/Connection->runQueryCallback('select `id`, `c...', Array, Object(Closure))
#3 C:/Users/Lidiya Getale/Herd/immigrationknowhow/vendor/laravel/framework/src/Illuminate/Database/Connection.php(398): Illuminate/Database/Connection->run('select `id`, `c...', Array, Object(Closure))
#4 C:/Users/Lidiya Getale/Herd/immigrationknowhow/vendor/laravel/framework/src/Illuminate/Database/Query/Builder.php(3106): Illuminate/Database/Connection->select('select `id`, `c...', Array, true)
#5 C:/Users/Lidiya Getale/Herd/immigrationknowhow/vendor/laravel/framework/src/Illuminate/Database/Query/Builder.php(3091): Illuminate/Database/Query/Builder->runSelect()
#6 C:/Users/Lidiya Getale/Herd/immigrationknowhow/vendor/laravel/framework/src/Illuminate/Database/Query/Builder.php(3676): Illuminate/Database/Query/Builder->{closure:Illuminate/Database/Query/Builder::get():3090}()
#7 C:/Users/Lidiya Getale/Herd/immigrationknowhow/vendor/laravel/framework/src/Illuminate/Database/Query/Builder.php(3090): Illuminate/Database/Query/Builder->onceWithColumns(Array, Object(Closure))
#8 C:/Users/Lidiya Getale/Herd/immigrationknowhow/vendor/laravel/framework/src/Illuminate/Database/Eloquent/Builder.php(811): Illuminate/Database/Query/Builder->get(Array)
#9 C:/Users/Lidiya Getale/Herd/immigrationknowhow/vendor/laravel/framework/src/Illuminate/Database/Eloquent/Builder.php(793): Illuminate/Database/Eloquent/Builder->getModels(Array)
#10 C:/Users/Lidiya Getale/Herd/immigrationknowhow/vendor/laravel/framework/src/Illuminate/Database/Eloquent/Relations/Relation.php(213): Illuminate/Database/Eloquent/Builder->get(Array)
#11 C:/Users/Lidiya Getale/Herd/immigrationknowhow/vendor/laravel/framework/src/Illuminate/Database/Eloquent/Relations/Relation.php(176): Illuminate/Database/Eloquent/Relations/Relation->get()
#12 C:/Users/Lidiya Getale/Herd/immigrationknowhow/vendor/laravel/framework/src/Illuminate/Database/Eloquent/Builder.php(859): Illuminate/Database/Eloquent/Relations/Relation->getEager()
#13 C:/Users/Lidiya Getale/Herd/immigrationknowhow/vendor/laravel/framework/src/Illuminate/Database/Eloquent/Builder.php(828): Illuminate/Database/Eloquent/Builder->eagerLoadRelation(Array, 'latestMessage', Object(Closure))
#14 C:/Users/Lidiya Getale/Herd/immigrationknowhow/vendor/laravel/framework/src/Illuminate/Database/Eloquent/Builder.php(794): Illuminate/Database/Eloquent/Builder->eagerLoadRelations(Array)
#15 C:/Users/Lidiya Getale/Herd/immigrationknowhow/vendor/laravel/framework/src/Illuminate/Database/Eloquent/Builder.php(1034): Illuminate/Database/Eloquent/Builder->get(Array)
#16 C:/Users/Lidiya Getale/Herd/immigrationknowhow/app/Http/Controllers/MessagingController.php(35): Illuminate/Database/Eloquent/Builder->paginate(20)
#17 C:/Users/Lidiya Getale/Herd/immigrationknowhow/vendor/laravel/framework/src/Illuminate/Routing/ControllerDispatcher.php(47): App/Http/Controllers/MessagingController->index(Object(Illuminate/Http/Request))
#18 C:/Users/Lidiya Getale/Herd/immigrationknowhow/vendor/laravel/framework/src/Illuminate/Routing/Route.php(266): Illuminate/Routing/ControllerDispatcher->dispatch(Object(Illuminate/Routing/Route), Object(App/Http/Controllers/MessagingController), 'index')
#19 C:/Users/Lidiya Getale/Herd/immigrationknowhow/vendor/laravel/framework/src/Illuminate/Routing/Route.php(212): Illuminate/Routing/Route->runController()
#20 C:/Users/Lidiya Getale/Herd/immigrationknowhow/vendor/laravel/framework/src/Illuminate/Routing/Router.php(808): Illuminate/Routing/Route->run()
#21 C:/Users/Lidiya Getale/Herd/immigrationknowhow/vendor/laravel/framework/src/Illuminate/Pipeline/Pipeline.php(170): Illuminate/Routing/Router->{closure:Illuminate/Routing/Router::runRouteWithinStack():807}(Object(Illuminate/Http/Request))
#22 C:/Users/Lidiya Getale/Herd/immigrationknowhow/app/Http/Middleware/EnsureOnboardingComplete.php(30): Illuminate/Pipeline/Pipeline->{closure:Illuminate/Pipeline/Pipeline::prepareDestination():168}(Object(Illuminate/Http/Request))
#23 C:/Users/Lidiya Getale/Herd/immigrationknowhow/vendor/laravel/framework/src/Illuminate/Pipeline/Pipeline.php(209): App/Http/Middleware/EnsureOnboardingComplete->handle(Object(Illuminate/Http/Request), Object(Closure))
#24 C:/Users/Lidiya Getale/Herd/immigrationknowhow/vendor/inertiajs/inertia-laravel/src/Middleware.php(87): Illuminate/Pipeline/Pipeline->{closure:{closure:Illuminate/Pipeline/Pipeline::carry():184}:185}(Object(Illuminate/Http/Request))
#25 C:/Users/Lidiya Getale/Herd/immigrationknowhow/vendor/laravel/framework/src/Illuminate/Pipeline/Pipeline.php(209): Inertia/Middleware->handle(Object(Illuminate/Http/Request), Object(Closure))
#26 C:/Users/Lidiya Getale/Herd/immigrationknowhow/vendor/laravel/framework/src/Illuminate/Routing/Middleware/SubstituteBindings.php(51): Illuminate/Pipeline/Pipeline->{closure:{closure:Illuminate/Pipeline/Pipeline::carry():184}:185}(Object(Illuminate/Http/Request))
#27 C:/Users/Lidiya Getale/Herd/immigrationknowhow/vendor/laravel/framework/src/Illuminate/Pipeline/Pipeline.php(209): Illuminate/Routing/Middleware/SubstituteBindings->handle(Object(Illuminate/Http/Request), Object(Closure))
#28 C:/Users/Lidiya Getale/Herd/immigrationknowhow/vendor/laravel/framework/src/Illuminate/Auth/Middleware/Authenticate.php(64): Illuminate/Pipeline/Pipeline->{closure:{closure:Illuminate/Pipeline/Pipeline::carry():184}:185}(Object(Illuminate/Http/Request))
#29 C:/Users/Lidiya Getale/Herd/immigrationknowhow/vendor/laravel/framework/src/Illuminate/Pipeline/Pipeline.php(209): Illuminate/Auth/Middleware/Authenticate->handle(Object(Illuminate/Http/Request), Object(Closure))
#30 C:/Users/Lidiya Getale/Herd/immigrationknowhow/vendor/laravel/framework/src/Illuminate/Foundation/Http/Middleware/VerifyCsrfToken.php(88): Illuminate/Pipeline/Pipeline->{closure:{closure:Illuminate/Pipeline/Pipeline::carry():184}:185}(Object(Illuminate/Http/Request))
#31 C:/Users/Lidiya Getale/Herd/immigrationknowhow/vendor/laravel/framework/src/Illuminate/Pipeline/Pipeline.php(209): Illuminate/Foundation/Http/Middleware/VerifyCsrfToken->handle(Object(Illuminate/Http/Request), Object(Closure))
#32 C:/Users/Lidiya Getale/Herd/immigrationknowhow/vendor/laravel/framework/src/Illuminate/View/Middleware/ShareErrorsFromSession.php(49): Illuminate/Pipeline/Pipeline->{closure:{closure:Illuminate/Pipeline/Pipeline::carry():184}:185}(Object(Illuminate/Http/Request))
#33 C:/Users/Lidiya Getale/Herd/immigrationknowhow/vendor/laravel/framework/src/Illuminate/Pipeline/Pipeline.php(209): Illuminate/View/Middleware/ShareErrorsFromSession->handle(Object(Illuminate/Http/Request), Object(Closure))
#34 C:/Users/Lidiya Getale/Herd/immigrationknowhow/vendor/laravel/framework/src/Illuminate/Session/Middleware/StartSession.php(121): Illuminate/Pipeline/Pipeline->{closure:{closure:Illuminate/Pipeline/Pipeline::carry():184}:185}(Object(Illuminate/Http/Request))
#35 C:/Users/Lidiya Getale/Herd/immigrationknowhow/vendor/laravel/framework/src/Illuminate/Session/Middleware/StartSession.php(64): Illuminate/Session/Middleware/StartSession->handleStatefulRequest(Object(Illuminate/Http/Request), Object(Illuminate/Session/Store), Object(Closure))
#36 C:/Users/Lidiya Getale/Herd/immigrationknowhow/vendor/laravel/framework/src/Illuminate/Pipeline/Pipeline.php(209): Illuminate/Session/Middleware/StartSession->handle(Object(Illuminate/Http/Request), Object(Closure))
#37 C:/Users/Lidiya Getale/Herd/immigrationknowhow/vendor/laravel/framework/src/Illuminate/Cookie/Middleware/AddQueuedCookiesToResponse.php(37): Illuminate/Pipeline/Pipeline->{closure:{closure:Illuminate/Pipeline/Pipeline::carry():184}:185}(Object(Illuminate/Http/Request))
#38 C:/Users/Lidiya Getale/Herd/immigrationknowhow/vendor/laravel/framework/src/Illuminate/Pipeline/Pipeline.php(209): Illuminate/Cookie/Middleware/AddQueuedCookiesToResponse->handle(Object(Illuminate/Http/Request), Object(Closure))
#39 C:/Users/Lidiya Getale/Herd/immigrationknowhow/vendor/laravel/framework/src/Illuminate/Cookie/Middleware/EncryptCookies.php(75): Illuminate/Pipeline/Pipeline->{closure:{closure:Illuminate/Pipeline/Pipeline::carry():184}:185}(Object(Illuminate/Http/Request))
#40 C:/Users/Lidiya Getale/Herd/immigrationknowhow/vendor/laravel/framework/src/Illuminate/Pipeline/Pipeline.php(209): Illuminate/Cookie/Middleware/EncryptCookies->handle(Object(Illuminate/Http/Request), Object(Closure))
#41 C:/Users/Lidiya Getale/Herd/immigrationknowhow/vendor/laravel/framework/src/Illuminate/Pipeline/Pipeline.php(127): Illuminate/Pipeline/Pipeline->{closure:{closure:Illuminate/Pipeline/Pipeline::carry():184}:185}(Object(Illuminate/Http/Request))
#42 C:/Users/Lidiya Getale/Herd/immigrationknowhow/vendor/laravel/framework/src/Illuminate/Routing/Router.php(807): Illuminate/Pipeline/Pipeline->then(Object(Closure))
#43 C:/Users/Lidiya Getale/Herd/immigrationknowhow/vendor/laravel/framework/src/Illuminate/Routing/Router.php(786): Illuminate/Routing/Router->runRouteWithinStack(Object(Illuminate/Routing/Route), Object(Illuminate/Http/Request))
#44 C:/Users/Lidiya Getale/Herd/immigrationknowhow/vendor/laravel/framework/src/Illuminate/Routing/Router.php(750): Illuminate/Routing/Router->runRoute(Object(Illuminate/Http/Request), Object(Illuminate/Routing/Route))
#45 C:/Users/Lidiya Getale/Herd/immigrationknowhow/vendor/laravel/framework/src/Illuminate/Routing/Router.php(739): Illuminate/Routing/Router->dispatchToRoute(Object(Illuminate/Http/Request))
#46 C:/Users/Lidiya Getale/Herd/immigrationknowhow/vendor/laravel/framework/src/Illuminate/Foundation/Http/Kernel.php(201): Illuminate/Routing/Router->dispatch(Object(Illuminate/Http/Request))
#47 C:/Users/Lidiya Getale/Herd/immigrationknowhow/vendor/laravel/framework/src/Illuminate/Pipeline/Pipeline.php(170): Illuminate/Foundation/Http/Kernel->{closure:Illuminate/Foundation/Http/Kernel::dispatchToRouter():198}(Object(Illuminate/Http/Request))
#48 C:/Users/Lidiya Getale/Herd/immigrationknowhow/vendor/laravel/framework/src/Illuminate/Foundation/Http/Middleware/TransformsRequest.php(21): Illuminate/Pipeline/Pipeline->{closure:Illuminate/Pipeline/Pipeline::prepareDestination():168}(Object(Illuminate/Http/Request))
#49 C:/Users/Lidiya Getale/Herd/immigrationknowhow/vendor/laravel/framework/src/Illuminate/Foundation/Http/Middleware/ConvertEmptyStringsToNull.php(31): Illuminate/Foundation/Http/Middleware/TransformsRequest->handle(Object(Illuminate/Http/Request), Object(Closure))
#50 C:/Users/Lidiya Getale/Herd/immigrationknowhow/vendor/laravel/framework/src/Illuminate/Pipeline/Pipeline.php(209): Illuminate/Foundation/Http/Middleware/ConvertEmptyStringsToNull->handle(Object(Illuminate/Http/Request), Object(Closure))
#51 C:/Users/Lidiya Getale/Herd/immigrationknowhow/vendor/laravel/framework/src/Illuminate/Foundation/Http/Middleware/TransformsRequest.php(21): Illuminate/Pipeline/Pipeline->{closure:{closure:Illuminate/Pipeline/Pipeline::carry():184}:185}(Object(Illuminate/Http/Request))
#52 C:/Users/Lidiya Getale/Herd/immigrationknowhow/vendor/laravel/framework/src/Illuminate/Foundation/Http/Middleware/TrimStrings.php(51): Illuminate/Foundation/Http/Middleware/TransformsRequest->handle(Object(Illuminate/Http/Request), Object(Closure))
#53 C:/Users/Lidiya Getale/Herd/immigrationknowhow/vendor/laravel/framework/src/Illuminate/Pipeline/Pipeline.php(209): Illuminate/Foundation/Http/Middleware/TrimStrings->handle(Object(Illuminate/Http/Request), Object(Closure))
#54 C:/Users/Lidiya Getale/Herd/immigrationknowhow/vendor/laravel/framework/src/Illuminate/Http/Middleware/ValidatePostSize.php(27): Illuminate/Pipeline/Pipeline->{closure:{closure:Illuminate/Pipeline/Pipeline::carry():184}:185}(Object(Illuminate/Http/Request))
#55 C:/Users/Lidiya Getale/Herd/immigrationknowhow/vendor/laravel/framework/src/Illuminate/Pipeline/Pipeline.php(209): Illuminate/Http/Middleware/ValidatePostSize->handle(Object(Illuminate/Http/Request), Object(Closure))
#56 C:/Users/Lidiya Getale/Herd/immigrationknowhow/vendor/laravel/framework/src/Illuminate/Foundation/Http/Middleware/PreventRequestsDuringMaintenance.php(110): Illuminate/Pipeline/Pipeline->{closure:{closure:Illuminate/Pipeline/Pipeline::carry():184}:185}(Object(Illuminate/Http/Request))
#57 C:/Users/Lidiya Getale/Herd/immigrationknowhow/vendor/laravel/framework/src/Illuminate/Pipeline/Pipeline.php(209): Illuminate/Foundation/Http/Middleware/PreventRequestsDuringMaintenance->handle(Object(Illuminate/Http/Request), Object(Closure))
#58 C:/Users/Lidiya Getale/Herd/immigrationknowhow/vendor/laravel/framework/src/Illuminate/Http/Middleware/HandleCors.php(49): Illuminate/Pipeline/Pipeline->{closure:{closure:Illuminate/Pipeline/Pipeline::carry():184}:185}(Object(Illuminate/Http/Request))
#59 C:/Users/Lidiya Getale/Herd/immigrationknowhow/vendor/laravel/framework/src/Illuminate/Pipeline/Pipeline.php(209): Illuminate/Http/Middleware/HandleCors->handle(Object(Illuminate/Http/Request), Object(Closure))
#60 C:/Users/Lidiya Getale/Herd/immigrationknowhow/vendor/laravel/framework/src/Illuminate/Http/Middleware/TrustProxies.php(58): Illuminate/Pipeline/Pipeline->{closure:{closure:Illuminate/Pipeline/Pipeline::carry():184}:185}(Object(Illuminate/Http/Request))
#61 C:/Users/Lidiya Getale/Herd/immigrationknowhow/vendor/laravel/framework/src/Illuminate/Pipeline/Pipeline.php(209): Illuminate/Http/Middleware/TrustProxies->handle(Object(Illuminate/Http/Request), Object(Closure))
#62 C:/Users/Lidiya Getale/Herd/immigrationknowhow/vendor/laravel/framework/src/Illuminate/Foundation/Http/Middleware/InvokeDeferredCallbacks.php(22): Illuminate/Pipeline/Pipeline->{closure:{closure:Illuminate/Pipeline/Pipeline::carry():184}:185}(Object(Illuminate/Http/Request))
#63 C:/Users/Lidiya Getale/Herd/immigrationknowhow/vendor/laravel/framework/src/Illuminate/Pipeline/Pipeline.php(209): Illuminate/Foundation/Http/Middleware/InvokeDeferredCallbacks->handle(Object(Illuminate/Http/Request), Object(Closure))
#64 C:/Users/Lidiya Getale/Herd/immigrationknowhow/vendor/laravel/framework/src/Illuminate/Pipeline/Pipeline.php(127): Illuminate/Pipeline/Pipeline->{closure:{closure:Illuminate/Pipeline/Pipeline::carry():184}:185}(Object(Illuminate/Http/Request))
#65 C:/Users/Lidiya Getale/Herd/immigrationknowhow/vendor/laravel/framework/src/Illuminate/Foundation/Http/Kernel.php(176): Illuminate/Pipeline/Pipeline->then(Object(Closure))
#66 C:/Users/Lidiya Getale/Herd/immigrationknowhow/vendor/laravel/framework/src/Illuminate/Foundation/Http/Kernel.php(145): Illuminate/Foundation/Http/Kernel->sendRequestThroughRouter(Object(Illuminate/Http/Request))
#67 C:/Users/Lidiya Getale/Herd/immigrationknowhow/vendor/laravel/framework/src/Illuminate/Foundation/Application.php(1220): Illuminate/Foundation/Http/Kernel->handle(Object(Illuminate/Http/Request))
#68 C:/Users/Lidiya Getale/Herd/immigrationknowhow/public/index.php(17): Illuminate/Foundation/Application->handleRequest(Object(Illuminate/Http/Request))
#69 C:/Program Files/Herd/resources/app.asar.unpacked/resources/valet/server.php(139): require('C://Users//Lidiya...')
#70 {main}
"} 
[2026-04-09 19:38:26] local.ERROR: SQLSTATE[23000]: Integrity constraint violation: 1052 Column 'conversation_id' in field list is ambiguous (Connection: mysql, SQL: select `id`, `conversation_id`, `sender_id`, `body`, `created_at` from `messages` inner join (select MAX(`messages`.`id`) as `id_aggregate`, `messages`.`conversation_id` from `messages` where `messages`.`conversation_id` in (1) and `messages`.`deleted_at` is null group by `messages`.`conversation_id`) as `latestOfMany` on `latestOfMany`.`id_aggregate` = `messages`.`id` and `latestOfMany`.`conversation_id` = `messages`.`conversation_id` where `messages`.`deleted_at` is null) {"userId":43,"exception":"[object] (Illuminate\\Database\\QueryException(code: 23000): SQLSTATE[23000]: Integrity constraint violation: 1052 Column 'conversation_id' in field list is ambiguous (Connection: mysql, SQL: select `id`, `conversation_id`, `sender_id`, `body`, `created_at` from `messages` inner join (select MAX(`messages`.`id`) as `id_aggregate`, `messages`.`conversation_id` from `messages` where `messages`.`conversation_id` in (1) and `messages`.`deleted_at` is null group by `messages`.`conversation_id`) as `latestOfMany` on `latestOfMany`.`id_aggregate` = `messages`.`id` and `latestOfMany`.`conversation_id` = `messages`.`conversation_id` where `messages`.`deleted_at` is null) at C:/Users/Lidiya Getale/Herd/immigrationknowhow/vendor/laravel/framework/src/Illuminate/Database/Connection.php:825)
[stacktrace]
#0 C:/Users/Lidiya Getale/Herd/immigrationknowhow/vendor/laravel/framework/src/Illuminate/Database/Connection.php(779): Illuminate/Database/Connection->runQueryCallback('select `id`, `c...', Array, Object(Closure))
#1 C:/Users/Lidiya Getale/Herd/immigrationknowhow/vendor/laravel/framework/src/Illuminate/Database/Connection.php(398): Illuminate/Database/Connection->run('select `id`, `c...', Array, Object(Closure))
#2 C:/Users/Lidiya Getale/Herd/immigrationknowhow/vendor/laravel/framework/src/Illuminate/Database/Query/Builder.php(3106): Illuminate/Database/Connection->select('select `id`, `c...', Array, true)
#3 C:/Users/Lidiya Getale/Herd/immigrationknowhow/vendor/laravel/framework/src/Illuminate/Database/Query/Builder.php(3091): Illuminate/Database/Query/Builder->runSelect()
#4 C:/Users/Lidiya Getale/Herd/immigrationknowhow/vendor/laravel/framework/src/Illuminate/Database/Query/Builder.php(3676): Illuminate/Database/Query/Builder->{closure:Illuminate/Database/Query/Builder::get():3090}()
#5 C:/Users/Lidiya Getale/Herd/immigrationknowhow/vendor/laravel/framework/src/Illuminate/Database/Query/Builder.php(3090): Illuminate/Database/Query/Builder->onceWithColumns(Array, Object(Closure))
#6 C:/Users/Lidiya Getale/Herd/immigrationknowhow/vendor/laravel/framework/src/Illuminate/Database/Eloquent/Builder.php(811): Illuminate/Database/Query/Builder->get(Array)
#7 C:/Users/Lidiya Getale/Herd/immigrationknowhow/vendor/laravel/framework/src/Illuminate/Database/Eloquent/Builder.php(793): Illuminate/Database/Eloquent/Builder->getModels(Array)
#8 C:/Users/Lidiya Getale/Herd/immigrationknowhow/vendor/laravel/framework/src/Illuminate/Database/Eloquent/Relations/Relation.php(213): Illuminate/Database/Eloquent/Builder->get(Array)
#9 C:/Users/Lidiya Getale/Herd/immigrationknowhow/vendor/laravel/framework/src/Illuminate/Database/Eloquent/Relations/Relation.php(176): Illuminate/Database/Eloquent/Relations/Relation->get()
#10 C:/Users/Lidiya Getale/Herd/immigrationknowhow/vendor/laravel/framework/src/Illuminate/Database/Eloquent/Builder.php(859): Illuminate/Database/Eloquent/Relations/Relation->getEager()
#11 C:/Users/Lidiya Getale/Herd/immigrationknowhow/vendor/laravel/framework/src/Illuminate/Database/Eloquent/Builder.php(828): Illuminate/Database/Eloquent/Builder->eagerLoadRelation(Array, 'latestMessage', Object(Closure))
#12 C:/Users/Lidiya Getale/Herd/immigrationknowhow/vendor/laravel/framework/src/Illuminate/Database/Eloquent/Builder.php(794): Illuminate/Database/Eloquent/Builder->eagerLoadRelations(Array)
#13 C:/Users/Lidiya Getale/Herd/immigrationknowhow/vendor/laravel/framework/src/Illuminate/Database/Eloquent/Builder.php(1034): Illuminate/Database/Eloquent/Builder->get(Array)
#14 C:/Users/Lidiya Getale/Herd/immigrationknowhow/app/Http/Controllers/MessagingController.php(35): Illuminate/Database/Eloquent/Builder->paginate(20)
#15 C:/Users/Lidiya Getale/Herd/immigrationknowhow/vendor/laravel/framework/src/Illuminate/Routing/ControllerDispatcher.php(47): App/Http/Controllers/MessagingController->index(Object(Illuminate/Http/Request))
#16 C:/Users/Lidiya Getale/Herd/immigrationknowhow/vendor/laravel/framework/src/Illuminate/Routing/Route.php(266): Illuminate/Routing/ControllerDispatcher->dispatch(Object(Illuminate/Routing/Route), Object(App/Http/Controllers/MessagingController), 'index')
#17 C:/Users/Lidiya Getale/Herd/immigrationknowhow/vendor/laravel/framework/src/Illuminate/Routing/Route.php(212): Illuminate/Routing/Route->runController()
#18 C:/Users/Lidiya Getale/Herd/immigrationknowhow/vendor/laravel/framework/src/Illuminate/Routing/Router.php(808): Illuminate/Routing/Route->run()
#19 C:/Users/Lidiya Getale/Herd/immigrationknowhow/vendor/laravel/framework/src/Illuminate/Pipeline/Pipeline.php(170): Illuminate/Routing/Router->{closure:Illuminate/Routing/Router::runRouteWithinStack():807}(Object(Illuminate/Http/Request))
#20 C:/Users/Lidiya Getale/Herd/immigrationknowhow/app/Http/Middleware/EnsureOnboardingComplete.php(30): Illuminate/Pipeline/Pipeline->{closure:Illuminate/Pipeline/Pipeline::prepareDestination():168}(Object(Illuminate/Http/Request))
#21 C:/Users/Lidiya Getale/Herd/immigrationknowhow/vendor/laravel/framework/src/Illuminate/Pipeline/Pipeline.php(209): App/Http/Middleware/EnsureOnboardingComplete->handle(Object(Illuminate/Http/Request), Object(Closure))
#22 C:/Users/Lidiya Getale/Herd/immigrationknowhow/vendor/inertiajs/inertia-laravel/src/Middleware.php(87): Illuminate/Pipeline/Pipeline->{closure:{closure:Illuminate/Pipeline/Pipeline::carry():184}:185}(Object(Illuminate/Http/Request))
#23 C:/Users/Lidiya Getale/Herd/immigrationknowhow/vendor/laravel/framework/src/Illuminate/Pipeline/Pipeline.php(209): Inertia/Middleware->handle(Object(Illuminate/Http/Request), Object(Closure))
#24 C:/Users/Lidiya Getale/Herd/immigrationknowhow/vendor/laravel/framework/src/Illuminate/Routing/Middleware/SubstituteBindings.php(51): Illuminate/Pipeline/Pipeline->{closure:{closure:Illuminate/Pipeline/Pipeline::carry():184}:185}(Object(Illuminate/Http/Request))
#25 C:/Users/Lidiya Getale/Herd/immigrationknowhow/vendor/laravel/framework/src/Illuminate/Pipeline/Pipeline.php(209): Illuminate/Routing/Middleware/SubstituteBindings->handle(Object(Illuminate/Http/Request), Object(Closure))
#26 C:/Users/Lidiya Getale/Herd/immigrationknowhow/vendor/laravel/framework/src/Illuminate/Auth/Middleware/Authenticate.php(64): Illuminate/Pipeline/Pipeline->{closure:{closure:Illuminate/Pipeline/Pipeline::carry():184}:185}(Object(Illuminate/Http/Request))
#27 C:/Users/Lidiya Getale/Herd/immigrationknowhow/vendor/laravel/framework/src/Illuminate/Pipeline/Pipeline.php(209): Illuminate/Auth/Middleware/Authenticate->handle(Object(Illuminate/Http/Request), Object(Closure))
#28 C:/Users/Lidiya Getale/Herd/immigrationknowhow/vendor/laravel/framework/src/Illuminate/Foundation/Http/Middleware/VerifyCsrfToken.php(88): Illuminate/Pipeline/Pipeline->{closure:{closure:Illuminate/Pipeline/Pipeline::carry():184}:185}(Object(Illuminate/Http/Request))
#29 C:/Users/Lidiya Getale/Herd/immigrationknowhow/vendor/laravel/framework/src/Illuminate/Pipeline/Pipeline.php(209): Illuminate/Foundation/Http/Middleware/VerifyCsrfToken->handle(Object(Illuminate/Http/Request), Object(Closure))
#30 C:/Users/Lidiya Getale/Herd/immigrationknowhow/vendor/laravel/framework/src/Illuminate/View/Middleware/ShareErrorsFromSession.php(49): Illuminate/Pipeline/Pipeline->{closure:{closure:Illuminate/Pipeline/Pipeline::carry():184}:185}(Object(Illuminate/Http/Request))
#31 C:/Users/Lidiya Getale/Herd/immigrationknowhow/vendor/laravel/framework/src/Illuminate/Pipeline/Pipeline.php(209): Illuminate/View/Middleware/ShareErrorsFromSession->handle(Object(Illuminate/Http/Request), Object(Closure))
#32 C:/Users/Lidiya Getale/Herd/immigrationknowhow/vendor/laravel/framework/src/Illuminate/Session/Middleware/StartSession.php(121): Illuminate/Pipeline/Pipeline->{closure:{closure:Illuminate/Pipeline/Pipeline::carry():184}:185}(Object(Illuminate/Http/Request))
#33 C:/Users/Lidiya Getale/Herd/immigrationknowhow/vendor/laravel/framework/src/Illuminate/Session/Middleware/StartSession.php(64): Illuminate/Session/Middleware/StartSession->handleStatefulRequest(Object(Illuminate/Http/Request), Object(Illuminate/Session/Store), Object(Closure))
#34 C:/Users/Lidiya Getale/Herd/immigrationknowhow/vendor/laravel/framework/src/Illuminate/Pipeline/Pipeline.php(209): Illuminate/Session/Middleware/StartSession->handle(Object(Illuminate/Http/Request), Object(Closure))
#35 C:/Users/Lidiya Getale/Herd/immigrationknowhow/vendor/laravel/framework/src/Illuminate/Cookie/Middleware/AddQueuedCookiesToResponse.php(37): Illuminate/Pipeline/Pipeline->{closure:{closure:Illuminate/Pipeline/Pipeline::carry():184}:185}(Object(Illuminate/Http/Request))
#36 C:/Users/Lidiya Getale/Herd/immigrationknowhow/vendor/laravel/framework/src/Illuminate/Pipeline/Pipeline.php(209): Illuminate/Cookie/Middleware/AddQueuedCookiesToResponse->handle(Object(Illuminate/Http/Request), Object(Closure))
#37 C:/Users/Lidiya Getale/Herd/immigrationknowhow/vendor/laravel/framework/src/Illuminate/Cookie/Middleware/EncryptCookies.php(75): Illuminate/Pipeline/Pipeline->{closure:{closure:Illuminate/Pipeline/Pipeline::carry():184}:185}(Object(Illuminate/Http/Request))
#38 C:/Users/Lidiya Getale/Herd/immigrationknowhow/vendor/laravel/framework/src/Illuminate/Pipeline/Pipeline.php(209): Illuminate/Cookie/Middleware/EncryptCookies->handle(Object(Illuminate/Http/Request), Object(Closure))
#39 C:/Users/Lidiya Getale/Herd/immigrationknowhow/vendor/laravel/framework/src/Illuminate/Pipeline/Pipeline.php(127): Illuminate/Pipeline/Pipeline->{closure:{closure:Illuminate/Pipeline/Pipeline::carry():184}:185}(Object(Illuminate/Http/Request))
#40 C:/Users/Lidiya Getale/Herd/immigrationknowhow/vendor/laravel/framework/src/Illuminate/Routing/Router.php(807): Illuminate/Pipeline/Pipeline->then(Object(Closure))
#41 C:/Users/Lidiya Getale/Herd/immigrationknowhow/vendor/laravel/framework/src/Illuminate/Routing/Router.php(786): Illuminate/Routing/Router->runRouteWithinStack(Object(Illuminate/Routing/Route), Object(Illuminate/Http/Request))
#42 C:/Users/Lidiya Getale/Herd/immigrationknowhow/vendor/laravel/framework/src/Illuminate/Routing/Router.php(750): Illuminate/Routing/Router->runRoute(Object(Illuminate/Http/Request), Object(Illuminate/Routing/Route))
#43 C:/Users/Lidiya Getale/Herd/immigrationknowhow/vendor/laravel/framework/src/Illuminate/Routing/Router.php(739): Illuminate/Routing/Router->dispatchToRoute(Object(Illuminate/Http/Request))
#44 C:/Users/Lidiya Getale/Herd/immigrationknowhow/vendor/laravel/framework/src/Illuminate/Foundation/Http/Kernel.php(201): Illuminate/Routing/Router->dispatch(Object(Illuminate/Http/Request))
#45 C:/Users/Lidiya Getale/Herd/immigrationknowhow/vendor/laravel/framework/src/Illuminate/Pipeline/Pipeline.php(170): Illuminate/Foundation/Http/Kernel->{closure:Illuminate/Foundation/Http/Kernel::dispatchToRouter():198}(Object(Illuminate/Http/Request))
#46 C:/Users/Lidiya Getale/Herd/immigrationknowhow/vendor/laravel/framework/src/Illuminate/Foundation/Http/Middleware/TransformsRequest.php(21): Illuminate/Pipeline/Pipeline->{closure:Illuminate/Pipeline/Pipeline::prepareDestination():168}(Object(Illuminate/Http/Request))
#47 C:/Users/Lidiya Getale/Herd/immigrationknowhow/vendor/laravel/framework/src/Illuminate/Foundation/Http/Middleware/ConvertEmptyStringsToNull.php(31): Illuminate/Foundation/Http/Middleware/TransformsRequest->handle(Object(Illuminate/Http/Request), Object(Closure))
#48 C:/Users/Lidiya Getale/Herd/immigrationknowhow/vendor/laravel/framework/src/Illuminate/Pipeline/Pipeline.php(209): Illuminate/Foundation/Http/Middleware/ConvertEmptyStringsToNull->handle(Object(Illuminate/Http/Request), Object(Closure))
#49 C:/Users/Lidiya Getale/Herd/immigrationknowhow/vendor/laravel/framework/src/Illuminate/Foundation/Http/Middleware/TransformsRequest.php(21): Illuminate/Pipeline/Pipeline->{closure:{closure:Illuminate/Pipeline/Pipeline::carry():184}:185}(Object(Illuminate/Http/Request))
#50 C:/Users/Lidiya Getale/Herd/immigrationknowhow/vendor/laravel/framework/src/Illuminate/Foundation/Http/Middleware/TrimStrings.php(51): Illuminate/Foundation/Http/Middleware/TransformsRequest->handle(Object(Illuminate/Http/Request), Object(Closure))
#51 C:/Users/Lidiya Getale/Herd/immigrationknowhow/vendor/laravel/framework/src/Illuminate/Pipeline/Pipeline.php(209): Illuminate/Foundation/Http/Middleware/TrimStrings->handle(Object(Illuminate/Http/Request), Object(Closure))
#52 C:/Users/Lidiya Getale/Herd/immigrationknowhow/vendor/laravel/framework/src/Illuminate/Http/Middleware/ValidatePostSize.php(27): Illuminate/Pipeline/Pipeline->{closure:{closure:Illuminate/Pipeline/Pipeline::carry():184}:185}(Object(Illuminate/Http/Request))
#53 C:/Users/Lidiya Getale/Herd/immigrationknowhow/vendor/laravel/framework/src/Illuminate/Pipeline/Pipeline.php(209): Illuminate/Http/Middleware/ValidatePostSize->handle(Object(Illuminate/Http/Request), Object(Closure))
#54 C:/Users/Lidiya Getale/Herd/immigrationknowhow/vendor/laravel/framework/src/Illuminate/Foundation/Http/Middleware/PreventRequestsDuringMaintenance.php(110): Illuminate/Pipeline/Pipeline->{closure:{closure:Illuminate/Pipeline/Pipeline::carry():184}:185}(Object(Illuminate/Http/Request))
#55 C:/Users/Lidiya Getale/Herd/immigrationknowhow/vendor/laravel/framework/src/Illuminate/Pipeline/Pipeline.php(209): Illuminate/Foundation/Http/Middleware/PreventRequestsDuringMaintenance->handle(Object(Illuminate/Http/Request), Object(Closure))
#56 C:/Users/Lidiya Getale/Herd/immigrationknowhow/vendor/laravel/framework/src/Illuminate/Http/Middleware/HandleCors.php(49): Illuminate/Pipeline/Pipeline->{closure:{closure:Illuminate/Pipeline/Pipeline::carry():184}:185}(Object(Illuminate/Http/Request))
#57 C:/Users/Lidiya Getale/Herd/immigrationknowhow/vendor/laravel/framework/src/Illuminate/Pipeline/Pipeline.php(209): Illuminate/Http/Middleware/HandleCors->handle(Object(Illuminate/Http/Request), Object(Closure))
#58 C:/Users/Lidiya Getale/Herd/immigrationknowhow/vendor/laravel/framework/src/Illuminate/Http/Middleware/TrustProxies.php(58): Illuminate/Pipeline/Pipeline->{closure:{closure:Illuminate/Pipeline/Pipeline::carry():184}:185}(Object(Illuminate/Http/Request))
#59 C:/Users/Lidiya Getale/Herd/immigrationknowhow/vendor/laravel/framework/src/Illuminate/Pipeline/Pipeline.php(209): Illuminate/Http/Middleware/TrustProxies->handle(Object(Illuminate/Http/Request), Object(Closure))
#60 C:/Users/Lidiya Getale/Herd/immigrationknowhow/vendor/laravel/framework/src/Illuminate/Foundation/Http/Middleware/InvokeDeferredCallbacks.php(22): Illuminate/Pipeline/Pipeline->{closure:{closure:Illuminate/Pipeline/Pipeline::carry():184}:185}(Object(Illuminate/Http/Request))
#61 C:/Users/Lidiya Getale/Herd/immigrationknowhow/vendor/laravel/framework/src/Illuminate/Pipeline/Pipeline.php(209): Illuminate/Foundation/Http/Middleware/InvokeDeferredCallbacks->handle(Object(Illuminate/Http/Request), Object(Closure))
#62 C:/Users/Lidiya Getale/Herd/immigrationknowhow/vendor/laravel/framework/src/Illuminate/Pipeline/Pipeline.php(127): Illuminate/Pipeline/Pipeline->{closure:{closure:Illuminate/Pipeline/Pipeline::carry():184}:185}(Object(Illuminate/Http/Request))
#63 C:/Users/Lidiya Getale/Herd/immigrationknowhow/vendor/laravel/framework/src/Illuminate/Foundation/Http/Kernel.php(176): Illuminate/Pipeline/Pipeline->then(Object(Closure))
#64 C:/Users/Lidiya Getale/Herd/immigrationknowhow/vendor/laravel/framework/src/Illuminate/Foundation/Http/Kernel.php(145): Illuminate/Foundation/Http/Kernel->sendRequestThroughRouter(Object(Illuminate/Http/Request))
#65 C:/Users/Lidiya Getale/Herd/immigrationknowhow/vendor/laravel/framework/src/Illuminate/Foundation/Application.php(1220): Illuminate/Foundation/Http/Kernel->handle(Object(Illuminate/Http/Request))
#66 C:/Users/Lidiya Getale/Herd/immigrationknowhow/public/index.php(17): Illuminate/Foundation/Application->handleRequest(Object(Illuminate/Http/Request))
#67 C:/Program Files/Herd/resources/app.asar.unpacked/resources/valet/server.php(139): require('C://Users//Lidiya...')
#68 {main}

[previous exception] [object] (PDOException(code: 23000): SQLSTATE[23000]: Integrity constraint violation: 1052 Column 'conversation_id' in field list is ambiguous at C:/Users/Lidiya Getale/Herd/immigrationknowhow/vendor/laravel/framework/src/Illuminate/Database/Connection.php:407)
[stacktrace]
#0 C:/Users/Lidiya Getale/Herd/immigrationknowhow/vendor/laravel/framework/src/Illuminate/Database/Connection.php(407): PDO->prepare('select `id`, `c...')
#1 C:/Users/Lidiya Getale/Herd/immigrationknowhow/vendor/laravel/framework/src/Illuminate/Database/Connection.php(812): Illuminate/Database/Connection->{closure:Illuminate/Database/Connection::select():398}('select `id`, `c...', Array)
#2 C:/Users/Lidiya Getale/Herd/immigrationknowhow/vendor/laravel/framework/src/Illuminate/Database/Connection.php(779): Illuminate/Database/Connection->runQueryCallback('select `id`, `c...', Array, Object(Closure))
#3 C:/Users/Lidiya Getale/Herd/immigrationknowhow/vendor/laravel/framework/src/Illuminate/Database/Connection.php(398): Illuminate/Database/Connection->run('select `id`, `c...', Array, Object(Closure))
#4 C:/Users/Lidiya Getale/Herd/immigrationknowhow/vendor/laravel/framework/src/Illuminate/Database/Query/Builder.php(3106): Illuminate/Database/Connection->select('select `id`, `c...', Array, true)
#5 C:/Users/Lidiya Getale/Herd/immigrationknowhow/vendor/laravel/framework/src/Illuminate/Database/Query/Builder.php(3091): Illuminate/Database/Query/Builder->runSelect()
#6 C:/Users/Lidiya Getale/Herd/immigrationknowhow/vendor/laravel/framework/src/Illuminate/Database/Query/Builder.php(3676): Illuminate/Database/Query/Builder->{closure:Illuminate/Database/Query/Builder::get():3090}()
#7 C:/Users/Lidiya Getale/Herd/immigrationknowhow/vendor/laravel/framework/src/Illuminate/Database/Query/Builder.php(3090): Illuminate/Database/Query/Builder->onceWithColumns(Array, Object(Closure))
#8 C:/Users/Lidiya Getale/Herd/immigrationknowhow/vendor/laravel/framework/src/Illuminate/Database/Eloquent/Builder.php(811): Illuminate/Database/Query/Builder->get(Array)
#9 C:/Users/Lidiya Getale/Herd/immigrationknowhow/vendor/laravel/framework/src/Illuminate/Database/Eloquent/Builder.php(793): Illuminate/Database/Eloquent/Builder->getModels(Array)
#10 C:/Users/Lidiya Getale/Herd/immigrationknowhow/vendor/laravel/framework/src/Illuminate/Database/Eloquent/Relations/Relation.php(213): Illuminate/Database/Eloquent/Builder->get(Array)
#11 C:/Users/Lidiya Getale/Herd/immigrationknowhow/vendor/laravel/framework/src/Illuminate/Database/Eloquent/Relations/Relation.php(176): Illuminate/Database/Eloquent/Relations/Relation->get()
#12 C:/Users/Lidiya Getale/Herd/immigrationknowhow/vendor/laravel/framework/src/Illuminate/Database/Eloquent/Builder.php(859): Illuminate/Database/Eloquent/Relations/Relation->getEager()
#13 C:/Users/Lidiya Getale/Herd/immigrationknowhow/vendor/laravel/framework/src/Illuminate/Database/Eloquent/Builder.php(828): Illuminate/Database/Eloquent/Builder->eagerLoadRelation(Array, 'latestMessage', Object(Closure))
#14 C:/Users/Lidiya Getale/Herd/immigrationknowhow/vendor/laravel/framework/src/Illuminate/Database/Eloquent/Builder.php(794): Illuminate/Database/Eloquent/Builder->eagerLoadRelations(Array)
#15 C:/Users/Lidiya Getale/Herd/immigrationknowhow/vendor/laravel/framework/src/Illuminate/Database/Eloquent/Builder.php(1034): Illuminate/Database/Eloquent/Builder->get(Array)
#16 C:/Users/Lidiya Getale/Herd/immigrationknowhow/app/Http/Controllers/MessagingController.php(35): Illuminate/Database/Eloquent/Builder->paginate(20)
#17 C:/Users/Lidiya Getale/Herd/immigrationknowhow/vendor/laravel/framework/src/Illuminate/Routing/ControllerDispatcher.php(47): App/Http/Controllers/MessagingController->index(Object(Illuminate/Http/Request))
#18 C:/Users/Lidiya Getale/Herd/immigrationknowhow/vendor/laravel/framework/src/Illuminate/Routing/Route.php(266): Illuminate/Routing/ControllerDispatcher->dispatch(Object(Illuminate/Routing/Route), Object(App/Http/Controllers/MessagingController), 'index')
#19 C:/Users/Lidiya Getale/Herd/immigrationknowhow/vendor/laravel/framework/src/Illuminate/Routing/Route.php(212): Illuminate/Routing/Route->runController()
#20 C:/Users/Lidiya Getale/Herd/immigrationknowhow/vendor/laravel/framework/src/Illuminate/Routing/Router.php(808): Illuminate/Routing/Route->run()
#21 C:/Users/Lidiya Getale/Herd/immigrationknowhow/vendor/laravel/framework/src/Illuminate/Pipeline/Pipeline.php(170): Illuminate/Routing/Router->{closure:Illuminate/Routing/Router::runRouteWithinStack():807}(Object(Illuminate/Http/Request))
#22 C:/Users/Lidiya Getale/Herd/immigrationknowhow/app/Http/Middleware/EnsureOnboardingComplete.php(30): Illuminate/Pipeline/Pipeline->{closure:Illuminate/Pipeline/Pipeline::prepareDestination():168}(Object(Illuminate/Http/Request))
#23 C:/Users/Lidiya Getale/Herd/immigrationknowhow/vendor/laravel/framework/src/Illuminate/Pipeline/Pipeline.php(209): App/Http/Middleware/EnsureOnboardingComplete->handle(Object(Illuminate/Http/Request), Object(Closure))
#24 C:/Users/Lidiya Getale/Herd/immigrationknowhow/vendor/inertiajs/inertia-laravel/src/Middleware.php(87): Illuminate/Pipeline/Pipeline->{closure:{closure:Illuminate/Pipeline/Pipeline::carry():184}:185}(Object(Illuminate/Http/Request))
#25 C:/Users/Lidiya Getale/Herd/immigrationknowhow/vendor/laravel/framework/src/Illuminate/Pipeline/Pipeline.php(209): Inertia/Middleware->handle(Object(Illuminate/Http/Request), Object(Closure))
#26 C:/Users/Lidiya Getale/Herd/immigrationknowhow/vendor/laravel/framework/src/Illuminate/Routing/Middleware/SubstituteBindings.php(51): Illuminate/Pipeline/Pipeline->{closure:{closure:Illuminate/Pipeline/Pipeline::carry():184}:185}(Object(Illuminate/Http/Request))
#27 C:/Users/Lidiya Getale/Herd/immigrationknowhow/vendor/laravel/framework/src/Illuminate/Pipeline/Pipeline.php(209): Illuminate/Routing/Middleware/SubstituteBindings->handle(Object(Illuminate/Http/Request), Object(Closure))
#28 C:/Users/Lidiya Getale/Herd/immigrationknowhow/vendor/laravel/framework/src/Illuminate/Auth/Middleware/Authenticate.php(64): Illuminate/Pipeline/Pipeline->{closure:{closure:Illuminate/Pipeline/Pipeline::carry():184}:185}(Object(Illuminate/Http/Request))
#29 C:/Users/Lidiya Getale/Herd/immigrationknowhow/vendor/laravel/framework/src/Illuminate/Pipeline/Pipeline.php(209): Illuminate/Auth/Middleware/Authenticate->handle(Object(Illuminate/Http/Request), Object(Closure))
#30 C:/Users/Lidiya Getale/Herd/immigrationknowhow/vendor/laravel/framework/src/Illuminate/Foundation/Http/Middleware/VerifyCsrfToken.php(88): Illuminate/Pipeline/Pipeline->{closure:{closure:Illuminate/Pipeline/Pipeline::carry():184}:185}(Object(Illuminate/Http/Request))
#31 C:/Users/Lidiya Getale/Herd/immigrationknowhow/vendor/laravel/framework/src/Illuminate/Pipeline/Pipeline.php(209): Illuminate/Foundation/Http/Middleware/VerifyCsrfToken->handle(Object(Illuminate/Http/Request), Object(Closure))
#32 C:/Users/Lidiya Getale/Herd/immigrationknowhow/vendor/laravel/framework/src/Illuminate/View/Middleware/ShareErrorsFromSession.php(49): Illuminate/Pipeline/Pipeline->{closure:{closure:Illuminate/Pipeline/Pipeline::carry():184}:185}(Object(Illuminate/Http/Request))
#33 C:/Users/Lidiya Getale/Herd/immigrationknowhow/vendor/laravel/framework/src/Illuminate/Pipeline/Pipeline.php(209): Illuminate/View/Middleware/ShareErrorsFromSession->handle(Object(Illuminate/Http/Request), Object(Closure))
#34 C:/Users/Lidiya Getale/Herd/immigrationknowhow/vendor/laravel/framework/src/Illuminate/Session/Middleware/StartSession.php(121): Illuminate/Pipeline/Pipeline->{closure:{closure:Illuminate/Pipeline/Pipeline::carry():184}:185}(Object(Illuminate/Http/Request))
#35 C:/Users/Lidiya Getale/Herd/immigrationknowhow/vendor/laravel/framework/src/Illuminate/Session/Middleware/StartSession.php(64): Illuminate/Session/Middleware/StartSession->handleStatefulRequest(Object(Illuminate/Http/Request), Object(Illuminate/Session/Store), Object(Closure))
#36 C:/Users/Lidiya Getale/Herd/immigrationknowhow/vendor/laravel/framework/src/Illuminate/Pipeline/Pipeline.php(209): Illuminate/Session/Middleware/StartSession->handle(Object(Illuminate/Http/Request), Object(Closure))
#37 C:/Users/Lidiya Getale/Herd/immigrationknowhow/vendor/laravel/framework/src/Illuminate/Cookie/Middleware/AddQueuedCookiesToResponse.php(37): Illuminate/Pipeline/Pipeline->{closure:{closure:Illuminate/Pipeline/Pipeline::carry():184}:185}(Object(Illuminate/Http/Request))
#38 C:/Users/Lidiya Getale/Herd/immigrationknowhow/vendor/laravel/framework/src/Illuminate/Pipeline/Pipeline.php(209): Illuminate/Cookie/Middleware/AddQueuedCookiesToResponse->handle(Object(Illuminate/Http/Request), Object(Closure))
#39 C:/Users/Lidiya Getale/Herd/immigrationknowhow/vendor/laravel/framework/src/Illuminate/Cookie/Middleware/EncryptCookies.php(75): Illuminate/Pipeline/Pipeline->{closure:{closure:Illuminate/Pipeline/Pipeline::carry():184}:185}(Object(Illuminate/Http/Request))
#40 C:/Users/Lidiya Getale/Herd/immigrationknowhow/vendor/laravel/framework/src/Illuminate/Pipeline/Pipeline.php(209): Illuminate/Cookie/Middleware/EncryptCookies->handle(Object(Illuminate/Http/Request), Object(Closure))
#41 C:/Users/Lidiya Getale/Herd/immigrationknowhow/vendor/laravel/framework/src/Illuminate/Pipeline/Pipeline.php(127): Illuminate/Pipeline/Pipeline->{closure:{closure:Illuminate/Pipeline/Pipeline::carry():184}:185}(Object(Illuminate/Http/Request))
#42 C:/Users/Lidiya Getale/Herd/immigrationknowhow/vendor/laravel/framework/src/Illuminate/Routing/Router.php(807): Illuminate/Pipeline/Pipeline->then(Object(Closure))
#43 C:/Users/Lidiya Getale/Herd/immigrationknowhow/vendor/laravel/framework/src/Illuminate/Routing/Router.php(786): Illuminate/Routing/Router->runRouteWithinStack(Object(Illuminate/Routing/Route), Object(Illuminate/Http/Request))
#44 C:/Users/Lidiya Getale/Herd/immigrationknowhow/vendor/laravel/framework/src/Illuminate/Routing/Router.php(750): Illuminate/Routing/Router->runRoute(Object(Illuminate/Http/Request), Object(Illuminate/Routing/Route))
#45 C:/Users/Lidiya Getale/Herd/immigrationknowhow/vendor/laravel/framework/src/Illuminate/Routing/Router.php(739): Illuminate/Routing/Router->dispatchToRoute(Object(Illuminate/Http/Request))
#46 C:/Users/Lidiya Getale/Herd/immigrationknowhow/vendor/laravel/framework/src/Illuminate/Foundation/Http/Kernel.php(201): Illuminate/Routing/Router->dispatch(Object(Illuminate/Http/Request))
#47 C:/Users/Lidiya Getale/Herd/immigrationknowhow/vendor/laravel/framework/src/Illuminate/Pipeline/Pipeline.php(170): Illuminate/Foundation/Http/Kernel->{closure:Illuminate/Foundation/Http/Kernel::dispatchToRouter():198}(Object(Illuminate/Http/Request))
#48 C:/Users/Lidiya Getale/Herd/immigrationknowhow/vendor/laravel/framework/src/Illuminate/Foundation/Http/Middleware/TransformsRequest.php(21): Illuminate/Pipeline/Pipeline->{closure:Illuminate/Pipeline/Pipeline::prepareDestination():168}(Object(Illuminate/Http/Request))
#49 C:/Users/Lidiya Getale/Herd/immigrationknowhow/vendor/laravel/framework/src/Illuminate/Foundation/Http/Middleware/ConvertEmptyStringsToNull.php(31): Illuminate/Foundation/Http/Middleware/TransformsRequest->handle(Object(Illuminate/Http/Request), Object(Closure))
#50 C:/Users/Lidiya Getale/Herd/immigrationknowhow/vendor/laravel/framework/src/Illuminate/Pipeline/Pipeline.php(209): Illuminate/Foundation/Http/Middleware/ConvertEmptyStringsToNull->handle(Object(Illuminate/Http/Request), Object(Closure))
#51 C:/Users/Lidiya Getale/Herd/immigrationknowhow/vendor/laravel/framework/src/Illuminate/Foundation/Http/Middleware/TransformsRequest.php(21): Illuminate/Pipeline/Pipeline->{closure:{closure:Illuminate/Pipeline/Pipeline::carry():184}:185}(Object(Illuminate/Http/Request))
#52 C:/Users/Lidiya Getale/Herd/immigrationknowhow/vendor/laravel/framework/src/Illuminate/Foundation/Http/Middleware/TrimStrings.php(51): Illuminate/Foundation/Http/Middleware/TransformsRequest->handle(Object(Illuminate/Http/Request), Object(Closure))
#53 C:/Users/Lidiya Getale/Herd/immigrationknowhow/vendor/laravel/framework/src/Illuminate/Pipeline/Pipeline.php(209): Illuminate/Foundation/Http/Middleware/TrimStrings->handle(Object(Illuminate/Http/Request), Object(Closure))
#54 C:/Users/Lidiya Getale/Herd/immigrationknowhow/vendor/laravel/framework/src/Illuminate/Http/Middleware/ValidatePostSize.php(27): Illuminate/Pipeline/Pipeline->{closure:{closure:Illuminate/Pipeline/Pipeline::carry():184}:185}(Object(Illuminate/Http/Request))
#55 C:/Users/Lidiya Getale/Herd/immigrationknowhow/vendor/laravel/framework/src/Illuminate/Pipeline/Pipeline.php(209): Illuminate/Http/Middleware/ValidatePostSize->handle(Object(Illuminate/Http/Request), Object(Closure))
#56 C:/Users/Lidiya Getale/Herd/immigrationknowhow/vendor/laravel/framework/src/Illuminate/Foundation/Http/Middleware/PreventRequestsDuringMaintenance.php(110): Illuminate/Pipeline/Pipeline->{closure:{closure:Illuminate/Pipeline/Pipeline::carry():184}:185}(Object(Illuminate/Http/Request))
#57 C:/Users/Lidiya Getale/Herd/immigrationknowhow/vendor/laravel/framework/src/Illuminate/Pipeline/Pipeline.php(209): Illuminate/Foundation/Http/Middleware/PreventRequestsDuringMaintenance->handle(Object(Illuminate/Http/Request), Object(Closure))
#58 C:/Users/Lidiya Getale/Herd/immigrationknowhow/vendor/laravel/framework/src/Illuminate/Http/Middleware/HandleCors.php(49): Illuminate/Pipeline/Pipeline->{closure:{closure:Illuminate/Pipeline/Pipeline::carry():184}:185}(Object(Illuminate/Http/Request))
#59 C:/Users/Lidiya Getale/Herd/immigrationknowhow/vendor/laravel/framework/src/Illuminate/Pipeline/Pipeline.php(209): Illuminate/Http/Middleware/HandleCors->handle(Object(Illuminate/Http/Request), Object(Closure))
#60 C:/Users/Lidiya Getale/Herd/immigrationknowhow/vendor/laravel/framework/src/Illuminate/Http/Middleware/TrustProxies.php(58): Illuminate/Pipeline/Pipeline->{closure:{closure:Illuminate/Pipeline/Pipeline::carry():184}:185}(Object(Illuminate/Http/Request))
#61 C:/Users/Lidiya Getale/Herd/immigrationknowhow/vendor/laravel/framework/src/Illuminate/Pipeline/Pipeline.php(209): Illuminate/Http/Middleware/TrustProxies->handle(Object(Illuminate/Http/Request), Object(Closure))
#62 C:/Users/Lidiya Getale/Herd/immigrationknowhow/vendor/laravel/framework/src/Illuminate/Foundation/Http/Middleware/InvokeDeferredCallbacks.php(22): Illuminate/Pipeline/Pipeline->{closure:{closure:Illuminate/Pipeline/Pipeline::carry():184}:185}(Object(Illuminate/Http/Request))
#63 C:/Users/Lidiya Getale/Herd/immigrationknowhow/vendor/laravel/framework/src/Illuminate/Pipeline/Pipeline.php(209): Illuminate/Foundation/Http/Middleware/InvokeDeferredCallbacks->handle(Object(Illuminate/Http/Request), Object(Closure))
#64 C:/Users/Lidiya Getale/Herd/immigrationknowhow/vendor/laravel/framework/src/Illuminate/Pipeline/Pipeline.php(127): Illuminate/Pipeline/Pipeline->{closure:{closure:Illuminate/Pipeline/Pipeline::carry():184}:185}(Object(Illuminate/Http/Request))
#65 C:/Users/Lidiya Getale/Herd/immigrationknowhow/vendor/laravel/framework/src/Illuminate/Foundation/Http/Kernel.php(176): Illuminate/Pipeline/Pipeline->then(Object(Closure))
#66 C:/Users/Lidiya Getale/Herd/immigrationknowhow/vendor/laravel/framework/src/Illuminate/Foundation/Http/Kernel.php(145): Illuminate/Foundation/Http/Kernel->sendRequestThroughRouter(Object(Illuminate/Http/Request))
#67 C:/Users/Lidiya Getale/Herd/immigrationknowhow/vendor/laravel/framework/src/Illuminate/Foundation/Application.php(1220): Illuminate/Foundation/Http/Kernel->handle(Object(Illuminate/Http/Request))
#68 C:/Users/Lidiya Getale/Herd/immigrationknowhow/public/index.php(17): Illuminate/Foundation/Application->handleRequest(Object(Illuminate/Http/Request))
#69 C:/Program Files/Herd/resources/app.asar.unpacked/resources/valet/server.php(139): require('C://Users//Lidiya...')
#70 {main}
"} 
[2026-04-09 19:43:58] local.ERROR: Class "App\Http\Controllers\Admin\LibraryCategoryController" does not exist {"exception":"[object] (ReflectionException(code: -1): Class \"App\\Http\\Controllers\\Admin\\LibraryCategoryController\" does not exist at C:/Users/Lidiya Getale/Herd/immigrationknowhow/vendor/laravel/framework/src/Illuminate/Foundation/Console/RouteListCommand.php:235)
[stacktrace]
#0 C:/Users/Lidiya Getale/Herd/immigrationknowhow/vendor/laravel/framework/src/Illuminate/Foundation/Console/RouteListCommand.php(235): ReflectionClass->__construct('App//Http//Contro...')
#1 C:/Users/Lidiya Getale/Herd/immigrationknowhow/vendor/laravel/framework/src/Illuminate/Foundation/Console/RouteListCommand.php(149): Illuminate/Foundation/Console/RouteListCommand->isVendorRoute(Object(Illuminate/Routing/Route))
#2 C:/Users/Lidiya Getale/Herd/immigrationknowhow/vendor/laravel/framework/src/Illuminate/Foundation/Console/RouteListCommand.php(118): Illuminate/Foundation/Console/RouteListCommand->getRouteInformation(Object(Illuminate/Routing/Route))
#3 [internal function]: Illuminate/Foundation/Console/RouteListCommand->{closure:Illuminate/Foundation/Console/RouteListCommand::getRoutes():117}(Object(Illuminate/Routing/Route), 99)
#4 C:/Users/Lidiya Getale/Herd/immigrationknowhow/vendor/laravel/framework/src/Illuminate/Collections/Arr.php(609): array_map(Object(Closure), Array, Array)
#5 C:/Users/Lidiya Getale/Herd/immigrationknowhow/vendor/laravel/framework/src/Illuminate/Collections/Collection.php(799): Illuminate/Support/Arr::map(Array, Object(Closure))
#6 C:/Users/Lidiya Getale/Herd/immigrationknowhow/vendor/laravel/framework/src/Illuminate/Foundation/Console/RouteListCommand.php(117): Illuminate/Support/Collection->map(Object(Closure))
#7 C:/Users/Lidiya Getale/Herd/immigrationknowhow/vendor/laravel/framework/src/Illuminate/Foundation/Console/RouteListCommand.php(103): Illuminate/Foundation/Console/RouteListCommand->getRoutes()
#8 C:/Users/Lidiya Getale/Herd/immigrationknowhow/vendor/laravel/framework/src/Illuminate/Container/BoundMethod.php(36): Illuminate/Foundation/Console/RouteListCommand->handle()
#9 C:/Users/Lidiya Getale/Herd/immigrationknowhow/vendor/laravel/framework/src/Illuminate/Container/Util.php(43): Illuminate/Container/BoundMethod::{closure:Illuminate/Container/BoundMethod::call():35}()
#10 C:/Users/Lidiya Getale/Herd/immigrationknowhow/vendor/laravel/framework/src/Illuminate/Container/BoundMethod.php(95): Illuminate/Container/Util::unwrapIfClosure(Object(Closure))
#11 C:/Users/Lidiya Getale/Herd/immigrationknowhow/vendor/laravel/framework/src/Illuminate/Container/BoundMethod.php(35): Illuminate/Container/BoundMethod::callBoundMethod(Object(Illuminate/Foundation/Application), Array, Object(Closure))
#12 C:/Users/Lidiya Getale/Herd/immigrationknowhow/vendor/laravel/framework/src/Illuminate/Container/Container.php(696): Illuminate/Container/BoundMethod::call(Object(Illuminate/Foundation/Application), Array, Array, NULL)
#13 C:/Users/Lidiya Getale/Herd/immigrationknowhow/vendor/laravel/framework/src/Illuminate/Console/Command.php(213): Illuminate/Container/Container->call(Array)
#14 C:/Users/Lidiya Getale/Herd/immigrationknowhow/vendor/symfony/console/Command/Command.php(341): Illuminate/Console/Command->execute(Object(Symfony/Component/Console/Input/ArgvInput), Object(Illuminate/Console/OutputStyle))
#15 C:/Users/Lidiya Getale/Herd/immigrationknowhow/vendor/laravel/framework/src/Illuminate/Console/Command.php(182): Symfony/Component/Console/Command/Command->run(Object(Symfony/Component/Console/Input/ArgvInput), Object(Illuminate/Console/OutputStyle))
#16 C:/Users/Lidiya Getale/Herd/immigrationknowhow/vendor/symfony/console/Application.php(1117): Illuminate/Console/Command->run(Object(Symfony/Component/Console/Input/ArgvInput), Object(Symfony/Component/Console/Output/ConsoleOutput))
#17 C:/Users/Lidiya Getale/Herd/immigrationknowhow/vendor/symfony/console/Application.php(356): Symfony/Component/Console/Application->doRunCommand(Object(Illuminate/Foundation/Console/RouteListCommand), Object(Symfony/Component/Console/Input/ArgvInput), Object(Symfony/Component/Console/Output/ConsoleOutput))
#18 C:/Users/Lidiya Getale/Herd/immigrationknowhow/vendor/symfony/console/Application.php(195): Symfony/Component/Console/Application->doRun(Object(Symfony/Component/Console/Input/ArgvInput), Object(Symfony/Component/Console/Output/ConsoleOutput))
#19 C:/Users/Lidiya Getale/Herd/immigrationknowhow/vendor/laravel/framework/src/Illuminate/Foundation/Console/Kernel.php(198): Symfony/Component/Console/Application->run(Object(Symfony/Component/Console/Input/ArgvInput), Object(Symfony/Component/Console/Output/ConsoleOutput))
#20 C:/Users/Lidiya Getale/Herd/immigrationknowhow/vendor/laravel/framework/src/Illuminate/Foundation/Application.php(1235): Illuminate/Foundation/Console/Kernel->handle(Object(Symfony/Component/Console/Input/ArgvInput), Object(Symfony/Component/Console/Output/ConsoleOutput))
#21 C:/Users/Lidiya Getale/Herd/immigrationknowhow/artisan(13): Illuminate/Foundation/Application->handleCommand(Object(Symfony/Component/Console/Input/ArgvInput))
#22 {main}
"} 
[2026-04-09 20:31:18] local.INFO: AddressDetails show page opened. {"user_id":44,"route":"address-detail","ip":"127.0.0.1"} 
[2026-04-09 20:31:19] local.INFO: AddressDetails show page opened. {"user_id":44,"route":"address-detail","ip":"127.0.0.1"} 
[2026-04-09 20:31:22] local.INFO: AddressDetails autocomplete requested. {"user_id":44,"query":"Canada","country":null,"ip":"127.0.0.1","has_api_key":true} 
[2026-04-09 20:31:25] local.INFO: AddressDetails autocomplete resolved place. {"user_id":44,"query":"Canada","place":"places/ChIJ3-KU2NEEdkgRMV2g2P6erv0","formatted":"Canada House, SW1Y, London SW1Y 5BL, UK"} 
[2026-04-09 20:31:48] local.INFO: AddressDetails autocomplete requested. {"user_id":44,"query":"SW1","country":null,"ip":"127.0.0.1","has_api_key":true} 
[2026-04-09 20:31:51] local.INFO: AddressDetails autocomplete resolved place. {"user_id":44,"query":"SW1","place":"places/ChIJGfxrKAQFdkgRswqfK7NLA7o","formatted":"London SW11, UK"} 
[2026-04-09 20:31:54] local.INFO: AddressDetails autocomplete requested. {"user_id":44,"query":"London SW11, UK","country":null,"ip":"127.0.0.1","has_api_key":true} 
[2026-04-09 20:31:56] local.INFO: AddressDetails autocomplete resolved place. {"user_id":44,"query":"London SW11, UK","place":"places/ChIJGfxrKAQFdkgRswqfK7NLA7o","formatted":"London SW11, UK"} 
[2026-04-09 20:31:57] local.INFO: AddressDetails autocomplete requested. {"user_id":44,"query":"London SW11, U","country":null,"ip":"127.0.0.1","has_api_key":true} 
[2026-04-09 20:31:59] local.INFO: AddressDetails autocomplete resolved place. {"user_id":44,"query":"London SW11, U","place":"places/ChIJS-5wf_0EdkgRPTAwaOFhrVc","formatted":"Battersea Power Station, Kirtling St, Nine Elms, London SW11 8BN, UK"} 
[2026-04-09 20:31:59] local.INFO: AddressDetails autocomplete requested. {"user_id":44,"query":"Kirtling Street","country":null,"ip":"127.0.0.1","has_api_key":true} 
[2026-04-09 20:32:01] local.INFO: AddressDetails autocomplete requested. {"user_id":44,"query":"Kirtling Stree","country":null,"ip":"127.0.0.1","has_api_key":true} 
[2026-04-09 20:32:01] local.INFO: AddressDetails autocomplete requested. {"user_id":44,"query":"Kirtling Stre","country":null,"ip":"127.0.0.1","has_api_key":true} 
[2026-04-09 20:32:02] local.INFO: AddressDetails autocomplete resolved place. {"user_id":44,"query":"Kirtling Street","place":"places/EhtLaXJ0bGluZyBTdHJlZXQsIExvbmRvbiwgVUsiLiosChQKEgkvMaBt_QR2SBE0Qf9o4cCRuhIUChIJ8_MXt1sbdkgRCrIAOXkukUk","formatted":"Kirtling St, Nine Elms, London, UK"} 
[2026-04-09 20:32:04] local.INFO: AddressDetails autocomplete resolved place. {"user_id":44,"query":"Kirtling Stre","place":"places/EhtLaXJ0bGluZyBTdHJlZXQsIExvbmRvbiwgVUsiLiosChQKEgkvMaBt_QR2SBE0Qf9o4cCRuhIUChIJ8_MXt1sbdkgRCrIAOXkukUk","formatted":"Kirtling St, Nine Elms, London, UK"} 
[2026-04-09 20:32:04] local.INFO: AddressDetails autocomplete resolved place. {"user_id":44,"query":"Kirtling Stree","place":"places/EhtLaXJ0bGluZyBTdHJlZXQsIExvbmRvbiwgVUsiLiosChQKEgkvMaBt_QR2SBE0Qf9o4cCRuhIUChIJ8_MXt1sbdkgRCrIAOXkukUk","formatted":"Kirtling St, Nine Elms, London, UK"} 
[2026-04-09 20:32:04] local.INFO: AddressDetails autocomplete requested. {"user_id":44,"query":"Kirtling Stree","country":null,"ip":"127.0.0.1","has_api_key":true} 
[2026-04-09 20:32:05] local.INFO: AddressDetails autocomplete requested. {"user_id":44,"query":"Kirtling Street","country":null,"ip":"127.0.0.1","has_api_key":true} 
[2026-04-09 20:32:07] local.INFO: AddressDetails autocomplete resolved place. {"user_id":44,"query":"Kirtling Stree","place":"places/EhtLaXJ0bGluZyBTdHJlZXQsIExvbmRvbiwgVUsiLiosChQKEgkvMaBt_QR2SBE0Qf9o4cCRuhIUChIJ8_MXt1sbdkgRCrIAOXkukUk","formatted":"Kirtling St, Nine Elms, London, UK"} 
[2026-04-09 20:32:07] local.INFO: AddressDetails autocomplete requested. {"user_id":44,"query":"Kirtling Stree","country":null,"ip":"127.0.0.1","has_api_key":true} 
[2026-04-09 20:32:08] local.INFO: AddressDetails autocomplete resolved place. {"user_id":44,"query":"Kirtling Street","place":"places/EhtLaXJ0bGluZyBTdHJlZXQsIExvbmRvbiwgVUsiLiosChQKEgkvMaBt_QR2SBE0Qf9o4cCRuhIUChIJ8_MXt1sbdkgRCrIAOXkukUk","formatted":"Kirtling St, Nine Elms, London, UK"} 
[2026-04-09 20:32:10] local.INFO: AddressDetails autocomplete resolved place. {"user_id":44,"query":"Kirtling Stree","place":"places/EhtLaXJ0bGluZyBTdHJlZXQsIExvbmRvbiwgVUsiLiosChQKEgkvMaBt_QR2SBE0Qf9o4cCRuhIUChIJ8_MXt1sbdkgRCrIAOXkukUk","formatted":"Kirtling St, Nine Elms, London, UK"} 
[2026-04-09 20:32:10] local.INFO: AddressDetails autocomplete requested. {"user_id":44,"query":"Kirtling Stree","country":null,"ip":"127.0.0.1","has_api_key":true} 
[2026-04-09 20:32:12] local.INFO: AddressDetails autocomplete resolved place. {"user_id":44,"query":"Kirtling Stree","place":"places/EhtLaXJ0bGluZyBTdHJlZXQsIExvbmRvbiwgVUsiLiosChQKEgkvMaBt_QR2SBE0Qf9o4cCRuhIUChIJ8_MXt1sbdkgRCrIAOXkukUk","formatted":"Kirtling St, Nine Elms, London, UK"} 
[2026-04-09 20:32:33] local.INFO: AddressDetails show page opened. {"user_id":44,"route":"address-detail","ip":"127.0.0.1"} 
[2026-04-09 20:32:43] local.INFO: AddressDetails autocomplete requested. {"user_id":44,"query":"lol","country":null,"ip":"127.0.0.1","has_api_key":true} 
[2026-04-09 20:32:45] local.INFO: AddressDetails autocomplete resolved place. {"user_id":44,"query":"lol","place":"places/ChIJE7XsfQdQrUcRf8Z1mBO3ke0","formatted":"Lolland, Denmark"} 
[2026-04-09 20:32:45] local.INFO: AddressDetails autocomplete requested. {"user_id":44,"query":"lol","country":null,"ip":"127.0.0.1","has_api_key":true} 
[2026-04-09 20:32:47] local.INFO: AddressDetails autocomplete resolved place. {"user_id":44,"query":"lol","place":"places/ChIJE7XsfQdQrUcRf8Z1mBO3ke0","formatted":"Lolland, Denmark"} 
[2026-04-09 20:33:03] local.INFO: AddressDetails show page opened. {"user_id":44,"route":"address-detail","ip":"127.0.0.1"} 
[2026-04-09 20:33:07] local.INFO: AddressDetails show page opened. {"user_id":44,"route":"address-detail","ip":"127.0.0.1"} 
[2026-04-09 20:33:12] local.INFO: AddressDetails show page opened. {"user_id":44,"route":"address-detail","ip":"127.0.0.1"} 
[2026-04-09 20:34:36] local.INFO: AddressDetails show page opened. {"user_id":44,"route":"address-detail","ip":"127.0.0.1"} 
[2026-04-09 20:34:42] local.INFO: AddressDetails show page opened. {"user_id":44,"route":"address-detail","ip":"127.0.0.1"} 
[2026-04-09 20:40:24] local.INFO: AddressDetails show page opened. {"user_id":44,"route":"address-detail","ip":"127.0.0.1"} 
[2026-04-09 20:40:26] local.INFO: AddressDetails show page opened. {"user_id":44,"route":"address-detail","ip":"127.0.0.1"} 
[2026-04-09 20:42:58] local.ERROR: SQLSTATE[42S22]: Column not found: 1054 Unknown column 'contacted_at' in 'field list' (Connection: mysql, SQL: select AVG(TIMESTAMPDIFF(HOUR, created_at, contacted_at)) as avg_hours from `leads` where `service_provider_id` = 15 and `created_at` >= 2026-03-10 20:42:58 and `contacted_at` is not null and `leads`.`deleted_at` is null limit 1) {"userId":41,"exception":"[object] (Illuminate\\Database\\QueryException(code: 42S22): SQLSTATE[42S22]: Column not found: 1054 Unknown column 'contacted_at' in 'field list' (Connection: mysql, SQL: select AVG(TIMESTAMPDIFF(HOUR, created_at, contacted_at)) as avg_hours from `leads` where `service_provider_id` = 15 and `created_at` >= 2026-03-10 20:42:58 and `contacted_at` is not null and `leads`.`deleted_at` is null limit 1) at C:/Users/Lidiya Getale/Herd/immigrationknowhow/vendor/laravel/framework/src/Illuminate/Database/Connection.php:825)
[stacktrace]
#0 C:/Users/Lidiya Getale/Herd/immigrationknowhow/vendor/laravel/framework/src/Illuminate/Database/Connection.php(779): Illuminate/Database/Connection->runQueryCallback('select AVG(TIME...', Array, Object(Closure))
#1 C:/Users/Lidiya Getale/Herd/immigrationknowhow/vendor/laravel/framework/src/Illuminate/Database/Connection.php(398): Illuminate/Database/Connection->run('select AVG(TIME...', Array, Object(Closure))
#2 C:/Users/Lidiya Getale/Herd/immigrationknowhow/vendor/laravel/framework/src/Illuminate/Database/Query/Builder.php(3106): Illuminate/Database/Connection->select('select AVG(TIME...', Array, true)
#3 C:/Users/Lidiya Getale/Herd/immigrationknowhow/vendor/laravel/framework/src/Illuminate/Database/Query/Builder.php(3091): Illuminate/Database/Query/Builder->runSelect()
#4 C:/Users/Lidiya Getale/Herd/immigrationknowhow/vendor/laravel/framework/src/Illuminate/Database/Query/Builder.php(3676): Illuminate/Database/Query/Builder->{closure:Illuminate/Database/Query/Builder::get():3090}()
#5 C:/Users/Lidiya Getale/Herd/immigrationknowhow/vendor/laravel/framework/src/Illuminate/Database/Query/Builder.php(3090): Illuminate/Database/Query/Builder->onceWithColumns(Array, Object(Closure))
#6 C:/Users/Lidiya Getale/Herd/immigrationknowhow/vendor/laravel/framework/src/Illuminate/Database/Eloquent/Builder.php(811): Illuminate/Database/Query/Builder->get(Array)
#7 C:/Users/Lidiya Getale/Herd/immigrationknowhow/vendor/laravel/framework/src/Illuminate/Database/Eloquent/Builder.php(793): Illuminate/Database/Eloquent/Builder->getModels(Array)
#8 C:/Users/Lidiya Getale/Herd/immigrationknowhow/vendor/laravel/framework/src/Illuminate/Database/Concerns/BuildsQueries.php(343): Illuminate/Database/Eloquent/Builder->get(Array)
#9 C:/Users/Lidiya Getale/Herd/immigrationknowhow/vendor/laravel/framework/src/Illuminate/Database/Eloquent/Builder.php(742): Illuminate/Database/Eloquent/Builder->first(Array)
#10 C:/Users/Lidiya Getale/Herd/immigrationknowhow/app/Http/Controllers/Provider/AnalyticsController.php(135): Illuminate/Database/Eloquent/Builder->value('avg_hours')
#11 C:/Users/Lidiya Getale/Herd/immigrationknowhow/app/Http/Controllers/Provider/AnalyticsController.php(35): App/Http/Controllers/Provider/AnalyticsController->getAverageResponseTime(15, Object(Illuminate/Support/Carbon))
#12 C:/Users/Lidiya Getale/Herd/immigrationknowhow/vendor/laravel/framework/src/Illuminate/Routing/ControllerDispatcher.php(47): App/Http/Controllers/Provider/AnalyticsController->index(Object(Illuminate/Http/Request))
#13 C:/Users/Lidiya Getale/Herd/immigrationknowhow/vendor/laravel/framework/src/Illuminate/Routing/Route.php(266): Illuminate/Routing/ControllerDispatcher->dispatch(Object(Illuminate/Routing/Route), Object(App/Http/Controllers/Provider/AnalyticsController), 'index')
#14 C:/Users/Lidiya Getale/Herd/immigrationknowhow/vendor/laravel/framework/src/Illuminate/Routing/Route.php(212): Illuminate/Routing/Route->runController()
#15 C:/Users/Lidiya Getale/Herd/immigrationknowhow/vendor/laravel/framework/src/Illuminate/Routing/Router.php(808): Illuminate/Routing/Route->run()
#16 C:/Users/Lidiya Getale/Herd/immigrationknowhow/vendor/laravel/framework/src/Illuminate/Pipeline/Pipeline.php(170): Illuminate/Routing/Router->{closure:Illuminate/Routing/Router::runRouteWithinStack():807}(Object(Illuminate/Http/Request))
#17 C:/Users/Lidiya Getale/Herd/immigrationknowhow/app/Http/Middleware/EnsureOnboardingComplete.php(30): Illuminate/Pipeline/Pipeline->{closure:Illuminate/Pipeline/Pipeline::prepareDestination():168}(Object(Illuminate/Http/Request))
#18 C:/Users/Lidiya Getale/Herd/immigrationknowhow/vendor/laravel/framework/src/Illuminate/Pipeline/Pipeline.php(209): App/Http/Middleware/EnsureOnboardingComplete->handle(Object(Illuminate/Http/Request), Object(Closure))
#19 C:/Users/Lidiya Getale/Herd/immigrationknowhow/vendor/spatie/laravel-permission/src/Middleware/RoleMiddleware.php(37): Illuminate/Pipeline/Pipeline->{closure:{closure:Illuminate/Pipeline/Pipeline::carry():184}:185}(Object(Illuminate/Http/Request))
#20 C:/Users/Lidiya Getale/Herd/immigrationknowhow/vendor/laravel/framework/src/Illuminate/Pipeline/Pipeline.php(209): Spatie/Permission/Middleware/RoleMiddleware->handle(Object(Illuminate/Http/Request), Object(Closure), 'provider')
#21 C:/Users/Lidiya Getale/Herd/immigrationknowhow/vendor/inertiajs/inertia-laravel/src/Middleware.php(87): Illuminate/Pipeline/Pipeline->{closure:{closure:Illuminate/Pipeline/Pipeline::carry():184}:185}(Object(Illuminate/Http/Request))
#22 C:/Users/Lidiya Getale/Herd/immigrationknowhow/vendor/laravel/framework/src/Illuminate/Pipeline/Pipeline.php(209): Inertia/Middleware->handle(Object(Illuminate/Http/Request), Object(Closure))
#23 C:/Users/Lidiya Getale/Herd/immigrationknowhow/vendor/laravel/framework/src/Illuminate/Routing/Middleware/SubstituteBindings.php(51): Illuminate/Pipeline/Pipeline->{closure:{closure:Illuminate/Pipeline/Pipeline::carry():184}:185}(Object(Illuminate/Http/Request))
#24 C:/Users/Lidiya Getale/Herd/immigrationknowhow/vendor/laravel/framework/src/Illuminate/Pipeline/Pipeline.php(209): Illuminate/Routing/Middleware/SubstituteBindings->handle(Object(Illuminate/Http/Request), Object(Closure))
#25 C:/Users/Lidiya Getale/Herd/immigrationknowhow/vendor/laravel/framework/src/Illuminate/Auth/Middleware/Authenticate.php(64): Illuminate/Pipeline/Pipeline->{closure:{closure:Illuminate/Pipeline/Pipeline::carry():184}:185}(Object(Illuminate/Http/Request))
#26 C:/Users/Lidiya Getale/Herd/immigrationknowhow/vendor/laravel/framework/src/Illuminate/Pipeline/Pipeline.php(209): Illuminate/Auth/Middleware/Authenticate->handle(Object(Illuminate/Http/Request), Object(Closure))
#27 C:/Users/Lidiya Getale/Herd/immigrationknowhow/vendor/laravel/framework/src/Illuminate/Foundation/Http/Middleware/VerifyCsrfToken.php(88): Illuminate/Pipeline/Pipeline->{closure:{closure:Illuminate/Pipeline/Pipeline::carry():184}:185}(Object(Illuminate/Http/Request))
#28 C:/Users/Lidiya Getale/Herd/immigrationknowhow/vendor/laravel/framework/src/Illuminate/Pipeline/Pipeline.php(209): Illuminate/Foundation/Http/Middleware/VerifyCsrfToken->handle(Object(Illuminate/Http/Request), Object(Closure))
#29 C:/Users/Lidiya Getale/Herd/immigrationknowhow/vendor/laravel/framework/src/Illuminate/View/Middleware/ShareErrorsFromSession.php(49): Illuminate/Pipeline/Pipeline->{closure:{closure:Illuminate/Pipeline/Pipeline::carry():184}:185}(Object(Illuminate/Http/Request))
#30 C:/Users/Lidiya Getale/Herd/immigrationknowhow/vendor/laravel/framework/src/Illuminate/Pipeline/Pipeline.php(209): Illuminate/View/Middleware/ShareErrorsFromSession->handle(Object(Illuminate/Http/Request), Object(Closure))
#31 C:/Users/Lidiya Getale/Herd/immigrationknowhow/vendor/laravel/framework/src/Illuminate/Session/Middleware/StartSession.php(121): Illuminate/Pipeline/Pipeline->{closure:{closure:Illuminate/Pipeline/Pipeline::carry():184}:185}(Object(Illuminate/Http/Request))
#32 C:/Users/Lidiya Getale/Herd/immigrationknowhow/vendor/laravel/framework/src/Illuminate/Session/Middleware/StartSession.php(64): Illuminate/Session/Middleware/StartSession->handleStatefulRequest(Object(Illuminate/Http/Request), Object(Illuminate/Session/Store), Object(Closure))
#33 C:/Users/Lidiya Getale/Herd/immigrationknowhow/vendor/laravel/framework/src/Illuminate/Pipeline/Pipeline.php(209): Illuminate/Session/Middleware/StartSession->handle(Object(Illuminate/Http/Request), Object(Closure))
#34 C:/Users/Lidiya Getale/Herd/immigrationknowhow/vendor/laravel/framework/src/Illuminate/Cookie/Middleware/AddQueuedCookiesToResponse.php(37): Illuminate/Pipeline/Pipeline->{closure:{closure:Illuminate/Pipeline/Pipeline::carry():184}:185}(Object(Illuminate/Http/Request))
#35 C:/Users/Lidiya Getale/Herd/immigrationknowhow/vendor/laravel/framework/src/Illuminate/Pipeline/Pipeline.php(209): Illuminate/Cookie/Middleware/AddQueuedCookiesToResponse->handle(Object(Illuminate/Http/Request), Object(Closure))
#36 C:/Users/Lidiya Getale/Herd/immigrationknowhow/vendor/laravel/framework/src/Illuminate/Cookie/Middleware/EncryptCookies.php(75): Illuminate/Pipeline/Pipeline->{closure:{closure:Illuminate/Pipeline/Pipeline::carry():184}:185}(Object(Illuminate/Http/Request))
#37 C:/Users/Lidiya Getale/Herd/immigrationknowhow/vendor/laravel/framework/src/Illuminate/Pipeline/Pipeline.php(209): Illuminate/Cookie/Middleware/EncryptCookies->handle(Object(Illuminate/Http/Request), Object(Closure))
#38 C:/Users/Lidiya Getale/Herd/immigrationknowhow/vendor/laravel/framework/src/Illuminate/Pipeline/Pipeline.php(127): Illuminate/Pipeline/Pipeline->{closure:{closure:Illuminate/Pipeline/Pipeline::carry():184}:185}(Object(Illuminate/Http/Request))
#39 C:/Users/Lidiya Getale/Herd/immigrationknowhow/vendor/laravel/framework/src/Illuminate/Routing/Router.php(807): Illuminate/Pipeline/Pipeline->then(Object(Closure))
#40 C:/Users/Lidiya Getale/Herd/immigrationknowhow/vendor/laravel/framework/src/Illuminate/Routing/Router.php(786): Illuminate/Routing/Router->runRouteWithinStack(Object(Illuminate/Routing/Route), Object(Illuminate/Http/Request))
#41 C:/Users/Lidiya Getale/Herd/immigrationknowhow/vendor/laravel/framework/src/Illuminate/Routing/Router.php(750): Illuminate/Routing/Router->runRoute(Object(Illuminate/Http/Request), Object(Illuminate/Routing/Route))
#42 C:/Users/Lidiya Getale/Herd/immigrationknowhow/vendor/laravel/framework/src/Illuminate/Routing/Router.php(739): Illuminate/Routing/Router->dispatchToRoute(Object(Illuminate/Http/Request))
#43 C:/Users/Lidiya Getale/Herd/immigrationknowhow/vendor/laravel/framework/src/Illuminate/Foundation/Http/Kernel.php(201): Illuminate/Routing/Router->dispatch(Object(Illuminate/Http/Request))
#44 C:/Users/Lidiya Getale/Herd/immigrationknowhow/vendor/laravel/framework/src/Illuminate/Pipeline/Pipeline.php(170): Illuminate/Foundation/Http/Kernel->{closure:Illuminate/Foundation/Http/Kernel::dispatchToRouter():198}(Object(Illuminate/Http/Request))
#45 C:/Users/Lidiya Getale/Herd/immigrationknowhow/vendor/laravel/framework/src/Illuminate/Foundation/Http/Middleware/TransformsRequest.php(21): Illuminate/Pipeline/Pipeline->{closure:Illuminate/Pipeline/Pipeline::prepareDestination():168}(Object(Illuminate/Http/Request))
#46 C:/Users/Lidiya Getale/Herd/immigrationknowhow/vendor/laravel/framework/src/Illuminate/Foundation/Http/Middleware/ConvertEmptyStringsToNull.php(31): Illuminate/Foundation/Http/Middleware/TransformsRequest->handle(Object(Illuminate/Http/Request), Object(Closure))
#47 C:/Users/Lidiya Getale/Herd/immigrationknowhow/vendor/laravel/framework/src/Illuminate/Pipeline/Pipeline.php(209): Illuminate/Foundation/Http/Middleware/ConvertEmptyStringsToNull->handle(Object(Illuminate/Http/Request), Object(Closure))
#48 C:/Users/Lidiya Getale/Herd/immigrationknowhow/vendor/laravel/framework/src/Illuminate/Foundation/Http/Middleware/TransformsRequest.php(21): Illuminate/Pipeline/Pipeline->{closure:{closure:Illuminate/Pipeline/Pipeline::carry():184}:185}(Object(Illuminate/Http/Request))
#49 C:/Users/Lidiya Getale/Herd/immigrationknowhow/vendor/laravel/framework/src/Illuminate/Foundation/Http/Middleware/TrimStrings.php(51): Illuminate/Foundation/Http/Middleware/TransformsRequest->handle(Object(Illuminate/Http/Request), Object(Closure))
#50 C:/Users/Lidiya Getale/Herd/immigrationknowhow/vendor/laravel/framework/src/Illuminate/Pipeline/Pipeline.php(209): Illuminate/Foundation/Http/Middleware/TrimStrings->handle(Object(Illuminate/Http/Request), Object(Closure))
#51 C:/Users/Lidiya Getale/Herd/immigrationknowhow/vendor/laravel/framework/src/Illuminate/Http/Middleware/ValidatePostSize.php(27): Illuminate/Pipeline/Pipeline->{closure:{closure:Illuminate/Pipeline/Pipeline::carry():184}:185}(Object(Illuminate/Http/Request))
#52 C:/Users/Lidiya Getale/Herd/immigrationknowhow/vendor/laravel/framework/src/Illuminate/Pipeline/Pipeline.php(209): Illuminate/Http/Middleware/ValidatePostSize->handle(Object(Illuminate/Http/Request), Object(Closure))
#53 C:/Users/Lidiya Getale/Herd/immigrationknowhow/vendor/laravel/framework/src/Illuminate/Foundation/Http/Middleware/PreventRequestsDuringMaintenance.php(110): Illuminate/Pipeline/Pipeline->{closure:{closure:Illuminate/Pipeline/Pipeline::carry():184}:185}(Object(Illuminate/Http/Request))
#54 C:/Users/Lidiya Getale/Herd/immigrationknowhow/vendor/laravel/framework/src/Illuminate/Pipeline/Pipeline.php(209): Illuminate/Foundation/Http/Middleware/PreventRequestsDuringMaintenance->handle(Object(Illuminate/Http/Request), Object(Closure))
#55 C:/Users/Lidiya Getale/Herd/immigrationknowhow/vendor/laravel/framework/src/Illuminate/Http/Middleware/HandleCors.php(49): Illuminate/Pipeline/Pipeline->{closure:{closure:Illuminate/Pipeline/Pipeline::carry():184}:185}(Object(Illuminate/Http/Request))
#56 C:/Users/Lidiya Getale/Herd/immigrationknowhow/vendor/laravel/framework/src/Illuminate/Pipeline/Pipeline.php(209): Illuminate/Http/Middleware/HandleCors->handle(Object(Illuminate/Http/Request), Object(Closure))
#57 C:/Users/Lidiya Getale/Herd/immigrationknowhow/vendor/laravel/framework/src/Illuminate/Http/Middleware/TrustProxies.php(58): Illuminate/Pipeline/Pipeline->{closure:{closure:Illuminate/Pipeline/Pipeline::carry():184}:185}(Object(Illuminate/Http/Request))
#58 C:/Users/Lidiya Getale/Herd/immigrationknowhow/vendor/laravel/framework/src/Illuminate/Pipeline/Pipeline.php(209): Illuminate/Http/Middleware/TrustProxies->handle(Object(Illuminate/Http/Request), Object(Closure))
#59 C:/Users/Lidiya Getale/Herd/immigrationknowhow/vendor/laravel/framework/src/Illuminate/Foundation/Http/Middleware/InvokeDeferredCallbacks.php(22): Illuminate/Pipeline/Pipeline->{closure:{closure:Illuminate/Pipeline/Pipeline::carry():184}:185}(Object(Illuminate/Http/Request))
#60 C:/Users/Lidiya Getale/Herd/immigrationknowhow/vendor/laravel/framework/src/Illuminate/Pipeline/Pipeline.php(209): Illuminate/Foundation/Http/Middleware/InvokeDeferredCallbacks->handle(Object(Illuminate/Http/Request), Object(Closure))
#61 C:/Users/Lidiya Getale/Herd/immigrationknowhow/vendor/laravel/framework/src/Illuminate/Pipeline/Pipeline.php(127): Illuminate/Pipeline/Pipeline->{closure:{closure:Illuminate/Pipeline/Pipeline::carry():184}:185}(Object(Illuminate/Http/Request))
#62 C:/Users/Lidiya Getale/Herd/immigrationknowhow/vendor/laravel/framework/src/Illuminate/Foundation/Http/Kernel.php(176): Illuminate/Pipeline/Pipeline->then(Object(Closure))
#63 C:/Users/Lidiya Getale/Herd/immigrationknowhow/vendor/laravel/framework/src/Illuminate/Foundation/Http/Kernel.php(145): Illuminate/Foundation/Http/Kernel->sendRequestThroughRouter(Object(Illuminate/Http/Request))
#64 C:/Users/Lidiya Getale/Herd/immigrationknowhow/vendor/laravel/framework/src/Illuminate/Foundation/Application.php(1220): Illuminate/Foundation/Http/Kernel->handle(Object(Illuminate/Http/Request))
#65 C:/Users/Lidiya Getale/Herd/immigrationknowhow/public/index.php(17): Illuminate/Foundation/Application->handleRequest(Object(Illuminate/Http/Request))
#66 C:/Program Files/Herd/resources/app.asar.unpacked/resources/valet/server.php(139): require('C://Users//Lidiya...')
#67 {main}

[previous exception] [object] (PDOException(code: 42S22): SQLSTATE[42S22]: Column not found: 1054 Unknown column 'contacted_at' in 'field list' at C:/Users/Lidiya Getale/Herd/immigrationknowhow/vendor/laravel/framework/src/Illuminate/Database/Connection.php:407)
[stacktrace]
#0 C:/Users/Lidiya Getale/Herd/immigrationknowhow/vendor/laravel/framework/src/Illuminate/Database/Connection.php(407): PDO->prepare('select AVG(TIME...')
#1 C:/Users/Lidiya Getale/Herd/immigrationknowhow/vendor/laravel/framework/src/Illuminate/Database/Connection.php(812): Illuminate/Database/Connection->{closure:Illuminate/Database/Connection::select():398}('select AVG(TIME...', Array)
#2 C:/Users/Lidiya Getale/Herd/immigrationknowhow/vendor/laravel/framework/src/Illuminate/Database/Connection.php(779): Illuminate/Database/Connection->runQueryCallback('select AVG(TIME...', Array, Object(Closure))
#3 C:/Users/Lidiya Getale/Herd/immigrationknowhow/vendor/laravel/framework/src/Illuminate/Database/Connection.php(398): Illuminate/Database/Connection->run('select AVG(TIME...', Array, Object(Closure))
#4 C:/Users/Lidiya Getale/Herd/immigrationknowhow/vendor/laravel/framework/src/Illuminate/Database/Query/Builder.php(3106): Illuminate/Database/Connection->select('select AVG(TIME...', Array, true)
#5 C:/Users/Lidiya Getale/Herd/immigrationknowhow/vendor/laravel/framework/src/Illuminate/Database/Query/Builder.php(3091): Illuminate/Database/Query/Builder->runSelect()
#6 C:/Users/Lidiya Getale/Herd/immigrationknowhow/vendor/laravel/framework/src/Illuminate/Database/Query/Builder.php(3676): Illuminate/Database/Query/Builder->{closure:Illuminate/Database/Query/Builder::get():3090}()
#7 C:/Users/Lidiya Getale/Herd/immigrationknowhow/vendor/laravel/framework/src/Illuminate/Database/Query/Builder.php(3090): Illuminate/Database/Query/Builder->onceWithColumns(Array, Object(Closure))
#8 C:/Users/Lidiya Getale/Herd/immigrationknowhow/vendor/laravel/framework/src/Illuminate/Database/Eloquent/Builder.php(811): Illuminate/Database/Query/Builder->get(Array)
#9 C:/Users/Lidiya Getale/Herd/immigrationknowhow/vendor/laravel/framework/src/Illuminate/Database/Eloquent/Builder.php(793): Illuminate/Database/Eloquent/Builder->getModels(Array)
#10 C:/Users/Lidiya Getale/Herd/immigrationknowhow/vendor/laravel/framework/src/Illuminate/Database/Concerns/BuildsQueries.php(343): Illuminate/Database/Eloquent/Builder->get(Array)
#11 C:/Users/Lidiya Getale/Herd/immigrationknowhow/vendor/laravel/framework/src/Illuminate/Database/Eloquent/Builder.php(742): Illuminate/Database/Eloquent/Builder->first(Array)
#12 C:/Users/Lidiya Getale/Herd/immigrationknowhow/app/Http/Controllers/Provider/AnalyticsController.php(135): Illuminate/Database/Eloquent/Builder->value('avg_hours')
#13 C:/Users/Lidiya Getale/Herd/immigrationknowhow/app/Http/Controllers/Provider/AnalyticsController.php(35): App/Http/Controllers/Provider/AnalyticsController->getAverageResponseTime(15, Object(Illuminate/Support/Carbon))
#14 C:/Users/Lidiya Getale/Herd/immigrationknowhow/vendor/laravel/framework/src/Illuminate/Routing/ControllerDispatcher.php(47): App/Http/Controllers/Provider/AnalyticsController->index(Object(Illuminate/Http/Request))
#15 C:/Users/Lidiya Getale/Herd/immigrationknowhow/vendor/laravel/framework/src/Illuminate/Routing/Route.php(266): Illuminate/Routing/ControllerDispatcher->dispatch(Object(Illuminate/Routing/Route), Object(App/Http/Controllers/Provider/AnalyticsController), 'index')
#16 C:/Users/Lidiya Getale/Herd/immigrationknowhow/vendor/laravel/framework/src/Illuminate/Routing/Route.php(212): Illuminate/Routing/Route->runController()
#17 C:/Users/Lidiya Getale/Herd/immigrationknowhow/vendor/laravel/framework/src/Illuminate/Routing/Router.php(808): Illuminate/Routing/Route->run()
#18 C:/Users/Lidiya Getale/Herd/immigrationknowhow/vendor/laravel/framework/src/Illuminate/Pipeline/Pipeline.php(170): Illuminate/Routing/Router->{closure:Illuminate/Routing/Router::runRouteWithinStack():807}(Object(Illuminate/Http/Request))
#19 C:/Users/Lidiya Getale/Herd/immigrationknowhow/app/Http/Middleware/EnsureOnboardingComplete.php(30): Illuminate/Pipeline/Pipeline->{closure:Illuminate/Pipeline/Pipeline::prepareDestination():168}(Object(Illuminate/Http/Request))
#20 C:/Users/Lidiya Getale/Herd/immigrationknowhow/vendor/laravel/framework/src/Illuminate/Pipeline/Pipeline.php(209): App/Http/Middleware/EnsureOnboardingComplete->handle(Object(Illuminate/Http/Request), Object(Closure))
#21 C:/Users/Lidiya Getale/Herd/immigrationknowhow/vendor/spatie/laravel-permission/src/Middleware/RoleMiddleware.php(37): Illuminate/Pipeline/Pipeline->{closure:{closure:Illuminate/Pipeline/Pipeline::carry():184}:185}(Object(Illuminate/Http/Request))
#22 C:/Users/Lidiya Getale/Herd/immigrationknowhow/vendor/laravel/framework/src/Illuminate/Pipeline/Pipeline.php(209): Spatie/Permission/Middleware/RoleMiddleware->handle(Object(Illuminate/Http/Request), Object(Closure), 'provider')
#23 C:/Users/Lidiya Getale/Herd/immigrationknowhow/vendor/inertiajs/inertia-laravel/src/Middleware.php(87): Illuminate/Pipeline/Pipeline->{closure:{closure:Illuminate/Pipeline/Pipeline::carry():184}:185}(Object(Illuminate/Http/Request))
#24 C:/Users/Lidiya Getale/Herd/immigrationknowhow/vendor/laravel/framework/src/Illuminate/Pipeline/Pipeline.php(209): Inertia/Middleware->handle(Object(Illuminate/Http/Request), Object(Closure))
#25 C:/Users/Lidiya Getale/Herd/immigrationknowhow/vendor/laravel/framework/src/Illuminate/Routing/Middleware/SubstituteBindings.php(51): Illuminate/Pipeline/Pipeline->{closure:{closure:Illuminate/Pipeline/Pipeline::carry():184}:185}(Object(Illuminate/Http/Request))
#26 C:/Users/Lidiya Getale/Herd/immigrationknowhow/vendor/laravel/framework/src/Illuminate/Pipeline/Pipeline.php(209): Illuminate/Routing/Middleware/SubstituteBindings->handle(Object(Illuminate/Http/Request), Object(Closure))
#27 C:/Users/Lidiya Getale/Herd/immigrationknowhow/vendor/laravel/framework/src/Illuminate/Auth/Middleware/Authenticate.php(64): Illuminate/Pipeline/Pipeline->{closure:{closure:Illuminate/Pipeline/Pipeline::carry():184}:185}(Object(Illuminate/Http/Request))
#28 C:/Users/Lidiya Getale/Herd/immigrationknowhow/vendor/laravel/framework/src/Illuminate/Pipeline/Pipeline.php(209): Illuminate/Auth/Middleware/Authenticate->handle(Object(Illuminate/Http/Request), Object(Closure))
#29 C:/Users/Lidiya Getale/Herd/immigrationknowhow/vendor/laravel/framework/src/Illuminate/Foundation/Http/Middleware/VerifyCsrfToken.php(88): Illuminate/Pipeline/Pipeline->{closure:{closure:Illuminate/Pipeline/Pipeline::carry():184}:185}(Object(Illuminate/Http/Request))
#30 C:/Users/Lidiya Getale/Herd/immigrationknowhow/vendor/laravel/framework/src/Illuminate/Pipeline/Pipeline.php(209): Illuminate/Foundation/Http/Middleware/VerifyCsrfToken->handle(Object(Illuminate/Http/Request), Object(Closure))
#31 C:/Users/Lidiya Getale/Herd/immigrationknowhow/vendor/laravel/framework/src/Illuminate/View/Middleware/ShareErrorsFromSession.php(49): Illuminate/Pipeline/Pipeline->{closure:{closure:Illuminate/Pipeline/Pipeline::carry():184}:185}(Object(Illuminate/Http/Request))
#32 C:/Users/Lidiya Getale/Herd/immigrationknowhow/vendor/laravel/framework/src/Illuminate/Pipeline/Pipeline.php(209): Illuminate/View/Middleware/ShareErrorsFromSession->handle(Object(Illuminate/Http/Request), Object(Closure))
#33 C:/Users/Lidiya Getale/Herd/immigrationknowhow/vendor/laravel/framework/src/Illuminate/Session/Middleware/StartSession.php(121): Illuminate/Pipeline/Pipeline->{closure:{closure:Illuminate/Pipeline/Pipeline::carry():184}:185}(Object(Illuminate/Http/Request))
#34 C:/Users/Lidiya Getale/Herd/immigrationknowhow/vendor/laravel/framework/src/Illuminate/Session/Middleware/StartSession.php(64): Illuminate/Session/Middleware/StartSession->handleStatefulRequest(Object(Illuminate/Http/Request), Object(Illuminate/Session/Store), Object(Closure))
#35 C:/Users/Lidiya Getale/Herd/immigrationknowhow/vendor/laravel/framework/src/Illuminate/Pipeline/Pipeline.php(209): Illuminate/Session/Middleware/StartSession->handle(Object(Illuminate/Http/Request), Object(Closure))
#36 C:/Users/Lidiya Getale/Herd/immigrationknowhow/vendor/laravel/framework/src/Illuminate/Cookie/Middleware/AddQueuedCookiesToResponse.php(37): Illuminate/Pipeline/Pipeline->{closure:{closure:Illuminate/Pipeline/Pipeline::carry():184}:185}(Object(Illuminate/Http/Request))
#37 C:/Users/Lidiya Getale/Herd/immigrationknowhow/vendor/laravel/framework/src/Illuminate/Pipeline/Pipeline.php(209): Illuminate/Cookie/Middleware/AddQueuedCookiesToResponse->handle(Object(Illuminate/Http/Request), Object(Closure))
#38 C:/Users/Lidiya Getale/Herd/immigrationknowhow/vendor/laravel/framework/src/Illuminate/Cookie/Middleware/EncryptCookies.php(75): Illuminate/Pipeline/Pipeline->{closure:{closure:Illuminate/Pipeline/Pipeline::carry():184}:185}(Object(Illuminate/Http/Request))
#39 C:/Users/Lidiya Getale/Herd/immigrationknowhow/vendor/laravel/framework/src/Illuminate/Pipeline/Pipeline.php(209): Illuminate/Cookie/Middleware/EncryptCookies->handle(Object(Illuminate/Http/Request), Object(Closure))
#40 C:/Users/Lidiya Getale/Herd/immigrationknowhow/vendor/laravel/framework/src/Illuminate/Pipeline/Pipeline.php(127): Illuminate/Pipeline/Pipeline->{closure:{closure:Illuminate/Pipeline/Pipeline::carry():184}:185}(Object(Illuminate/Http/Request))
#41 C:/Users/Lidiya Getale/Herd/immigrationknowhow/vendor/laravel/framework/src/Illuminate/Routing/Router.php(807): Illuminate/Pipeline/Pipeline->then(Object(Closure))
#42 C:/Users/Lidiya Getale/Herd/immigrationknowhow/vendor/laravel/framework/src/Illuminate/Routing/Router.php(786): Illuminate/Routing/Router->runRouteWithinStack(Object(Illuminate/Routing/Route), Object(Illuminate/Http/Request))
#43 C:/Users/Lidiya Getale/Herd/immigrationknowhow/vendor/laravel/framework/src/Illuminate/Routing/Router.php(750): Illuminate/Routing/Router->runRoute(Object(Illuminate/Http/Request), Object(Illuminate/Routing/Route))
#44 C:/Users/Lidiya Getale/Herd/immigrationknowhow/vendor/laravel/framework/src/Illuminate/Routing/Router.php(739): Illuminate/Routing/Router->dispatchToRoute(Object(Illuminate/Http/Request))
#45 C:/Users/Lidiya Getale/Herd/immigrationknowhow/vendor/laravel/framework/src/Illuminate/Foundation/Http/Kernel.php(201): Illuminate/Routing/Router->dispatch(Object(Illuminate/Http/Request))
#46 C:/Users/Lidiya Getale/Herd/immigrationknowhow/vendor/laravel/framework/src/Illuminate/Pipeline/Pipeline.php(170): Illuminate/Foundation/Http/Kernel->{closure:Illuminate/Foundation/Http/Kernel::dispatchToRouter():198}(Object(Illuminate/Http/Request))
#47 C:/Users/Lidiya Getale/Herd/immigrationknowhow/vendor/laravel/framework/src/Illuminate/Foundation/Http/Middleware/TransformsRequest.php(21): Illuminate/Pipeline/Pipeline->{closure:Illuminate/Pipeline/Pipeline::prepareDestination():168}(Object(Illuminate/Http/Request))
#48 C:/Users/Lidiya Getale/Herd/immigrationknowhow/vendor/laravel/framework/src/Illuminate/Foundation/Http/Middleware/ConvertEmptyStringsToNull.php(31): Illuminate/Foundation/Http/Middleware/TransformsRequest->handle(Object(Illuminate/Http/Request), Object(Closure))
#49 C:/Users/Lidiya Getale/Herd/immigrationknowhow/vendor/laravel/framework/src/Illuminate/Pipeline/Pipeline.php(209): Illuminate/Foundation/Http/Middleware/ConvertEmptyStringsToNull->handle(Object(Illuminate/Http/Request), Object(Closure))
#50 C:/Users/Lidiya Getale/Herd/immigrationknowhow/vendor/laravel/framework/src/Illuminate/Foundation/Http/Middleware/TransformsRequest.php(21): Illuminate/Pipeline/Pipeline->{closure:{closure:Illuminate/Pipeline/Pipeline::carry():184}:185}(Object(Illuminate/Http/Request))
#51 C:/Users/Lidiya Getale/Herd/immigrationknowhow/vendor/laravel/framework/src/Illuminate/Foundation/Http/Middleware/TrimStrings.php(51): Illuminate/Foundation/Http/Middleware/TransformsRequest->handle(Object(Illuminate/Http/Request), Object(Closure))
#52 C:/Users/Lidiya Getale/Herd/immigrationknowhow/vendor/laravel/framework/src/Illuminate/Pipeline/Pipeline.php(209): Illuminate/Foundation/Http/Middleware/TrimStrings->handle(Object(Illuminate/Http/Request), Object(Closure))
#53 C:/Users/Lidiya Getale/Herd/immigrationknowhow/vendor/laravel/framework/src/Illuminate/Http/Middleware/ValidatePostSize.php(27): Illuminate/Pipeline/Pipeline->{closure:{closure:Illuminate/Pipeline/Pipeline::carry():184}:185}(Object(Illuminate/Http/Request))
#54 C:/Users/Lidiya Getale/Herd/immigrationknowhow/vendor/laravel/framework/src/Illuminate/Pipeline/Pipeline.php(209): Illuminate/Http/Middleware/ValidatePostSize->handle(Object(Illuminate/Http/Request), Object(Closure))
#55 C:/Users/Lidiya Getale/Herd/immigrationknowhow/vendor/laravel/framework/src/Illuminate/Foundation/Http/Middleware/PreventRequestsDuringMaintenance.php(110): Illuminate/Pipeline/Pipeline->{closure:{closure:Illuminate/Pipeline/Pipeline::carry():184}:185}(Object(Illuminate/Http/Request))
#56 C:/Users/Lidiya Getale/Herd/immigrationknowhow/vendor/laravel/framework/src/Illuminate/Pipeline/Pipeline.php(209): Illuminate/Foundation/Http/Middleware/PreventRequestsDuringMaintenance->handle(Object(Illuminate/Http/Request), Object(Closure))
#57 C:/Users/Lidiya Getale/Herd/immigrationknowhow/vendor/laravel/framework/src/Illuminate/Http/Middleware/HandleCors.php(49): Illuminate/Pipeline/Pipeline->{closure:{closure:Illuminate/Pipeline/Pipeline::carry():184}:185}(Object(Illuminate/Http/Request))
#58 C:/Users/Lidiya Getale/Herd/immigrationknowhow/vendor/laravel/framework/src/Illuminate/Pipeline/Pipeline.php(209): Illuminate/Http/Middleware/HandleCors->handle(Object(Illuminate/Http/Request), Object(Closure))
#59 C:/Users/Lidiya Getale/Herd/immigrationknowhow/vendor/laravel/framework/src/Illuminate/Http/Middleware/TrustProxies.php(58): Illuminate/Pipeline/Pipeline->{closure:{closure:Illuminate/Pipeline/Pipeline::carry():184}:185}(Object(Illuminate/Http/Request))
#60 C:/Users/Lidiya Getale/Herd/immigrationknowhow/vendor/laravel/framework/src/Illuminate/Pipeline/Pipeline.php(209): Illuminate/Http/Middleware/TrustProxies->handle(Object(Illuminate/Http/Request), Object(Closure))
#61 C:/Users/Lidiya Getale/Herd/immigrationknowhow/vendor/laravel/framework/src/Illuminate/Foundation/Http/Middleware/InvokeDeferredCallbacks.php(22): Illuminate/Pipeline/Pipeline->{closure:{closure:Illuminate/Pipeline/Pipeline::carry():184}:185}(Object(Illuminate/Http/Request))
#62 C:/Users/Lidiya Getale/Herd/immigrationknowhow/vendor/laravel/framework/src/Illuminate/Pipeline/Pipeline.php(209): Illuminate/Foundation/Http/Middleware/InvokeDeferredCallbacks->handle(Object(Illuminate/Http/Request), Object(Closure))
#63 C:/Users/Lidiya Getale/Herd/immigrationknowhow/vendor/laravel/framework/src/Illuminate/Pipeline/Pipeline.php(127): Illuminate/Pipeline/Pipeline->{closure:{closure:Illuminate/Pipeline/Pipeline::carry():184}:185}(Object(Illuminate/Http/Request))
#64 C:/Users/Lidiya Getale/Herd/immigrationknowhow/vendor/laravel/framework/src/Illuminate/Foundation/Http/Kernel.php(176): Illuminate/Pipeline/Pipeline->then(Object(Closure))
#65 C:/Users/Lidiya Getale/Herd/immigrationknowhow/vendor/laravel/framework/src/Illuminate/Foundation/Http/Kernel.php(145): Illuminate/Foundation/Http/Kernel->sendRequestThroughRouter(Object(Illuminate/Http/Request))
#66 C:/Users/Lidiya Getale/Herd/immigrationknowhow/vendor/laravel/framework/src/Illuminate/Foundation/Application.php(1220): Illuminate/Foundation/Http/Kernel->handle(Object(Illuminate/Http/Request))
#67 C:/Users/Lidiya Getale/Herd/immigrationknowhow/public/index.php(17): Illuminate/Foundation/Application->handleRequest(Object(Illuminate/Http/Request))
#68 C:/Program Files/Herd/resources/app.asar.unpacked/resources/valet/server.php(139): require('C://Users//Lidiya...')
#69 {main}
"} 
[2026-04-09 20:43:26] local.INFO: AddressDetails show page opened. {"user_id":44,"route":"address-detail","ip":"127.0.0.1"} 
[2026-04-09 20:53:19] local.INFO: AddressDetails show page opened. {"user_id":45,"route":"address-detail","ip":"127.0.0.1"} 
[2026-04-09 20:53:19] local.INFO: AddressDetails show page opened. {"user_id":45,"route":"address-detail","ip":"127.0.0.1"} 
[2026-04-09 20:53:51] local.INFO: AddressDetails show page opened. {"user_id":45,"route":"address-detail","ip":"127.0.0.1"} 
[2026-04-09 20:53:53] local.INFO: AddressDetails show page opened. {"user_id":45,"route":"address-detail","ip":"127.0.0.1"} 
[2026-04-09 20:53:54] local.INFO: AddressDetails show page opened. {"user_id":45,"route":"address-detail","ip":"127.0.0.1"} 
[2026-04-09 20:54:38] local.INFO: AddressDetails autocomplete requested. {"user_id":45,"query":"oce","country":null,"ip":"127.0.0.1","has_api_key":true} 
[2026-04-09 20:54:39] local.INFO: AddressDetails autocomplete requested. {"user_id":45,"query":"ocen","country":null,"ip":"127.0.0.1","has_api_key":true} 
[2026-04-09 20:54:40] local.INFO: AddressDetails autocomplete resolved place. {"user_id":45,"query":"oce","place":"places/ChIJYY82OrOoNTERF8pgLcs_vAc","formatted":"Ocean park 2, Vinhomes Ocean Park, Gia Lâm, Hà Nội 10000, Vietnam"} 
[2026-04-09 20:54:41] local.INFO: AddressDetails autocomplete resolved place. {"user_id":45,"query":"ocen","place":"places/ChIJW0Tmcy1T2UcRoZo5To0sTzo","formatted":"Ozengell Grange, Haine Rd, Ramsgate CT12 5ER, UK"} 
[2026-04-09 20:54:56] local.INFO: AddressDetails autocomplete requested. {"user_id":45,"query":"Haine R","country":null,"ip":"127.0.0.1","has_api_key":true} 
[2026-04-09 20:54:58] local.INFO: AddressDetails autocomplete resolved place. {"user_id":45,"query":"Haine R","place":"places/EiNIYWluZSBSb2FkLCBOZXdpbmd0b24sIFJhbXNnYXRlLCBVSyIuKiwKFAoSCSdsPXkwU9lHEY2u6k5YP8_pEhQKEgk_uC2tN1PZRxE0ffXZAfg8YA","formatted":"Haine Rd, Newington, Ramsgate, UK"} 
[2026-04-09 20:55:00] local.INFO: AddressDetails autocomplete requested. {"user_id":45,"query":"Haine Roa","country":null,"ip":"127.0.0.1","has_api_key":true} 
[2026-04-09 20:55:03] local.INFO: AddressDetails autocomplete resolved place. {"user_id":45,"query":"Haine Roa","place":"places/EiNIYWluZSBSb2FkLCBOZXdpbmd0b24sIFJhbXNnYXRlLCBVSyIuKiwKFAoSCSdsPXkwU9lHEY2u6k5YP8_pEhQKEgk_uC2tN1PZRxE0ffXZAfg8YA","formatted":"Haine Rd, Newington, Ramsgate, UK"} 
[2026-04-09 20:55:03] local.INFO: AddressDetails autocomplete requested. {"user_id":45,"query":"Haine Roado","country":null,"ip":"127.0.0.1","has_api_key":true} 
[2026-04-09 20:55:04] local.INFO: AddressDetails autocomplete requested. {"user_id":45,"query":"Haine Road","country":null,"ip":"127.0.0.1","has_api_key":true} 
[2026-04-09 20:55:06] local.INFO: AddressDetails autocomplete resolved place. {"user_id":45,"query":"Haine Roado","place":"places/EiNIYWluZSBSb2FkLCBOZXdpbmd0b24sIFJhbXNnYXRlLCBVSyIuKiwKFAoSCSdsPXkwU9lHEY2u6k5YP8_pEhQKEgk_uC2tN1PZRxE0ffXZAfg8YA","formatted":"Haine Rd, Newington, Ramsgate, UK"} 
[2026-04-09 20:55:07] local.INFO: AddressDetails autocomplete requested. {"user_id":45,"query":"Haine RoadE","country":null,"ip":"127.0.0.1","has_api_key":true} 
[2026-04-09 20:55:07] local.INFO: AddressDetails autocomplete resolved place. {"user_id":45,"query":"Haine Road","place":"places/EiNIYWluZSBSb2FkLCBOZXdpbmd0b24sIFJhbXNnYXRlLCBVSyIuKiwKFAoSCSdsPXkwU9lHEY2u6k5YP8_pEhQKEgk_uC2tN1PZRxE0ffXZAfg8YA","formatted":"Haine Rd, Newington, Ramsgate, UK"} 
[2026-04-09 20:55:08] local.INFO: AddressDetails autocomplete requested. {"user_id":45,"query":"Haine Roadhiio","country":null,"ip":"127.0.0.1","has_api_key":true} 
[2026-04-09 20:55:09] local.INFO: AddressDetails autocomplete requested. {"user_id":45,"query":"Haine Roadhii","country":null,"ip":"127.0.0.1","has_api_key":true} 
[2026-04-09 20:55:09] local.INFO: AddressDetails autocomplete resolved place. {"user_id":45,"query":"Haine RoadE","place":"places/EiNIYWluZSBSb2FkLCBOZXdpbmd0b24sIFJhbXNnYXRlLCBVSyIuKiwKFAoSCSdsPXkwU9lHEY2u6k5YP8_pEhQKEgk_uC2tN1PZRxE0ffXZAfg8YA","formatted":"Haine Rd, Newington, Ramsgate, UK"} 
[2026-04-09 20:55:10] local.INFO: AddressDetails autocomplete requested. {"user_id":45,"query":"Haine R","country":null,"ip":"127.0.0.1","has_api_key":true} 
[2026-04-09 20:55:10] local.INFO: AddressDetails autocomplete no place suggestions. {"query":"Haine Roadhiio","country":null} 
[2026-04-09 20:55:11] local.INFO: AddressDetails autocomplete no place suggestions. {"query":"Haine Roadhii","country":null} 
[2026-04-09 20:55:11] local.INFO: AddressDetails autocomplete requested. {"user_id":45,"query":"Haine","country":null,"ip":"127.0.0.1","has_api_key":true} 
[2026-04-09 20:55:13] local.INFO: AddressDetails autocomplete resolved place. {"user_id":45,"query":"Haine","place":"places/ChIJY9iJt4m8woAR-BhPG2x3N78","formatted":"Haines Hall, 375 Portola Plaza, Los Angeles, CA 90095, USA"} 
[2026-04-09 20:55:13] local.INFO: AddressDetails autocomplete resolved place. {"user_id":45,"query":"Haine R","place":"places/EiNIYWluZSBSb2FkLCBOZXdpbmd0b24sIFJhbXNnYXRlLCBVSyIuKiwKFAoSCSdsPXkwU9lHEY2u6k5YP8_pEhQKEgk_uC2tN1PZRxE0ffXZAfg8YA","formatted":"Haine Rd, Newington, Ramsgate, UK"} 
[2026-04-09 20:55:14] local.INFO: AddressDetails show page opened. {"user_id":45,"route":"address-detail","ip":"127.0.0.1"} 
[2026-04-09 20:55:15] local.INFO: AddressDetails show page opened. {"user_id":45,"route":"address-detail","ip":"127.0.0.1"} 
[2026-04-09 20:55:17] local.INFO: AddressDetails show page opened. {"user_id":45,"route":"address-detail","ip":"127.0.0.1"} 
[2026-04-09 20:55:22] local.INFO: AddressDetails autocomplete requested. {"user_id":45,"query":"eth","country":null,"ip":"127.0.0.1","has_api_key":true} 
[2026-04-09 20:55:23] local.INFO: AddressDetails autocomplete requested. {"user_id":45,"query":"ethio","country":null,"ip":"127.0.0.1","has_api_key":true} 
[2026-04-09 20:55:24] local.INFO: AddressDetails autocomplete resolved place. {"user_id":45,"query":"eth","place":"places/ChIJN8XRwoebVBMRn6I2nhLr2nk","formatted":"Etno kuća Gračanica, BB Devet Jugovića, Gračanica 10510"} 
[2026-04-09 20:55:24] local.INFO: AddressDetails autocomplete resolved place. {"user_id":45,"query":"ethio","place":"places/ChIJMYKzAKQQLxgRcC1MNUfM40o","formatted":"Ethiopian Orthodox Church, Tigoni Rd, Nairobi City, Kenya"} 
[2026-04-09 20:55:36] local.INFO: AddressDetails autocomplete requested. {"user_id":45,"query":"Tigoni Road","country":null,"ip":"127.0.0.1","has_api_key":true} 
[2026-04-09 20:55:38] local.INFO: AddressDetails autocomplete resolved place. {"user_id":45,"query":"Tigoni Road","place":"places/EhtUaWdvbmkgUm9hZCwgTmFpcm9iaSwgS2VueWEiLiosChQKEgl7i2pEpBAvGBEi5ZHGz7Hk9RIUChIJp0lN2HIRLxgRTJKXslQCz_c","formatted":"Tigoni Rd, Nairobi, Kenya"} 
=======
[2026-04-08 20:08:34] local.INFO: Phone verification OTP {"user_id":26,"phone":"9981200000000002","code":"594601","hint":"Replace with SMS in production; OTP is logged for development."} 
[2026-04-08 20:20:57] local.INFO: Phone verification OTP {"user_id":27,"phone":"1123456789","code":"821830","hint":"Replace with SMS in production; OTP is logged for development."} 
[2026-04-08 20:25:32] local.INFO: Phone verification OTP {"user_id":28,"phone":"6781343546576","code":"921636","hint":"Replace with SMS in production; OTP is logged for development."} 
[2026-04-08 20:31:33] local.INFO: Phone verification OTP {"user_id":29,"phone":"1423576890","code":"595609","hint":"Replace with SMS in production; OTP is logged for development."} 
[2026-04-08 20:35:56] local.INFO: Phone verification OTP {"user_id":30,"phone":"1123456789","code":"167759","hint":"Replace with SMS in production; OTP is logged for development."} 
[2026-04-08 20:41:42] local.INFO: Phone verification OTP {"user_id":31,"phone":"10943587412","code":"724710","hint":"Replace with SMS in production; OTP is logged for development."} 
[2026-04-10 00:32:29] local.ERROR: SQLSTATE[HY000] [2006] MySQL server has gone away (Connection: mysql, SQL: select exists (select 1 from information_schema.tables where table_schema = 'railway' and table_name = 'migrations' and table_type in ('BASE TABLE', 'SYSTEM VERSIONED')) as `exists`) {"exception":"[object] (Illuminate\\Database\\QueryException(code: 2006): SQLSTATE[HY000] [2006] MySQL server has gone away (Connection: mysql, SQL: select exists (select 1 from information_schema.tables where table_schema = 'railway' and table_name = 'migrations' and table_type in ('BASE TABLE', 'SYSTEM VERSIONED')) as `exists`) at /Users/georgeabouzeid/Herd/immigrationclaude/vendor/laravel/framework/src/Illuminate/Database/Connection.php:825)
[stacktrace]
#0 /Users/georgeabouzeid/Herd/immigrationclaude/vendor/laravel/framework/src/Illuminate/Database/Connection.php(979): Illuminate\\Database\\Connection->runQueryCallback('select exists (...', Array, Object(Closure))
#1 /Users/georgeabouzeid/Herd/immigrationclaude/vendor/laravel/framework/src/Illuminate/Database/Connection.php(958): Illuminate\\Database\\Connection->tryAgainIfCausedByLostConnection(Object(Illuminate\\Database\\QueryException), 'select exists (...', Array, Object(Closure))
#2 /Users/georgeabouzeid/Herd/immigrationclaude/vendor/laravel/framework/src/Illuminate/Database/Connection.php(781): Illuminate\\Database\\Connection->handleQueryException(Object(Illuminate\\Database\\QueryException), 'select exists (...', Array, Object(Closure))
#3 /Users/georgeabouzeid/Herd/immigrationclaude/vendor/laravel/framework/src/Illuminate/Database/Connection.php(398): Illuminate\\Database\\Connection->run('select exists (...', Array, Object(Closure))
#4 /Users/georgeabouzeid/Herd/immigrationclaude/vendor/laravel/framework/src/Illuminate/Database/Connection.php(344): Illuminate\\Database\\Connection->select('select exists (...', Array, true)
#5 /Users/georgeabouzeid/Herd/immigrationclaude/vendor/laravel/framework/src/Illuminate/Database/Connection.php(361): Illuminate\\Database\\Connection->selectOne('select exists (...', Array, true)
#6 /Users/georgeabouzeid/Herd/immigrationclaude/vendor/laravel/framework/src/Illuminate/Database/Schema/MySqlBuilder.php(45): Illuminate\\Database\\Connection->scalar('select exists (...')
#7 /Users/georgeabouzeid/Herd/immigrationclaude/vendor/laravel/framework/src/Illuminate/Database/Migrations/DatabaseMigrationRepository.php(184): Illuminate\\Database\\Schema\\MySqlBuilder->hasTable('migrations')
#8 /Users/georgeabouzeid/Herd/immigrationclaude/vendor/laravel/framework/src/Illuminate/Database/Migrations/Migrator.php(742): Illuminate\\Database\\Migrations\\DatabaseMigrationRepository->repositoryExists()
#9 /Users/georgeabouzeid/Herd/immigrationclaude/vendor/laravel/framework/src/Illuminate/Database/Console/Migrations/MigrateCommand.php(165): Illuminate\\Database\\Migrations\\Migrator->repositoryExists()
#10 /Users/georgeabouzeid/Herd/immigrationclaude/vendor/laravel/framework/src/Illuminate/Support/helpers.php(338): Illuminate\\Database\\Console\\Migrations\\MigrateCommand->{closure:Illuminate\\Database\\Console\\Migrations\\MigrateCommand::repositoryExists():165}(1)
#11 /Users/georgeabouzeid/Herd/immigrationclaude/vendor/laravel/framework/src/Illuminate/Database/Console/Migrations/MigrateCommand.php(165): retry(1, Object(Closure), 0, Object(Closure))
#12 /Users/georgeabouzeid/Herd/immigrationclaude/vendor/laravel/framework/src/Illuminate/Database/Console/Migrations/MigrateCommand.php(141): Illuminate\\Database\\Console\\Migrations\\MigrateCommand->repositoryExists()
#13 /Users/georgeabouzeid/Herd/immigrationclaude/vendor/laravel/framework/src/Illuminate/Database/Console/Migrations/MigrateCommand.php(111): Illuminate\\Database\\Console\\Migrations\\MigrateCommand->prepareDatabase()
#14 /Users/georgeabouzeid/Herd/immigrationclaude/vendor/laravel/framework/src/Illuminate/Database/Migrations/Migrator.php(658): Illuminate\\Database\\Console\\Migrations\\MigrateCommand->{closure:Illuminate\\Database\\Console\\Migrations\\MigrateCommand::runMigrations():110}()
#15 /Users/georgeabouzeid/Herd/immigrationclaude/vendor/laravel/framework/src/Illuminate/Database/Console/Migrations/MigrateCommand.php(110): Illuminate\\Database\\Migrations\\Migrator->usingConnection(NULL, Object(Closure))
#16 /Users/georgeabouzeid/Herd/immigrationclaude/vendor/laravel/framework/src/Illuminate/Database/Console/Migrations/MigrateCommand.php(89): Illuminate\\Database\\Console\\Migrations\\MigrateCommand->runMigrations()
#17 /Users/georgeabouzeid/Herd/immigrationclaude/vendor/laravel/framework/src/Illuminate/Container/BoundMethod.php(36): Illuminate\\Database\\Console\\Migrations\\MigrateCommand->handle()
#18 /Users/georgeabouzeid/Herd/immigrationclaude/vendor/laravel/framework/src/Illuminate/Container/Util.php(43): Illuminate\\Container\\BoundMethod::{closure:Illuminate\\Container\\BoundMethod::call():35}()
#19 /Users/georgeabouzeid/Herd/immigrationclaude/vendor/laravel/framework/src/Illuminate/Container/BoundMethod.php(95): Illuminate\\Container\\Util::unwrapIfClosure(Object(Closure))
#20 /Users/georgeabouzeid/Herd/immigrationclaude/vendor/laravel/framework/src/Illuminate/Container/BoundMethod.php(35): Illuminate\\Container\\BoundMethod::callBoundMethod(Object(Illuminate\\Foundation\\Application), Array, Object(Closure))
#21 /Users/georgeabouzeid/Herd/immigrationclaude/vendor/laravel/framework/src/Illuminate/Container/Container.php(696): Illuminate\\Container\\BoundMethod::call(Object(Illuminate\\Foundation\\Application), Array, Array, NULL)
#22 /Users/georgeabouzeid/Herd/immigrationclaude/vendor/laravel/framework/src/Illuminate/Console/Command.php(213): Illuminate\\Container\\Container->call(Array)
#23 /Users/georgeabouzeid/Herd/immigrationclaude/vendor/symfony/console/Command/Command.php(341): Illuminate\\Console\\Command->execute(Object(Symfony\\Component\\Console\\Input\\ArgvInput), Object(Illuminate\\Console\\OutputStyle))
#24 /Users/georgeabouzeid/Herd/immigrationclaude/vendor/laravel/framework/src/Illuminate/Console/Command.php(182): Symfony\\Component\\Console\\Command\\Command->run(Object(Symfony\\Component\\Console\\Input\\ArgvInput), Object(Illuminate\\Console\\OutputStyle))
#25 /Users/georgeabouzeid/Herd/immigrationclaude/vendor/symfony/console/Application.php(1117): Illuminate\\Console\\Command->run(Object(Symfony\\Component\\Console\\Input\\ArgvInput), Object(Symfony\\Component\\Console\\Output\\ConsoleOutput))
#26 /Users/georgeabouzeid/Herd/immigrationclaude/vendor/symfony/console/Application.php(356): Symfony\\Component\\Console\\Application->doRunCommand(Object(Illuminate\\Database\\Console\\Migrations\\MigrateCommand), Object(Symfony\\Component\\Console\\Input\\ArgvInput), Object(Symfony\\Component\\Console\\Output\\ConsoleOutput))
#27 /Users/georgeabouzeid/Herd/immigrationclaude/vendor/symfony/console/Application.php(195): Symfony\\Component\\Console\\Application->doRun(Object(Symfony\\Component\\Console\\Input\\ArgvInput), Object(Symfony\\Component\\Console\\Output\\ConsoleOutput))
#28 /Users/georgeabouzeid/Herd/immigrationclaude/vendor/laravel/framework/src/Illuminate/Foundation/Console/Kernel.php(198): Symfony\\Component\\Console\\Application->run(Object(Symfony\\Component\\Console\\Input\\ArgvInput), Object(Symfony\\Component\\Console\\Output\\ConsoleOutput))
#29 /Users/georgeabouzeid/Herd/immigrationclaude/vendor/laravel/framework/src/Illuminate/Foundation/Application.php(1235): Illuminate\\Foundation\\Console\\Kernel->handle(Object(Symfony\\Component\\Console\\Input\\ArgvInput), Object(Symfony\\Component\\Console\\Output\\ConsoleOutput))
#30 /Users/georgeabouzeid/Herd/immigrationclaude/artisan(13): Illuminate\\Foundation\\Application->handleCommand(Object(Symfony\\Component\\Console\\Input\\ArgvInput))
#31 {main}

[previous exception] [object] (PDOException(code: 2006): SQLSTATE[HY000] [2006] MySQL server has gone away at /Users/georgeabouzeid/Herd/immigrationclaude/vendor/laravel/framework/src/Illuminate/Database/Connectors/Connector.php:67)
[stacktrace]
#0 /Users/georgeabouzeid/Herd/immigrationclaude/vendor/laravel/framework/src/Illuminate/Database/Connectors/Connector.php(67): PDO::connect('mysql:host=main...', 'root', Object(SensitiveParameterValue), Array)
#1 /Users/georgeabouzeid/Herd/immigrationclaude/vendor/laravel/framework/src/Illuminate/Database/Connectors/Connector.php(85): Illuminate\\Database\\Connectors\\Connector->createPdoConnection('mysql:host=main...', 'root', Object(SensitiveParameterValue), Array)
#2 /Users/georgeabouzeid/Herd/immigrationclaude/vendor/laravel/framework/src/Illuminate/Database/Connectors/Connector.php(48): Illuminate\\Database\\Connectors\\Connector->tryAgainIfCausedByLostConnection(Object(PDOException), 'mysql:host=main...', 'root', Object(SensitiveParameterValue), Array)
#3 /Users/georgeabouzeid/Herd/immigrationclaude/vendor/laravel/framework/src/Illuminate/Database/Connectors/MySqlConnector.php(24): Illuminate\\Database\\Connectors\\Connector->createConnection('mysql:host=main...', Array, Array)
#4 /Users/georgeabouzeid/Herd/immigrationclaude/vendor/laravel/framework/src/Illuminate/Database/Connectors/ConnectionFactory.php(185): Illuminate\\Database\\Connectors\\MySqlConnector->connect(Array)
#5 [internal function]: Illuminate\\Database\\Connectors\\ConnectionFactory->{closure:Illuminate\\Database\\Connectors\\ConnectionFactory::createPdoResolverWithHosts():180}()
#6 /Users/georgeabouzeid/Herd/immigrationclaude/vendor/laravel/framework/src/Illuminate/Database/Connection.php(1231): call_user_func(Object(Closure))
#7 /Users/georgeabouzeid/Herd/immigrationclaude/vendor/laravel/framework/src/Illuminate/Database/Connection.php(1267): Illuminate\\Database\\Connection->getPdo()
#8 /Users/georgeabouzeid/Herd/immigrationclaude/vendor/laravel/framework/src/Illuminate/Database/Connection.php(512): Illuminate\\Database\\Connection->getReadPdo()
#9 /Users/georgeabouzeid/Herd/immigrationclaude/vendor/laravel/framework/src/Illuminate/Database/Connection.php(407): Illuminate\\Database\\Connection->getPdoForSelect(true)
#10 /Users/georgeabouzeid/Herd/immigrationclaude/vendor/laravel/framework/src/Illuminate/Database/Connection.php(812): Illuminate\\Database\\Connection->{closure:Illuminate\\Database\\Connection::select():398}('select exists (...', Array)
#11 /Users/georgeabouzeid/Herd/immigrationclaude/vendor/laravel/framework/src/Illuminate/Database/Connection.php(979): Illuminate\\Database\\Connection->runQueryCallback('select exists (...', Array, Object(Closure))
#12 /Users/georgeabouzeid/Herd/immigrationclaude/vendor/laravel/framework/src/Illuminate/Database/Connection.php(958): Illuminate\\Database\\Connection->tryAgainIfCausedByLostConnection(Object(Illuminate\\Database\\QueryException), 'select exists (...', Array, Object(Closure))
#13 /Users/georgeabouzeid/Herd/immigrationclaude/vendor/laravel/framework/src/Illuminate/Database/Connection.php(781): Illuminate\\Database\\Connection->handleQueryException(Object(Illuminate\\Database\\QueryException), 'select exists (...', Array, Object(Closure))
#14 /Users/georgeabouzeid/Herd/immigrationclaude/vendor/laravel/framework/src/Illuminate/Database/Connection.php(398): Illuminate\\Database\\Connection->run('select exists (...', Array, Object(Closure))
#15 /Users/georgeabouzeid/Herd/immigrationclaude/vendor/laravel/framework/src/Illuminate/Database/Connection.php(344): Illuminate\\Database\\Connection->select('select exists (...', Array, true)
#16 /Users/georgeabouzeid/Herd/immigrationclaude/vendor/laravel/framework/src/Illuminate/Database/Connection.php(361): Illuminate\\Database\\Connection->selectOne('select exists (...', Array, true)
#17 /Users/georgeabouzeid/Herd/immigrationclaude/vendor/laravel/framework/src/Illuminate/Database/Schema/MySqlBuilder.php(45): Illuminate\\Database\\Connection->scalar('select exists (...')
#18 /Users/georgeabouzeid/Herd/immigrationclaude/vendor/laravel/framework/src/Illuminate/Database/Migrations/DatabaseMigrationRepository.php(184): Illuminate\\Database\\Schema\\MySqlBuilder->hasTable('migrations')
#19 /Users/georgeabouzeid/Herd/immigrationclaude/vendor/laravel/framework/src/Illuminate/Database/Migrations/Migrator.php(742): Illuminate\\Database\\Migrations\\DatabaseMigrationRepository->repositoryExists()
#20 /Users/georgeabouzeid/Herd/immigrationclaude/vendor/laravel/framework/src/Illuminate/Database/Console/Migrations/MigrateCommand.php(165): Illuminate\\Database\\Migrations\\Migrator->repositoryExists()
#21 /Users/georgeabouzeid/Herd/immigrationclaude/vendor/laravel/framework/src/Illuminate/Support/helpers.php(338): Illuminate\\Database\\Console\\Migrations\\MigrateCommand->{closure:Illuminate\\Database\\Console\\Migrations\\MigrateCommand::repositoryExists():165}(1)
#22 /Users/georgeabouzeid/Herd/immigrationclaude/vendor/laravel/framework/src/Illuminate/Database/Console/Migrations/MigrateCommand.php(165): retry(1, Object(Closure), 0, Object(Closure))
#23 /Users/georgeabouzeid/Herd/immigrationclaude/vendor/laravel/framework/src/Illuminate/Database/Console/Migrations/MigrateCommand.php(141): Illuminate\\Database\\Console\\Migrations\\MigrateCommand->repositoryExists()
#24 /Users/georgeabouzeid/Herd/immigrationclaude/vendor/laravel/framework/src/Illuminate/Database/Console/Migrations/MigrateCommand.php(111): Illuminate\\Database\\Console\\Migrations\\MigrateCommand->prepareDatabase()
#25 /Users/georgeabouzeid/Herd/immigrationclaude/vendor/laravel/framework/src/Illuminate/Database/Migrations/Migrator.php(658): Illuminate\\Database\\Console\\Migrations\\MigrateCommand->{closure:Illuminate\\Database\\Console\\Migrations\\MigrateCommand::runMigrations():110}()
#26 /Users/georgeabouzeid/Herd/immigrationclaude/vendor/laravel/framework/src/Illuminate/Database/Console/Migrations/MigrateCommand.php(110): Illuminate\\Database\\Migrations\\Migrator->usingConnection(NULL, Object(Closure))
#27 /Users/georgeabouzeid/Herd/immigrationclaude/vendor/laravel/framework/src/Illuminate/Database/Console/Migrations/MigrateCommand.php(89): Illuminate\\Database\\Console\\Migrations\\MigrateCommand->runMigrations()
#28 /Users/georgeabouzeid/Herd/immigrationclaude/vendor/laravel/framework/src/Illuminate/Container/BoundMethod.php(36): Illuminate\\Database\\Console\\Migrations\\MigrateCommand->handle()
#29 /Users/georgeabouzeid/Herd/immigrationclaude/vendor/laravel/framework/src/Illuminate/Container/Util.php(43): Illuminate\\Container\\BoundMethod::{closure:Illuminate\\Container\\BoundMethod::call():35}()
#30 /Users/georgeabouzeid/Herd/immigrationclaude/vendor/laravel/framework/src/Illuminate/Container/BoundMethod.php(95): Illuminate\\Container\\Util::unwrapIfClosure(Object(Closure))
#31 /Users/georgeabouzeid/Herd/immigrationclaude/vendor/laravel/framework/src/Illuminate/Container/BoundMethod.php(35): Illuminate\\Container\\BoundMethod::callBoundMethod(Object(Illuminate\\Foundation\\Application), Array, Object(Closure))
#32 /Users/georgeabouzeid/Herd/immigrationclaude/vendor/laravel/framework/src/Illuminate/Container/Container.php(696): Illuminate\\Container\\BoundMethod::call(Object(Illuminate\\Foundation\\Application), Array, Array, NULL)
#33 /Users/georgeabouzeid/Herd/immigrationclaude/vendor/laravel/framework/src/Illuminate/Console/Command.php(213): Illuminate\\Container\\Container->call(Array)
#34 /Users/georgeabouzeid/Herd/immigrationclaude/vendor/symfony/console/Command/Command.php(341): Illuminate\\Console\\Command->execute(Object(Symfony\\Component\\Console\\Input\\ArgvInput), Object(Illuminate\\Console\\OutputStyle))
#35 /Users/georgeabouzeid/Herd/immigrationclaude/vendor/laravel/framework/src/Illuminate/Console/Command.php(182): Symfony\\Component\\Console\\Command\\Command->run(Object(Symfony\\Component\\Console\\Input\\ArgvInput), Object(Illuminate\\Console\\OutputStyle))
#36 /Users/georgeabouzeid/Herd/immigrationclaude/vendor/symfony/console/Application.php(1117): Illuminate\\Console\\Command->run(Object(Symfony\\Component\\Console\\Input\\ArgvInput), Object(Symfony\\Component\\Console\\Output\\ConsoleOutput))
#37 /Users/georgeabouzeid/Herd/immigrationclaude/vendor/symfony/console/Application.php(356): Symfony\\Component\\Console\\Application->doRunCommand(Object(Illuminate\\Database\\Console\\Migrations\\MigrateCommand), Object(Symfony\\Component\\Console\\Input\\ArgvInput), Object(Symfony\\Component\\Console\\Output\\ConsoleOutput))
#38 /Users/georgeabouzeid/Herd/immigrationclaude/vendor/symfony/console/Application.php(195): Symfony\\Component\\Console\\Application->doRun(Object(Symfony\\Component\\Console\\Input\\ArgvInput), Object(Symfony\\Component\\Console\\Output\\ConsoleOutput))
#39 /Users/georgeabouzeid/Herd/immigrationclaude/vendor/laravel/framework/src/Illuminate/Foundation/Console/Kernel.php(198): Symfony\\Component\\Console\\Application->run(Object(Symfony\\Component\\Console\\Input\\ArgvInput), Object(Symfony\\Component\\Console\\Output\\ConsoleOutput))
#40 /Users/georgeabouzeid/Herd/immigrationclaude/vendor/laravel/framework/src/Illuminate/Foundation/Application.php(1235): Illuminate\\Foundation\\Console\\Kernel->handle(Object(Symfony\\Component\\Console\\Input\\ArgvInput), Object(Symfony\\Component\\Console\\Output\\ConsoleOutput))
#41 /Users/georgeabouzeid/Herd/immigrationclaude/artisan(13): Illuminate\\Foundation\\Application->handleCommand(Object(Symfony\\Component\\Console\\Input\\ArgvInput))
#42 {main}

[previous exception] [object] (PDOException(code: 0): PDO::connect(): Error while reading greeting packet. PID=59036 at /Users/georgeabouzeid/Herd/immigrationclaude/vendor/laravel/framework/src/Illuminate/Database/Connectors/Connector.php:67)
[stacktrace]
#0 /Users/georgeabouzeid/Herd/immigrationclaude/vendor/laravel/framework/src/Illuminate/Database/Connectors/Connector.php(67): PDO::connect('mysql:host=main...', 'root', Object(SensitiveParameterValue), Array)
#1 /Users/georgeabouzeid/Herd/immigrationclaude/vendor/laravel/framework/src/Illuminate/Database/Connectors/Connector.php(85): Illuminate\\Database\\Connectors\\Connector->createPdoConnection('mysql:host=main...', 'root', Object(SensitiveParameterValue), Array)
#2 /Users/georgeabouzeid/Herd/immigrationclaude/vendor/laravel/framework/src/Illuminate/Database/Connectors/Connector.php(48): Illuminate\\Database\\Connectors\\Connector->tryAgainIfCausedByLostConnection(Object(PDOException), 'mysql:host=main...', 'root', Object(SensitiveParameterValue), Array)
#3 /Users/georgeabouzeid/Herd/immigrationclaude/vendor/laravel/framework/src/Illuminate/Database/Connectors/MySqlConnector.php(24): Illuminate\\Database\\Connectors\\Connector->createConnection('mysql:host=main...', Array, Array)
#4 /Users/georgeabouzeid/Herd/immigrationclaude/vendor/laravel/framework/src/Illuminate/Database/Connectors/ConnectionFactory.php(185): Illuminate\\Database\\Connectors\\MySqlConnector->connect(Array)
#5 [internal function]: Illuminate\\Database\\Connectors\\ConnectionFactory->{closure:Illuminate\\Database\\Connectors\\ConnectionFactory::createPdoResolverWithHosts():180}()
#6 /Users/georgeabouzeid/Herd/immigrationclaude/vendor/laravel/framework/src/Illuminate/Database/Connection.php(1231): call_user_func(Object(Closure))
#7 /Users/georgeabouzeid/Herd/immigrationclaude/vendor/laravel/framework/src/Illuminate/Database/Connection.php(1267): Illuminate\\Database\\Connection->getPdo()
#8 /Users/georgeabouzeid/Herd/immigrationclaude/vendor/laravel/framework/src/Illuminate/Database/Connection.php(512): Illuminate\\Database\\Connection->getReadPdo()
#9 /Users/georgeabouzeid/Herd/immigrationclaude/vendor/laravel/framework/src/Illuminate/Database/Connection.php(407): Illuminate\\Database\\Connection->getPdoForSelect(true)
#10 /Users/georgeabouzeid/Herd/immigrationclaude/vendor/laravel/framework/src/Illuminate/Database/Connection.php(812): Illuminate\\Database\\Connection->{closure:Illuminate\\Database\\Connection::select():398}('select exists (...', Array)
#11 /Users/georgeabouzeid/Herd/immigrationclaude/vendor/laravel/framework/src/Illuminate/Database/Connection.php(979): Illuminate\\Database\\Connection->runQueryCallback('select exists (...', Array, Object(Closure))
#12 /Users/georgeabouzeid/Herd/immigrationclaude/vendor/laravel/framework/src/Illuminate/Database/Connection.php(958): Illuminate\\Database\\Connection->tryAgainIfCausedByLostConnection(Object(Illuminate\\Database\\QueryException), 'select exists (...', Array, Object(Closure))
#13 /Users/georgeabouzeid/Herd/immigrationclaude/vendor/laravel/framework/src/Illuminate/Database/Connection.php(781): Illuminate\\Database\\Connection->handleQueryException(Object(Illuminate\\Database\\QueryException), 'select exists (...', Array, Object(Closure))
#14 /Users/georgeabouzeid/Herd/immigrationclaude/vendor/laravel/framework/src/Illuminate/Database/Connection.php(398): Illuminate\\Database\\Connection->run('select exists (...', Array, Object(Closure))
#15 /Users/georgeabouzeid/Herd/immigrationclaude/vendor/laravel/framework/src/Illuminate/Database/Connection.php(344): Illuminate\\Database\\Connection->select('select exists (...', Array, true)
#16 /Users/georgeabouzeid/Herd/immigrationclaude/vendor/laravel/framework/src/Illuminate/Database/Connection.php(361): Illuminate\\Database\\Connection->selectOne('select exists (...', Array, true)
#17 /Users/georgeabouzeid/Herd/immigrationclaude/vendor/laravel/framework/src/Illuminate/Database/Schema/MySqlBuilder.php(45): Illuminate\\Database\\Connection->scalar('select exists (...')
#18 /Users/georgeabouzeid/Herd/immigrationclaude/vendor/laravel/framework/src/Illuminate/Database/Migrations/DatabaseMigrationRepository.php(184): Illuminate\\Database\\Schema\\MySqlBuilder->hasTable('migrations')
#19 /Users/georgeabouzeid/Herd/immigrationclaude/vendor/laravel/framework/src/Illuminate/Database/Migrations/Migrator.php(742): Illuminate\\Database\\Migrations\\DatabaseMigrationRepository->repositoryExists()
#20 /Users/georgeabouzeid/Herd/immigrationclaude/vendor/laravel/framework/src/Illuminate/Database/Console/Migrations/MigrateCommand.php(165): Illuminate\\Database\\Migrations\\Migrator->repositoryExists()
#21 /Users/georgeabouzeid/Herd/immigrationclaude/vendor/laravel/framework/src/Illuminate/Support/helpers.php(338): Illuminate\\Database\\Console\\Migrations\\MigrateCommand->{closure:Illuminate\\Database\\Console\\Migrations\\MigrateCommand::repositoryExists():165}(1)
#22 /Users/georgeabouzeid/Herd/immigrationclaude/vendor/laravel/framework/src/Illuminate/Database/Console/Migrations/MigrateCommand.php(165): retry(1, Object(Closure), 0, Object(Closure))
#23 /Users/georgeabouzeid/Herd/immigrationclaude/vendor/laravel/framework/src/Illuminate/Database/Console/Migrations/MigrateCommand.php(141): Illuminate\\Database\\Console\\Migrations\\MigrateCommand->repositoryExists()
#24 /Users/georgeabouzeid/Herd/immigrationclaude/vendor/laravel/framework/src/Illuminate/Database/Console/Migrations/MigrateCommand.php(111): Illuminate\\Database\\Console\\Migrations\\MigrateCommand->prepareDatabase()
#25 /Users/georgeabouzeid/Herd/immigrationclaude/vendor/laravel/framework/src/Illuminate/Database/Migrations/Migrator.php(658): Illuminate\\Database\\Console\\Migrations\\MigrateCommand->{closure:Illuminate\\Database\\Console\\Migrations\\MigrateCommand::runMigrations():110}()
#26 /Users/georgeabouzeid/Herd/immigrationclaude/vendor/laravel/framework/src/Illuminate/Database/Console/Migrations/MigrateCommand.php(110): Illuminate\\Database\\Migrations\\Migrator->usingConnection(NULL, Object(Closure))
#27 /Users/georgeabouzeid/Herd/immigrationclaude/vendor/laravel/framework/src/Illuminate/Database/Console/Migrations/MigrateCommand.php(89): Illuminate\\Database\\Console\\Migrations\\MigrateCommand->runMigrations()
#28 /Users/georgeabouzeid/Herd/immigrationclaude/vendor/laravel/framework/src/Illuminate/Container/BoundMethod.php(36): Illuminate\\Database\\Console\\Migrations\\MigrateCommand->handle()
#29 /Users/georgeabouzeid/Herd/immigrationclaude/vendor/laravel/framework/src/Illuminate/Container/Util.php(43): Illuminate\\Container\\BoundMethod::{closure:Illuminate\\Container\\BoundMethod::call():35}()
#30 /Users/georgeabouzeid/Herd/immigrationclaude/vendor/laravel/framework/src/Illuminate/Container/BoundMethod.php(95): Illuminate\\Container\\Util::unwrapIfClosure(Object(Closure))
#31 /Users/georgeabouzeid/Herd/immigrationclaude/vendor/laravel/framework/src/Illuminate/Container/BoundMethod.php(35): Illuminate\\Container\\BoundMethod::callBoundMethod(Object(Illuminate\\Foundation\\Application), Array, Object(Closure))
#32 /Users/georgeabouzeid/Herd/immigrationclaude/vendor/laravel/framework/src/Illuminate/Container/Container.php(696): Illuminate\\Container\\BoundMethod::call(Object(Illuminate\\Foundation\\Application), Array, Array, NULL)
#33 /Users/georgeabouzeid/Herd/immigrationclaude/vendor/laravel/framework/src/Illuminate/Console/Command.php(213): Illuminate\\Container\\Container->call(Array)
#34 /Users/georgeabouzeid/Herd/immigrationclaude/vendor/symfony/console/Command/Command.php(341): Illuminate\\Console\\Command->execute(Object(Symfony\\Component\\Console\\Input\\ArgvInput), Object(Illuminate\\Console\\OutputStyle))
#35 /Users/georgeabouzeid/Herd/immigrationclaude/vendor/laravel/framework/src/Illuminate/Console/Command.php(182): Symfony\\Component\\Console\\Command\\Command->run(Object(Symfony\\Component\\Console\\Input\\ArgvInput), Object(Illuminate\\Console\\OutputStyle))
#36 /Users/georgeabouzeid/Herd/immigrationclaude/vendor/symfony/console/Application.php(1117): Illuminate\\Console\\Command->run(Object(Symfony\\Component\\Console\\Input\\ArgvInput), Object(Symfony\\Component\\Console\\Output\\ConsoleOutput))
#37 /Users/georgeabouzeid/Herd/immigrationclaude/vendor/symfony/console/Application.php(356): Symfony\\Component\\Console\\Application->doRunCommand(Object(Illuminate\\Database\\Console\\Migrations\\MigrateCommand), Object(Symfony\\Component\\Console\\Input\\ArgvInput), Object(Symfony\\Component\\Console\\Output\\ConsoleOutput))
#38 /Users/georgeabouzeid/Herd/immigrationclaude/vendor/symfony/console/Application.php(195): Symfony\\Component\\Console\\Application->doRun(Object(Symfony\\Component\\Console\\Input\\ArgvInput), Object(Symfony\\Component\\Console\\Output\\ConsoleOutput))
#39 /Users/georgeabouzeid/Herd/immigrationclaude/vendor/laravel/framework/src/Illuminate/Foundation/Console/Kernel.php(198): Symfony\\Component\\Console\\Application->run(Object(Symfony\\Component\\Console\\Input\\ArgvInput), Object(Symfony\\Component\\Console\\Output\\ConsoleOutput))
#40 /Users/georgeabouzeid/Herd/immigrationclaude/vendor/laravel/framework/src/Illuminate/Foundation/Application.php(1235): Illuminate\\Foundation\\Console\\Kernel->handle(Object(Symfony\\Component\\Console\\Input\\ArgvInput), Object(Symfony\\Component\\Console\\Output\\ConsoleOutput))
#41 /Users/georgeabouzeid/Herd/immigrationclaude/artisan(13): Illuminate\\Foundation\\Application->handleCommand(Object(Symfony\\Component\\Console\\Input\\ArgvInput))
#42 {main}
"} 
>>>>>>> Stashed changes
[2026-04-10 13:23:26] local.INFO: AddressDetails show page opened. {"user_id":46,"route":"address-detail","ip":"127.0.0.1"} 
[2026-04-10 13:25:44] local.INFO: AddressDetails show page opened. {"user_id":46,"route":"address-detail","ip":"127.0.0.1"} 
[2026-04-10 13:25:52] local.INFO: AddressDetails show page opened. {"user_id":46,"route":"address-detail","ip":"127.0.0.1"} 
[2026-04-10 13:26:52] local.INFO: AddressDetails show page opened. {"user_id":46,"route":"address-detail","ip":"127.0.0.1"} 
[2026-04-10 13:32:49] local.INFO: AddressDetails show page opened. {"user_id":47,"route":"address-detail","ip":"127.0.0.1"} 
[2026-04-10 13:32:49] local.INFO: AddressDetails show page opened. {"user_id":47,"route":"address-detail","ip":"127.0.0.1"} 
[2026-04-10 13:32:59] local.INFO: AddressDetails autocomplete requested. {"user_id":47,"query":"njjj","country":null,"ip":"127.0.0.1","has_api_key":true} 
[2026-04-10 13:33:00] local.INFO: AddressDetails autocomplete requested. {"user_id":47,"query":"njj","country":null,"ip":"127.0.0.1","has_api_key":true} 
[2026-04-10 13:33:03] local.INFO: AddressDetails autocomplete requested. {"user_id":47,"query":"hiuu","country":null,"ip":"127.0.0.1","has_api_key":true} 
[2026-04-10 13:33:11] local.INFO: AddressDetails autocomplete resolved place. {"user_id":47,"query":"njj","place":"places/ChIJH1noifHe_hURyExPbhgT4HU","formatted":"NJJA4572، 4572 محمد موسى جابر الريثي، 6347، حي الشرفة الشمالية، Najran 66247, Saudi Arabia"} 
[2026-04-10 13:33:11] local.INFO: AddressDetails autocomplete resolved place. {"user_id":47,"query":"hiuu","place":"places/ChIJ_6l4gz-SaS4RWJKQdy4zRpE","formatted":"Jl. Tengah Blok Hulu Air No.73, RT.001/RW.007, Bantargebang, Kec. Bantar Gebang, Kota Bks, Jawa Barat 17151, Indonesia"} 
[2026-04-10 13:33:11] local.INFO: AddressDetails autocomplete resolved place. {"user_id":47,"query":"njjj","place":"places/ChIJ93HW3lHe_hURcLhLjem8Os0","formatted":"NJJJ4053، 4053 سلطان بن عبد العزيز، 7928، حي الشرفة الجنوبية، نجران 66248, Saudi Arabia"} 
[2026-04-10 13:33:18] local.INFO: AddressDetails autocomplete requested. {"user_id":47,"query":"4053 سلطان بن عبد العزي","country":null,"ip":"127.0.0.1","has_api_key":true} 
[2026-04-10 13:33:21] local.INFO: AddressDetails autocomplete resolved place. {"user_id":47,"query":"4053 سلطان بن عبد العزي","place":"places/ChIJ93HW3lHe_hURcLhLjem8Os0","formatted":"NJJJ4053، 4053 سلطان بن عبد العزيز، 7928، حي الشرفة الجنوبية، نجران 66248, Saudi Arabia"} 
[2026-04-10 13:33:25] local.INFO: AddressDetails autocomplete requested. {"user_id":47,"query":"4053 سلطان بن عبد العزيزu","country":null,"ip":"127.0.0.1","has_api_key":true} 
[2026-04-10 13:33:25] local.INFO: AddressDetails autocomplete requested. {"user_id":47,"query":"4053 سلطان بن عبد العزيزuuuuuuuuuuu","country":null,"ip":"127.0.0.1","has_api_key":true} 
[2026-04-10 13:33:26] local.INFO: AddressDetails autocomplete requested. {"user_id":47,"query":"4053 سلطان بن عبد العزيزuuuuuuuuuu","country":null,"ip":"127.0.0.1","has_api_key":true} 
[2026-04-10 13:33:27] local.INFO: AddressDetails autocomplete resolved place. {"user_id":47,"query":"4053 سلطان بن عبد العزيزu","place":"places/ChIJ93HW3lHe_hURcLhLjem8Os0","formatted":"NJJJ4053، 4053 سلطان بن عبد العزيز، 7928، حي الشرفة الجنوبية، نجران 66248, Saudi Arabia"} 
[2026-04-10 13:33:28] local.INFO: AddressDetails autocomplete requested. {"user_id":47,"query":"4053 سلطان بن عبد العزيز","country":null,"ip":"127.0.0.1","has_api_key":true} 
[2026-04-10 13:33:29] local.INFO: AddressDetails autocomplete resolved place. {"user_id":47,"query":"4053 سلطان بن عبد العزيزuuuuuuuuuuu","place":"places/ChIJ93HW3lHe_hURcLhLjem8Os0","formatted":"NJJJ4053، 4053 سلطان بن عبد العزيز، 7928، حي الشرفة الجنوبية، نجران 66248, Saudi Arabia"} 
[2026-04-10 13:33:29] local.INFO: AddressDetails autocomplete resolved place. {"user_id":47,"query":"4053 سلطان بن عبد العزيزuuuuuuuuuu","place":"places/ChIJ93HW3lHe_hURcLhLjem8Os0","formatted":"NJJJ4053، 4053 سلطان بن عبد العزيز، 7928، حي الشرفة الجنوبية، نجران 66248, Saudi Arabia"} 
[2026-04-10 13:33:31] local.INFO: AddressDetails autocomplete resolved place. {"user_id":47,"query":"4053 سلطان بن عبد العزيز","place":"places/ChIJ93HW3lHe_hURcLhLjem8Os0","formatted":"NJJJ4053، 4053 سلطان بن عبد العزيز، 7928، حي الشرفة الجنوبية، نجران 66248, Saudi Arabia"} 
[2026-04-10 13:38:31] local.INFO: AddressDetails sendOtp request received. {"user_id":47,"route":"address-detail","ip":"127.0.0.1","address_payload":{"address":"4053 سلطان بن عبد العزيز","city":"نجران","state":"Najran Province","country":"SA","postal_code":"66248","preferred_language":"en","serve_client_in_location":true},"has_phone":false} 
[2026-04-10 13:38:31] local.INFO: AddressDetails sendOtp validated payload. {"user_id":47,"validated":{"address":"4053 سلطان بن عبد العزيز","city":"نجران","state":"Najran Province","country":"SA","postal_code":"66248","preferred_language":"en"}} 
[2026-04-10 13:38:31] local.INFO: AddressDetails sendOtp persisted user address details. {"user_id":47,"saved":{"address":"4053 سلطان بن عبد العزيز","city":"نجران","state":"Najran Province","country":"SA","postal_code":"66248","preferred_language":"en"}} 
[2026-04-10 13:38:31] local.INFO: AddressDetails sendOtp completed without phone send; redirecting to OTP step. {"user_id":47} 
[2026-04-10 13:38:42] local.INFO: AddressDetails sendOtp request received. {"user_id":47,"route":"address-detail","ip":"127.0.0.1","address_payload":{"address":null,"city":null,"state":null,"country":null,"postal_code":null,"preferred_language":null,"serve_client_in_location":false},"has_phone":true} 
[2026-04-10 13:38:42] local.INFO: AddressDetails sendOtp validated payload. {"user_id":47,"validated":{"phone":"2621234567890"}} 
[2026-04-10 13:38:42] local.INFO: AddressDetails sendOtp persisted user address details. {"user_id":47,"saved":{"address":"4053 سلطان بن عبد العزيز","city":"نجران","state":"Najran Province","country":"SA","postal_code":"66248","preferred_language":"en"}} 
[2026-04-10 13:38:43] local.INFO: Phone verification OTP {"user_id":47,"phone":"2621234567890","code":"884506","hint":"Replace with SMS in production; OTP is logged for development."} 
[2026-04-10 13:38:43] local.INFO: AddressDetails sendOtp OTP sent successfully. {"user_id":47,"phone_last4":"7890"} 
[2026-04-10 13:45:06] local.ERROR: SQLSTATE[42S22]: Column not found: 1054 Unknown column 'background_check_status' in 'where clause' (Connection: mysql, SQL: select count(*) as aggregate from `service_providers` where `background_check_status` = clear and `service_providers`.`deleted_at` is null) {"userId":48,"exception":"[object] (Illuminate\\Database\\QueryException(code: 42S22): SQLSTATE[42S22]: Column not found: 1054 Unknown column 'background_check_status' in 'where clause' (Connection: mysql, SQL: select count(*) as aggregate from `service_providers` where `background_check_status` = clear and `service_providers`.`deleted_at` is null) at C:/Users/Lidiya Getale/Herd/immigrationknowhow/vendor/laravel/framework/src/Illuminate/Database/Connection.php:825)
[stacktrace]
#0 C:/Users/Lidiya Getale/Herd/immigrationknowhow/vendor/laravel/framework/src/Illuminate/Database/Connection.php(779): Illuminate/Database/Connection->runQueryCallback('select count(*)...', Array, Object(Closure))
#1 C:/Users/Lidiya Getale/Herd/immigrationknowhow/vendor/laravel/framework/src/Illuminate/Database/Connection.php(398): Illuminate/Database/Connection->run('select count(*)...', Array, Object(Closure))
#2 C:/Users/Lidiya Getale/Herd/immigrationknowhow/vendor/laravel/framework/src/Illuminate/Database/Query/Builder.php(3106): Illuminate/Database/Connection->select('select count(*)...', Array, true)
#3 C:/Users/Lidiya Getale/Herd/immigrationknowhow/vendor/laravel/framework/src/Illuminate/Database/Query/Builder.php(3091): Illuminate/Database/Query/Builder->runSelect()
#4 C:/Users/Lidiya Getale/Herd/immigrationknowhow/vendor/laravel/framework/src/Illuminate/Database/Query/Builder.php(3676): Illuminate/Database/Query/Builder->{closure:Illuminate/Database/Query/Builder::get():3090}()
#5 C:/Users/Lidiya Getale/Herd/immigrationknowhow/vendor/laravel/framework/src/Illuminate/Database/Query/Builder.php(3090): Illuminate/Database/Query/Builder->onceWithColumns(Array, Object(Closure))
#6 C:/Users/Lidiya Getale/Herd/immigrationknowhow/vendor/laravel/framework/src/Illuminate/Database/Query/Builder.php(3603): Illuminate/Database/Query/Builder->get(Array)
#7 C:/Users/Lidiya Getale/Herd/immigrationknowhow/vendor/laravel/framework/src/Illuminate/Database/Query/Builder.php(3531): Illuminate/Database/Query/Builder->aggregate('count', Array)
#8 C:/Users/Lidiya Getale/Herd/immigrationknowhow/vendor/laravel/framework/src/Illuminate/Database/Eloquent/Builder.php(2120): Illuminate/Database/Query/Builder->count()
#9 C:/Users/Lidiya Getale/Herd/immigrationknowhow/app/Http/Controllers/Admin/DashboardController.php(33): Illuminate/Database/Eloquent/Builder->__call('count', Array)
#10 C:/Users/Lidiya Getale/Herd/immigrationknowhow/vendor/laravel/framework/src/Illuminate/Routing/ControllerDispatcher.php(47): App/Http/Controllers/Admin/DashboardController->__invoke(Object(Illuminate/Http/Request))
#11 C:/Users/Lidiya Getale/Herd/immigrationknowhow/vendor/laravel/framework/src/Illuminate/Routing/Route.php(266): Illuminate/Routing/ControllerDispatcher->dispatch(Object(Illuminate/Routing/Route), Object(App/Http/Controllers/Admin/DashboardController), '__invoke')
#12 C:/Users/Lidiya Getale/Herd/immigrationknowhow/vendor/laravel/framework/src/Illuminate/Routing/Route.php(212): Illuminate/Routing/Route->runController()
#13 C:/Users/Lidiya Getale/Herd/immigrationknowhow/vendor/laravel/framework/src/Illuminate/Routing/Router.php(808): Illuminate/Routing/Route->run()
#14 C:/Users/Lidiya Getale/Herd/immigrationknowhow/vendor/laravel/framework/src/Illuminate/Pipeline/Pipeline.php(170): Illuminate/Routing/Router->{closure:Illuminate/Routing/Router::runRouteWithinStack():807}(Object(Illuminate/Http/Request))
#15 C:/Users/Lidiya Getale/Herd/immigrationknowhow/app/Http/Middleware/EnsureOnboardingComplete.php(30): Illuminate/Pipeline/Pipeline->{closure:Illuminate/Pipeline/Pipeline::prepareDestination():168}(Object(Illuminate/Http/Request))
#16 C:/Users/Lidiya Getale/Herd/immigrationknowhow/vendor/laravel/framework/src/Illuminate/Pipeline/Pipeline.php(209): App/Http/Middleware/EnsureOnboardingComplete->handle(Object(Illuminate/Http/Request), Object(Closure))
#17 C:/Users/Lidiya Getale/Herd/immigrationknowhow/vendor/spatie/laravel-permission/src/Middleware/RoleMiddleware.php(37): Illuminate/Pipeline/Pipeline->{closure:{closure:Illuminate/Pipeline/Pipeline::carry():184}:185}(Object(Illuminate/Http/Request))
#18 C:/Users/Lidiya Getale/Herd/immigrationknowhow/vendor/laravel/framework/src/Illuminate/Pipeline/Pipeline.php(209): Spatie/Permission/Middleware/RoleMiddleware->handle(Object(Illuminate/Http/Request), Object(Closure), 'admin|super_adm...')
#19 C:/Users/Lidiya Getale/Herd/immigrationknowhow/vendor/inertiajs/inertia-laravel/src/Middleware.php(87): Illuminate/Pipeline/Pipeline->{closure:{closure:Illuminate/Pipeline/Pipeline::carry():184}:185}(Object(Illuminate/Http/Request))
#20 C:/Users/Lidiya Getale/Herd/immigrationknowhow/vendor/laravel/framework/src/Illuminate/Pipeline/Pipeline.php(209): Inertia/Middleware->handle(Object(Illuminate/Http/Request), Object(Closure))
#21 C:/Users/Lidiya Getale/Herd/immigrationknowhow/vendor/laravel/framework/src/Illuminate/Routing/Middleware/SubstituteBindings.php(51): Illuminate/Pipeline/Pipeline->{closure:{closure:Illuminate/Pipeline/Pipeline::carry():184}:185}(Object(Illuminate/Http/Request))
#22 C:/Users/Lidiya Getale/Herd/immigrationknowhow/vendor/laravel/framework/src/Illuminate/Pipeline/Pipeline.php(209): Illuminate/Routing/Middleware/SubstituteBindings->handle(Object(Illuminate/Http/Request), Object(Closure))
#23 C:/Users/Lidiya Getale/Herd/immigrationknowhow/vendor/laravel/framework/src/Illuminate/Auth/Middleware/Authenticate.php(64): Illuminate/Pipeline/Pipeline->{closure:{closure:Illuminate/Pipeline/Pipeline::carry():184}:185}(Object(Illuminate/Http/Request))
#24 C:/Users/Lidiya Getale/Herd/immigrationknowhow/vendor/laravel/framework/src/Illuminate/Pipeline/Pipeline.php(209): Illuminate/Auth/Middleware/Authenticate->handle(Object(Illuminate/Http/Request), Object(Closure))
#25 C:/Users/Lidiya Getale/Herd/immigrationknowhow/vendor/laravel/framework/src/Illuminate/Foundation/Http/Middleware/VerifyCsrfToken.php(88): Illuminate/Pipeline/Pipeline->{closure:{closure:Illuminate/Pipeline/Pipeline::carry():184}:185}(Object(Illuminate/Http/Request))
#26 C:/Users/Lidiya Getale/Herd/immigrationknowhow/vendor/laravel/framework/src/Illuminate/Pipeline/Pipeline.php(209): Illuminate/Foundation/Http/Middleware/VerifyCsrfToken->handle(Object(Illuminate/Http/Request), Object(Closure))
#27 C:/Users/Lidiya Getale/Herd/immigrationknowhow/vendor/laravel/framework/src/Illuminate/View/Middleware/ShareErrorsFromSession.php(49): Illuminate/Pipeline/Pipeline->{closure:{closure:Illuminate/Pipeline/Pipeline::carry():184}:185}(Object(Illuminate/Http/Request))
#28 C:/Users/Lidiya Getale/Herd/immigrationknowhow/vendor/laravel/framework/src/Illuminate/Pipeline/Pipeline.php(209): Illuminate/View/Middleware/ShareErrorsFromSession->handle(Object(Illuminate/Http/Request), Object(Closure))
#29 C:/Users/Lidiya Getale/Herd/immigrationknowhow/vendor/laravel/framework/src/Illuminate/Session/Middleware/StartSession.php(121): Illuminate/Pipeline/Pipeline->{closure:{closure:Illuminate/Pipeline/Pipeline::carry():184}:185}(Object(Illuminate/Http/Request))
#30 C:/Users/Lidiya Getale/Herd/immigrationknowhow/vendor/laravel/framework/src/Illuminate/Session/Middleware/StartSession.php(64): Illuminate/Session/Middleware/StartSession->handleStatefulRequest(Object(Illuminate/Http/Request), Object(Illuminate/Session/Store), Object(Closure))
#31 C:/Users/Lidiya Getale/Herd/immigrationknowhow/vendor/laravel/framework/src/Illuminate/Pipeline/Pipeline.php(209): Illuminate/Session/Middleware/StartSession->handle(Object(Illuminate/Http/Request), Object(Closure))
#32 C:/Users/Lidiya Getale/Herd/immigrationknowhow/vendor/laravel/framework/src/Illuminate/Cookie/Middleware/AddQueuedCookiesToResponse.php(37): Illuminate/Pipeline/Pipeline->{closure:{closure:Illuminate/Pipeline/Pipeline::carry():184}:185}(Object(Illuminate/Http/Request))
#33 C:/Users/Lidiya Getale/Herd/immigrationknowhow/vendor/laravel/framework/src/Illuminate/Pipeline/Pipeline.php(209): Illuminate/Cookie/Middleware/AddQueuedCookiesToResponse->handle(Object(Illuminate/Http/Request), Object(Closure))
#34 C:/Users/Lidiya Getale/Herd/immigrationknowhow/vendor/laravel/framework/src/Illuminate/Cookie/Middleware/EncryptCookies.php(75): Illuminate/Pipeline/Pipeline->{closure:{closure:Illuminate/Pipeline/Pipeline::carry():184}:185}(Object(Illuminate/Http/Request))
#35 C:/Users/Lidiya Getale/Herd/immigrationknowhow/vendor/laravel/framework/src/Illuminate/Pipeline/Pipeline.php(209): Illuminate/Cookie/Middleware/EncryptCookies->handle(Object(Illuminate/Http/Request), Object(Closure))
#36 C:/Users/Lidiya Getale/Herd/immigrationknowhow/vendor/laravel/framework/src/Illuminate/Pipeline/Pipeline.php(127): Illuminate/Pipeline/Pipeline->{closure:{closure:Illuminate/Pipeline/Pipeline::carry():184}:185}(Object(Illuminate/Http/Request))
#37 C:/Users/Lidiya Getale/Herd/immigrationknowhow/vendor/laravel/framework/src/Illuminate/Routing/Router.php(807): Illuminate/Pipeline/Pipeline->then(Object(Closure))
#38 C:/Users/Lidiya Getale/Herd/immigrationknowhow/vendor/laravel/framework/src/Illuminate/Routing/Router.php(786): Illuminate/Routing/Router->runRouteWithinStack(Object(Illuminate/Routing/Route), Object(Illuminate/Http/Request))
#39 C:/Users/Lidiya Getale/Herd/immigrationknowhow/vendor/laravel/framework/src/Illuminate/Routing/Router.php(750): Illuminate/Routing/Router->runRoute(Object(Illuminate/Http/Request), Object(Illuminate/Routing/Route))
#40 C:/Users/Lidiya Getale/Herd/immigrationknowhow/vendor/laravel/framework/src/Illuminate/Routing/Router.php(739): Illuminate/Routing/Router->dispatchToRoute(Object(Illuminate/Http/Request))
#41 C:/Users/Lidiya Getale/Herd/immigrationknowhow/vendor/laravel/framework/src/Illuminate/Foundation/Http/Kernel.php(201): Illuminate/Routing/Router->dispatch(Object(Illuminate/Http/Request))
#42 C:/Users/Lidiya Getale/Herd/immigrationknowhow/vendor/laravel/framework/src/Illuminate/Pipeline/Pipeline.php(170): Illuminate/Foundation/Http/Kernel->{closure:Illuminate/Foundation/Http/Kernel::dispatchToRouter():198}(Object(Illuminate/Http/Request))
#43 C:/Users/Lidiya Getale/Herd/immigrationknowhow/vendor/laravel/framework/src/Illuminate/Foundation/Http/Middleware/TransformsRequest.php(21): Illuminate/Pipeline/Pipeline->{closure:Illuminate/Pipeline/Pipeline::prepareDestination():168}(Object(Illuminate/Http/Request))
#44 C:/Users/Lidiya Getale/Herd/immigrationknowhow/vendor/laravel/framework/src/Illuminate/Foundation/Http/Middleware/ConvertEmptyStringsToNull.php(31): Illuminate/Foundation/Http/Middleware/TransformsRequest->handle(Object(Illuminate/Http/Request), Object(Closure))
#45 C:/Users/Lidiya Getale/Herd/immigrationknowhow/vendor/laravel/framework/src/Illuminate/Pipeline/Pipeline.php(209): Illuminate/Foundation/Http/Middleware/ConvertEmptyStringsToNull->handle(Object(Illuminate/Http/Request), Object(Closure))
#46 C:/Users/Lidiya Getale/Herd/immigrationknowhow/vendor/laravel/framework/src/Illuminate/Foundation/Http/Middleware/TransformsRequest.php(21): Illuminate/Pipeline/Pipeline->{closure:{closure:Illuminate/Pipeline/Pipeline::carry():184}:185}(Object(Illuminate/Http/Request))
#47 C:/Users/Lidiya Getale/Herd/immigrationknowhow/vendor/laravel/framework/src/Illuminate/Foundation/Http/Middleware/TrimStrings.php(51): Illuminate/Foundation/Http/Middleware/TransformsRequest->handle(Object(Illuminate/Http/Request), Object(Closure))
#48 C:/Users/Lidiya Getale/Herd/immigrationknowhow/vendor/laravel/framework/src/Illuminate/Pipeline/Pipeline.php(209): Illuminate/Foundation/Http/Middleware/TrimStrings->handle(Object(Illuminate/Http/Request), Object(Closure))
#49 C:/Users/Lidiya Getale/Herd/immigrationknowhow/vendor/laravel/framework/src/Illuminate/Http/Middleware/ValidatePostSize.php(27): Illuminate/Pipeline/Pipeline->{closure:{closure:Illuminate/Pipeline/Pipeline::carry():184}:185}(Object(Illuminate/Http/Request))
#50 C:/Users/Lidiya Getale/Herd/immigrationknowhow/vendor/laravel/framework/src/Illuminate/Pipeline/Pipeline.php(209): Illuminate/Http/Middleware/ValidatePostSize->handle(Object(Illuminate/Http/Request), Object(Closure))
#51 C:/Users/Lidiya Getale/Herd/immigrationknowhow/vendor/laravel/framework/src/Illuminate/Foundation/Http/Middleware/PreventRequestsDuringMaintenance.php(110): Illuminate/Pipeline/Pipeline->{closure:{closure:Illuminate/Pipeline/Pipeline::carry():184}:185}(Object(Illuminate/Http/Request))
#52 C:/Users/Lidiya Getale/Herd/immigrationknowhow/vendor/laravel/framework/src/Illuminate/Pipeline/Pipeline.php(209): Illuminate/Foundation/Http/Middleware/PreventRequestsDuringMaintenance->handle(Object(Illuminate/Http/Request), Object(Closure))
#53 C:/Users/Lidiya Getale/Herd/immigrationknowhow/vendor/laravel/framework/src/Illuminate/Http/Middleware/HandleCors.php(49): Illuminate/Pipeline/Pipeline->{closure:{closure:Illuminate/Pipeline/Pipeline::carry():184}:185}(Object(Illuminate/Http/Request))
#54 C:/Users/Lidiya Getale/Herd/immigrationknowhow/vendor/laravel/framework/src/Illuminate/Pipeline/Pipeline.php(209): Illuminate/Http/Middleware/HandleCors->handle(Object(Illuminate/Http/Request), Object(Closure))
#55 C:/Users/Lidiya Getale/Herd/immigrationknowhow/vendor/laravel/framework/src/Illuminate/Http/Middleware/TrustProxies.php(58): Illuminate/Pipeline/Pipeline->{closure:{closure:Illuminate/Pipeline/Pipeline::carry():184}:185}(Object(Illuminate/Http/Request))
#56 C:/Users/Lidiya Getale/Herd/immigrationknowhow/vendor/laravel/framework/src/Illuminate/Pipeline/Pipeline.php(209): Illuminate/Http/Middleware/TrustProxies->handle(Object(Illuminate/Http/Request), Object(Closure))
#57 C:/Users/Lidiya Getale/Herd/immigrationknowhow/vendor/laravel/framework/src/Illuminate/Foundation/Http/Middleware/InvokeDeferredCallbacks.php(22): Illuminate/Pipeline/Pipeline->{closure:{closure:Illuminate/Pipeline/Pipeline::carry():184}:185}(Object(Illuminate/Http/Request))
#58 C:/Users/Lidiya Getale/Herd/immigrationknowhow/vendor/laravel/framework/src/Illuminate/Pipeline/Pipeline.php(209): Illuminate/Foundation/Http/Middleware/InvokeDeferredCallbacks->handle(Object(Illuminate/Http/Request), Object(Closure))
#59 C:/Users/Lidiya Getale/Herd/immigrationknowhow/vendor/laravel/framework/src/Illuminate/Pipeline/Pipeline.php(127): Illuminate/Pipeline/Pipeline->{closure:{closure:Illuminate/Pipeline/Pipeline::carry():184}:185}(Object(Illuminate/Http/Request))
#60 C:/Users/Lidiya Getale/Herd/immigrationknowhow/vendor/laravel/framework/src/Illuminate/Foundation/Http/Kernel.php(176): Illuminate/Pipeline/Pipeline->then(Object(Closure))
#61 C:/Users/Lidiya Getale/Herd/immigrationknowhow/vendor/laravel/framework/src/Illuminate/Foundation/Http/Kernel.php(145): Illuminate/Foundation/Http/Kernel->sendRequestThroughRouter(Object(Illuminate/Http/Request))
#62 C:/Users/Lidiya Getale/Herd/immigrationknowhow/vendor/laravel/framework/src/Illuminate/Foundation/Application.php(1220): Illuminate/Foundation/Http/Kernel->handle(Object(Illuminate/Http/Request))
#63 C:/Users/Lidiya Getale/Herd/immigrationknowhow/public/index.php(17): Illuminate/Foundation/Application->handleRequest(Object(Illuminate/Http/Request))
#64 C:/Program Files/Herd/resources/app.asar.unpacked/resources/valet/server.php(139): require('C://Users//Lidiya...')
#65 {main}

[previous exception] [object] (PDOException(code: 42S22): SQLSTATE[42S22]: Column not found: 1054 Unknown column 'background_check_status' in 'where clause' at C:/Users/Lidiya Getale/Herd/immigrationknowhow/vendor/laravel/framework/src/Illuminate/Database/Connection.php:407)
[stacktrace]
#0 C:/Users/Lidiya Getale/Herd/immigrationknowhow/vendor/laravel/framework/src/Illuminate/Database/Connection.php(407): PDO->prepare('select count(*)...')
#1 C:/Users/Lidiya Getale/Herd/immigrationknowhow/vendor/laravel/framework/src/Illuminate/Database/Connection.php(812): Illuminate/Database/Connection->{closure:Illuminate/Database/Connection::select():398}('select count(*)...', Array)
#2 C:/Users/Lidiya Getale/Herd/immigrationknowhow/vendor/laravel/framework/src/Illuminate/Database/Connection.php(779): Illuminate/Database/Connection->runQueryCallback('select count(*)...', Array, Object(Closure))
#3 C:/Users/Lidiya Getale/Herd/immigrationknowhow/vendor/laravel/framework/src/Illuminate/Database/Connection.php(398): Illuminate/Database/Connection->run('select count(*)...', Array, Object(Closure))
#4 C:/Users/Lidiya Getale/Herd/immigrationknowhow/vendor/laravel/framework/src/Illuminate/Database/Query/Builder.php(3106): Illuminate/Database/Connection->select('select count(*)...', Array, true)
#5 C:/Users/Lidiya Getale/Herd/immigrationknowhow/vendor/laravel/framework/src/Illuminate/Database/Query/Builder.php(3091): Illuminate/Database/Query/Builder->runSelect()
#6 C:/Users/Lidiya Getale/Herd/immigrationknowhow/vendor/laravel/framework/src/Illuminate/Database/Query/Builder.php(3676): Illuminate/Database/Query/Builder->{closure:Illuminate/Database/Query/Builder::get():3090}()
#7 C:/Users/Lidiya Getale/Herd/immigrationknowhow/vendor/laravel/framework/src/Illuminate/Database/Query/Builder.php(3090): Illuminate/Database/Query/Builder->onceWithColumns(Array, Object(Closure))
#8 C:/Users/Lidiya Getale/Herd/immigrationknowhow/vendor/laravel/framework/src/Illuminate/Database/Query/Builder.php(3603): Illuminate/Database/Query/Builder->get(Array)
#9 C:/Users/Lidiya Getale/Herd/immigrationknowhow/vendor/laravel/framework/src/Illuminate/Database/Query/Builder.php(3531): Illuminate/Database/Query/Builder->aggregate('count', Array)
#10 C:/Users/Lidiya Getale/Herd/immigrationknowhow/vendor/laravel/framework/src/Illuminate/Database/Eloquent/Builder.php(2120): Illuminate/Database/Query/Builder->count()
#11 C:/Users/Lidiya Getale/Herd/immigrationknowhow/app/Http/Controllers/Admin/DashboardController.php(33): Illuminate/Database/Eloquent/Builder->__call('count', Array)
#12 C:/Users/Lidiya Getale/Herd/immigrationknowhow/vendor/laravel/framework/src/Illuminate/Routing/ControllerDispatcher.php(47): App/Http/Controllers/Admin/DashboardController->__invoke(Object(Illuminate/Http/Request))
#13 C:/Users/Lidiya Getale/Herd/immigrationknowhow/vendor/laravel/framework/src/Illuminate/Routing/Route.php(266): Illuminate/Routing/ControllerDispatcher->dispatch(Object(Illuminate/Routing/Route), Object(App/Http/Controllers/Admin/DashboardController), '__invoke')
#14 C:/Users/Lidiya Getale/Herd/immigrationknowhow/vendor/laravel/framework/src/Illuminate/Routing/Route.php(212): Illuminate/Routing/Route->runController()
#15 C:/Users/Lidiya Getale/Herd/immigrationknowhow/vendor/laravel/framework/src/Illuminate/Routing/Router.php(808): Illuminate/Routing/Route->run()
#16 C:/Users/Lidiya Getale/Herd/immigrationknowhow/vendor/laravel/framework/src/Illuminate/Pipeline/Pipeline.php(170): Illuminate/Routing/Router->{closure:Illuminate/Routing/Router::runRouteWithinStack():807}(Object(Illuminate/Http/Request))
#17 C:/Users/Lidiya Getale/Herd/immigrationknowhow/app/Http/Middleware/EnsureOnboardingComplete.php(30): Illuminate/Pipeline/Pipeline->{closure:Illuminate/Pipeline/Pipeline::prepareDestination():168}(Object(Illuminate/Http/Request))
#18 C:/Users/Lidiya Getale/Herd/immigrationknowhow/vendor/laravel/framework/src/Illuminate/Pipeline/Pipeline.php(209): App/Http/Middleware/EnsureOnboardingComplete->handle(Object(Illuminate/Http/Request), Object(Closure))
#19 C:/Users/Lidiya Getale/Herd/immigrationknowhow/vendor/spatie/laravel-permission/src/Middleware/RoleMiddleware.php(37): Illuminate/Pipeline/Pipeline->{closure:{closure:Illuminate/Pipeline/Pipeline::carry():184}:185}(Object(Illuminate/Http/Request))
#20 C:/Users/Lidiya Getale/Herd/immigrationknowhow/vendor/laravel/framework/src/Illuminate/Pipeline/Pipeline.php(209): Spatie/Permission/Middleware/RoleMiddleware->handle(Object(Illuminate/Http/Request), Object(Closure), 'admin|super_adm...')
#21 C:/Users/Lidiya Getale/Herd/immigrationknowhow/vendor/inertiajs/inertia-laravel/src/Middleware.php(87): Illuminate/Pipeline/Pipeline->{closure:{closure:Illuminate/Pipeline/Pipeline::carry():184}:185}(Object(Illuminate/Http/Request))
#22 C:/Users/Lidiya Getale/Herd/immigrationknowhow/vendor/laravel/framework/src/Illuminate/Pipeline/Pipeline.php(209): Inertia/Middleware->handle(Object(Illuminate/Http/Request), Object(Closure))
#23 C:/Users/Lidiya Getale/Herd/immigrationknowhow/vendor/laravel/framework/src/Illuminate/Routing/Middleware/SubstituteBindings.php(51): Illuminate/Pipeline/Pipeline->{closure:{closure:Illuminate/Pipeline/Pipeline::carry():184}:185}(Object(Illuminate/Http/Request))
#24 C:/Users/Lidiya Getale/Herd/immigrationknowhow/vendor/laravel/framework/src/Illuminate/Pipeline/Pipeline.php(209): Illuminate/Routing/Middleware/SubstituteBindings->handle(Object(Illuminate/Http/Request), Object(Closure))
#25 C:/Users/Lidiya Getale/Herd/immigrationknowhow/vendor/laravel/framework/src/Illuminate/Auth/Middleware/Authenticate.php(64): Illuminate/Pipeline/Pipeline->{closure:{closure:Illuminate/Pipeline/Pipeline::carry():184}:185}(Object(Illuminate/Http/Request))
#26 C:/Users/Lidiya Getale/Herd/immigrationknowhow/vendor/laravel/framework/src/Illuminate/Pipeline/Pipeline.php(209): Illuminate/Auth/Middleware/Authenticate->handle(Object(Illuminate/Http/Request), Object(Closure))
#27 C:/Users/Lidiya Getale/Herd/immigrationknowhow/vendor/laravel/framework/src/Illuminate/Foundation/Http/Middleware/VerifyCsrfToken.php(88): Illuminate/Pipeline/Pipeline->{closure:{closure:Illuminate/Pipeline/Pipeline::carry():184}:185}(Object(Illuminate/Http/Request))
#28 C:/Users/Lidiya Getale/Herd/immigrationknowhow/vendor/laravel/framework/src/Illuminate/Pipeline/Pipeline.php(209): Illuminate/Foundation/Http/Middleware/VerifyCsrfToken->handle(Object(Illuminate/Http/Request), Object(Closure))
#29 C:/Users/Lidiya Getale/Herd/immigrationknowhow/vendor/laravel/framework/src/Illuminate/View/Middleware/ShareErrorsFromSession.php(49): Illuminate/Pipeline/Pipeline->{closure:{closure:Illuminate/Pipeline/Pipeline::carry():184}:185}(Object(Illuminate/Http/Request))
#30 C:/Users/Lidiya Getale/Herd/immigrationknowhow/vendor/laravel/framework/src/Illuminate/Pipeline/Pipeline.php(209): Illuminate/View/Middleware/ShareErrorsFromSession->handle(Object(Illuminate/Http/Request), Object(Closure))
#31 C:/Users/Lidiya Getale/Herd/immigrationknowhow/vendor/laravel/framework/src/Illuminate/Session/Middleware/StartSession.php(121): Illuminate/Pipeline/Pipeline->{closure:{closure:Illuminate/Pipeline/Pipeline::carry():184}:185}(Object(Illuminate/Http/Request))
#32 C:/Users/Lidiya Getale/Herd/immigrationknowhow/vendor/laravel/framework/src/Illuminate/Session/Middleware/StartSession.php(64): Illuminate/Session/Middleware/StartSession->handleStatefulRequest(Object(Illuminate/Http/Request), Object(Illuminate/Session/Store), Object(Closure))
#33 C:/Users/Lidiya Getale/Herd/immigrationknowhow/vendor/laravel/framework/src/Illuminate/Pipeline/Pipeline.php(209): Illuminate/Session/Middleware/StartSession->handle(Object(Illuminate/Http/Request), Object(Closure))
#34 C:/Users/Lidiya Getale/Herd/immigrationknowhow/vendor/laravel/framework/src/Illuminate/Cookie/Middleware/AddQueuedCookiesToResponse.php(37): Illuminate/Pipeline/Pipeline->{closure:{closure:Illuminate/Pipeline/Pipeline::carry():184}:185}(Object(Illuminate/Http/Request))
#35 C:/Users/Lidiya Getale/Herd/immigrationknowhow/vendor/laravel/framework/src/Illuminate/Pipeline/Pipeline.php(209): Illuminate/Cookie/Middleware/AddQueuedCookiesToResponse->handle(Object(Illuminate/Http/Request), Object(Closure))
#36 C:/Users/Lidiya Getale/Herd/immigrationknowhow/vendor/laravel/framework/src/Illuminate/Cookie/Middleware/EncryptCookies.php(75): Illuminate/Pipeline/Pipeline->{closure:{closure:Illuminate/Pipeline/Pipeline::carry():184}:185}(Object(Illuminate/Http/Request))
#37 C:/Users/Lidiya Getale/Herd/immigrationknowhow/vendor/laravel/framework/src/Illuminate/Pipeline/Pipeline.php(209): Illuminate/Cookie/Middleware/EncryptCookies->handle(Object(Illuminate/Http/Request), Object(Closure))
#38 C:/Users/Lidiya Getale/Herd/immigrationknowhow/vendor/laravel/framework/src/Illuminate/Pipeline/Pipeline.php(127): Illuminate/Pipeline/Pipeline->{closure:{closure:Illuminate/Pipeline/Pipeline::carry():184}:185}(Object(Illuminate/Http/Request))
#39 C:/Users/Lidiya Getale/Herd/immigrationknowhow/vendor/laravel/framework/src/Illuminate/Routing/Router.php(807): Illuminate/Pipeline/Pipeline->then(Object(Closure))
#40 C:/Users/Lidiya Getale/Herd/immigrationknowhow/vendor/laravel/framework/src/Illuminate/Routing/Router.php(786): Illuminate/Routing/Router->runRouteWithinStack(Object(Illuminate/Routing/Route), Object(Illuminate/Http/Request))
#41 C:/Users/Lidiya Getale/Herd/immigrationknowhow/vendor/laravel/framework/src/Illuminate/Routing/Router.php(750): Illuminate/Routing/Router->runRoute(Object(Illuminate/Http/Request), Object(Illuminate/Routing/Route))
#42 C:/Users/Lidiya Getale/Herd/immigrationknowhow/vendor/laravel/framework/src/Illuminate/Routing/Router.php(739): Illuminate/Routing/Router->dispatchToRoute(Object(Illuminate/Http/Request))
#43 C:/Users/Lidiya Getale/Herd/immigrationknowhow/vendor/laravel/framework/src/Illuminate/Foundation/Http/Kernel.php(201): Illuminate/Routing/Router->dispatch(Object(Illuminate/Http/Request))
#44 C:/Users/Lidiya Getale/Herd/immigrationknowhow/vendor/laravel/framework/src/Illuminate/Pipeline/Pipeline.php(170): Illuminate/Foundation/Http/Kernel->{closure:Illuminate/Foundation/Http/Kernel::dispatchToRouter():198}(Object(Illuminate/Http/Request))
#45 C:/Users/Lidiya Getale/Herd/immigrationknowhow/vendor/laravel/framework/src/Illuminate/Foundation/Http/Middleware/TransformsRequest.php(21): Illuminate/Pipeline/Pipeline->{closure:Illuminate/Pipeline/Pipeline::prepareDestination():168}(Object(Illuminate/Http/Request))
#46 C:/Users/Lidiya Getale/Herd/immigrationknowhow/vendor/laravel/framework/src/Illuminate/Foundation/Http/Middleware/ConvertEmptyStringsToNull.php(31): Illuminate/Foundation/Http/Middleware/TransformsRequest->handle(Object(Illuminate/Http/Request), Object(Closure))
#47 C:/Users/Lidiya Getale/Herd/immigrationknowhow/vendor/laravel/framework/src/Illuminate/Pipeline/Pipeline.php(209): Illuminate/Foundation/Http/Middleware/ConvertEmptyStringsToNull->handle(Object(Illuminate/Http/Request), Object(Closure))
#48 C:/Users/Lidiya Getale/Herd/immigrationknowhow/vendor/laravel/framework/src/Illuminate/Foundation/Http/Middleware/TransformsRequest.php(21): Illuminate/Pipeline/Pipeline->{closure:{closure:Illuminate/Pipeline/Pipeline::carry():184}:185}(Object(Illuminate/Http/Request))
#49 C:/Users/Lidiya Getale/Herd/immigrationknowhow/vendor/laravel/framework/src/Illuminate/Foundation/Http/Middleware/TrimStrings.php(51): Illuminate/Foundation/Http/Middleware/TransformsRequest->handle(Object(Illuminate/Http/Request), Object(Closure))
#50 C:/Users/Lidiya Getale/Herd/immigrationknowhow/vendor/laravel/framework/src/Illuminate/Pipeline/Pipeline.php(209): Illuminate/Foundation/Http/Middleware/TrimStrings->handle(Object(Illuminate/Http/Request), Object(Closure))
#51 C:/Users/Lidiya Getale/Herd/immigrationknowhow/vendor/laravel/framework/src/Illuminate/Http/Middleware/ValidatePostSize.php(27): Illuminate/Pipeline/Pipeline->{closure:{closure:Illuminate/Pipeline/Pipeline::carry():184}:185}(Object(Illuminate/Http/Request))
#52 C:/Users/Lidiya Getale/Herd/immigrationknowhow/vendor/laravel/framework/src/Illuminate/Pipeline/Pipeline.php(209): Illuminate/Http/Middleware/ValidatePostSize->handle(Object(Illuminate/Http/Request), Object(Closure))
#53 C:/Users/Lidiya Getale/Herd/immigrationknowhow/vendor/laravel/framework/src/Illuminate/Foundation/Http/Middleware/PreventRequestsDuringMaintenance.php(110): Illuminate/Pipeline/Pipeline->{closure:{closure:Illuminate/Pipeline/Pipeline::carry():184}:185}(Object(Illuminate/Http/Request))
#54 C:/Users/Lidiya Getale/Herd/immigrationknowhow/vendor/laravel/framework/src/Illuminate/Pipeline/Pipeline.php(209): Illuminate/Foundation/Http/Middleware/PreventRequestsDuringMaintenance->handle(Object(Illuminate/Http/Request), Object(Closure))
#55 C:/Users/Lidiya Getale/Herd/immigrationknowhow/vendor/laravel/framework/src/Illuminate/Http/Middleware/HandleCors.php(49): Illuminate/Pipeline/Pipeline->{closure:{closure:Illuminate/Pipeline/Pipeline::carry():184}:185}(Object(Illuminate/Http/Request))
#56 C:/Users/Lidiya Getale/Herd/immigrationknowhow/vendor/laravel/framework/src/Illuminate/Pipeline/Pipeline.php(209): Illuminate/Http/Middleware/HandleCors->handle(Object(Illuminate/Http/Request), Object(Closure))
#57 C:/Users/Lidiya Getale/Herd/immigrationknowhow/vendor/laravel/framework/src/Illuminate/Http/Middleware/TrustProxies.php(58): Illuminate/Pipeline/Pipeline->{closure:{closure:Illuminate/Pipeline/Pipeline::carry():184}:185}(Object(Illuminate/Http/Request))
#58 C:/Users/Lidiya Getale/Herd/immigrationknowhow/vendor/laravel/framework/src/Illuminate/Pipeline/Pipeline.php(209): Illuminate/Http/Middleware/TrustProxies->handle(Object(Illuminate/Http/Request), Object(Closure))
#59 C:/Users/Lidiya Getale/Herd/immigrationknowhow/vendor/laravel/framework/src/Illuminate/Foundation/Http/Middleware/InvokeDeferredCallbacks.php(22): Illuminate/Pipeline/Pipeline->{closure:{closure:Illuminate/Pipeline/Pipeline::carry():184}:185}(Object(Illuminate/Http/Request))
#60 C:/Users/Lidiya Getale/Herd/immigrationknowhow/vendor/laravel/framework/src/Illuminate/Pipeline/Pipeline.php(209): Illuminate/Foundation/Http/Middleware/InvokeDeferredCallbacks->handle(Object(Illuminate/Http/Request), Object(Closure))
#61 C:/Users/Lidiya Getale/Herd/immigrationknowhow/vendor/laravel/framework/src/Illuminate/Pipeline/Pipeline.php(127): Illuminate/Pipeline/Pipeline->{closure:{closure:Illuminate/Pipeline/Pipeline::carry():184}:185}(Object(Illuminate/Http/Request))
#62 C:/Users/Lidiya Getale/Herd/immigrationknowhow/vendor/laravel/framework/src/Illuminate/Foundation/Http/Kernel.php(176): Illuminate/Pipeline/Pipeline->then(Object(Closure))
#63 C:/Users/Lidiya Getale/Herd/immigrationknowhow/vendor/laravel/framework/src/Illuminate/Foundation/Http/Kernel.php(145): Illuminate/Foundation/Http/Kernel->sendRequestThroughRouter(Object(Illuminate/Http/Request))
#64 C:/Users/Lidiya Getale/Herd/immigrationknowhow/vendor/laravel/framework/src/Illuminate/Foundation/Application.php(1220): Illuminate/Foundation/Http/Kernel->handle(Object(Illuminate/Http/Request))
#65 C:/Users/Lidiya Getale/Herd/immigrationknowhow/public/index.php(17): Illuminate/Foundation/Application->handleRequest(Object(Illuminate/Http/Request))
#66 C:/Program Files/Herd/resources/app.asar.unpacked/resources/valet/server.php(139): require('C://Users//Lidiya...')
#67 {main}
"} 
[2026-04-10 13:46:17] local.ERROR: SQLSTATE[42S02]: Base table or view not found: 1146 Table 'immigration_knowhow.background_checks' doesn't exist (Connection: mysql, SQL: select count(distinct `service_provider_id`) as aggregate from `background_checks` where `status` = clear and `background_checks`.`deleted_at` is null) {"userId":48,"exception":"[object] (Illuminate\\Database\\QueryException(code: 42S02): SQLSTATE[42S02]: Base table or view not found: 1146 Table 'immigration_knowhow.background_checks' doesn't exist (Connection: mysql, SQL: select count(distinct `service_provider_id`) as aggregate from `background_checks` where `status` = clear and `background_checks`.`deleted_at` is null) at C:/Users/Lidiya Getale/Herd/immigrationknowhow/vendor/laravel/framework/src/Illuminate/Database/Connection.php:825)
[stacktrace]
#0 C:/Users/Lidiya Getale/Herd/immigrationknowhow/vendor/laravel/framework/src/Illuminate/Database/Connection.php(779): Illuminate/Database/Connection->runQueryCallback('select count(di...', Array, Object(Closure))
#1 C:/Users/Lidiya Getale/Herd/immigrationknowhow/vendor/laravel/framework/src/Illuminate/Database/Connection.php(398): Illuminate/Database/Connection->run('select count(di...', Array, Object(Closure))
#2 C:/Users/Lidiya Getale/Herd/immigrationknowhow/vendor/laravel/framework/src/Illuminate/Database/Query/Builder.php(3106): Illuminate/Database/Connection->select('select count(di...', Array, true)
#3 C:/Users/Lidiya Getale/Herd/immigrationknowhow/vendor/laravel/framework/src/Illuminate/Database/Query/Builder.php(3091): Illuminate/Database/Query/Builder->runSelect()
#4 C:/Users/Lidiya Getale/Herd/immigrationknowhow/vendor/laravel/framework/src/Illuminate/Database/Query/Builder.php(3676): Illuminate/Database/Query/Builder->{closure:Illuminate/Database/Query/Builder::get():3090}()
#5 C:/Users/Lidiya Getale/Herd/immigrationknowhow/vendor/laravel/framework/src/Illuminate/Database/Query/Builder.php(3090): Illuminate/Database/Query/Builder->onceWithColumns(Array, Object(Closure))
#6 C:/Users/Lidiya Getale/Herd/immigrationknowhow/vendor/laravel/framework/src/Illuminate/Database/Query/Builder.php(3603): Illuminate/Database/Query/Builder->get(Array)
#7 C:/Users/Lidiya Getale/Herd/immigrationknowhow/vendor/laravel/framework/src/Illuminate/Database/Query/Builder.php(3531): Illuminate/Database/Query/Builder->aggregate('count', Array)
#8 C:/Users/Lidiya Getale/Herd/immigrationknowhow/vendor/laravel/framework/src/Illuminate/Database/Eloquent/Builder.php(2120): Illuminate/Database/Query/Builder->count('service_provide...')
#9 C:/Users/Lidiya Getale/Herd/immigrationknowhow/app/Http/Controllers/Admin/DashboardController.php(35): Illuminate/Database/Eloquent/Builder->__call('count', Array)
#10 C:/Users/Lidiya Getale/Herd/immigrationknowhow/vendor/laravel/framework/src/Illuminate/Routing/ControllerDispatcher.php(47): App/Http/Controllers/Admin/DashboardController->__invoke(Object(Illuminate/Http/Request))
#11 C:/Users/Lidiya Getale/Herd/immigrationknowhow/vendor/laravel/framework/src/Illuminate/Routing/Route.php(266): Illuminate/Routing/ControllerDispatcher->dispatch(Object(Illuminate/Routing/Route), Object(App/Http/Controllers/Admin/DashboardController), '__invoke')
#12 C:/Users/Lidiya Getale/Herd/immigrationknowhow/vendor/laravel/framework/src/Illuminate/Routing/Route.php(212): Illuminate/Routing/Route->runController()
#13 C:/Users/Lidiya Getale/Herd/immigrationknowhow/vendor/laravel/framework/src/Illuminate/Routing/Router.php(808): Illuminate/Routing/Route->run()
#14 C:/Users/Lidiya Getale/Herd/immigrationknowhow/vendor/laravel/framework/src/Illuminate/Pipeline/Pipeline.php(170): Illuminate/Routing/Router->{closure:Illuminate/Routing/Router::runRouteWithinStack():807}(Object(Illuminate/Http/Request))
#15 C:/Users/Lidiya Getale/Herd/immigrationknowhow/app/Http/Middleware/EnsureOnboardingComplete.php(30): Illuminate/Pipeline/Pipeline->{closure:Illuminate/Pipeline/Pipeline::prepareDestination():168}(Object(Illuminate/Http/Request))
#16 C:/Users/Lidiya Getale/Herd/immigrationknowhow/vendor/laravel/framework/src/Illuminate/Pipeline/Pipeline.php(209): App/Http/Middleware/EnsureOnboardingComplete->handle(Object(Illuminate/Http/Request), Object(Closure))
#17 C:/Users/Lidiya Getale/Herd/immigrationknowhow/vendor/spatie/laravel-permission/src/Middleware/RoleMiddleware.php(37): Illuminate/Pipeline/Pipeline->{closure:{closure:Illuminate/Pipeline/Pipeline::carry():184}:185}(Object(Illuminate/Http/Request))
#18 C:/Users/Lidiya Getale/Herd/immigrationknowhow/vendor/laravel/framework/src/Illuminate/Pipeline/Pipeline.php(209): Spatie/Permission/Middleware/RoleMiddleware->handle(Object(Illuminate/Http/Request), Object(Closure), 'admin|super_adm...')
#19 C:/Users/Lidiya Getale/Herd/immigrationknowhow/vendor/inertiajs/inertia-laravel/src/Middleware.php(87): Illuminate/Pipeline/Pipeline->{closure:{closure:Illuminate/Pipeline/Pipeline::carry():184}:185}(Object(Illuminate/Http/Request))
#20 C:/Users/Lidiya Getale/Herd/immigrationknowhow/vendor/laravel/framework/src/Illuminate/Pipeline/Pipeline.php(209): Inertia/Middleware->handle(Object(Illuminate/Http/Request), Object(Closure))
#21 C:/Users/Lidiya Getale/Herd/immigrationknowhow/vendor/laravel/framework/src/Illuminate/Routing/Middleware/SubstituteBindings.php(51): Illuminate/Pipeline/Pipeline->{closure:{closure:Illuminate/Pipeline/Pipeline::carry():184}:185}(Object(Illuminate/Http/Request))
#22 C:/Users/Lidiya Getale/Herd/immigrationknowhow/vendor/laravel/framework/src/Illuminate/Pipeline/Pipeline.php(209): Illuminate/Routing/Middleware/SubstituteBindings->handle(Object(Illuminate/Http/Request), Object(Closure))
#23 C:/Users/Lidiya Getale/Herd/immigrationknowhow/vendor/laravel/framework/src/Illuminate/Auth/Middleware/Authenticate.php(64): Illuminate/Pipeline/Pipeline->{closure:{closure:Illuminate/Pipeline/Pipeline::carry():184}:185}(Object(Illuminate/Http/Request))
#24 C:/Users/Lidiya Getale/Herd/immigrationknowhow/vendor/laravel/framework/src/Illuminate/Pipeline/Pipeline.php(209): Illuminate/Auth/Middleware/Authenticate->handle(Object(Illuminate/Http/Request), Object(Closure))
#25 C:/Users/Lidiya Getale/Herd/immigrationknowhow/vendor/laravel/framework/src/Illuminate/Foundation/Http/Middleware/VerifyCsrfToken.php(88): Illuminate/Pipeline/Pipeline->{closure:{closure:Illuminate/Pipeline/Pipeline::carry():184}:185}(Object(Illuminate/Http/Request))
#26 C:/Users/Lidiya Getale/Herd/immigrationknowhow/vendor/laravel/framework/src/Illuminate/Pipeline/Pipeline.php(209): Illuminate/Foundation/Http/Middleware/VerifyCsrfToken->handle(Object(Illuminate/Http/Request), Object(Closure))
#27 C:/Users/Lidiya Getale/Herd/immigrationknowhow/vendor/laravel/framework/src/Illuminate/View/Middleware/ShareErrorsFromSession.php(49): Illuminate/Pipeline/Pipeline->{closure:{closure:Illuminate/Pipeline/Pipeline::carry():184}:185}(Object(Illuminate/Http/Request))
#28 C:/Users/Lidiya Getale/Herd/immigrationknowhow/vendor/laravel/framework/src/Illuminate/Pipeline/Pipeline.php(209): Illuminate/View/Middleware/ShareErrorsFromSession->handle(Object(Illuminate/Http/Request), Object(Closure))
#29 C:/Users/Lidiya Getale/Herd/immigrationknowhow/vendor/laravel/framework/src/Illuminate/Session/Middleware/StartSession.php(121): Illuminate/Pipeline/Pipeline->{closure:{closure:Illuminate/Pipeline/Pipeline::carry():184}:185}(Object(Illuminate/Http/Request))
#30 C:/Users/Lidiya Getale/Herd/immigrationknowhow/vendor/laravel/framework/src/Illuminate/Session/Middleware/StartSession.php(64): Illuminate/Session/Middleware/StartSession->handleStatefulRequest(Object(Illuminate/Http/Request), Object(Illuminate/Session/Store), Object(Closure))
#31 C:/Users/Lidiya Getale/Herd/immigrationknowhow/vendor/laravel/framework/src/Illuminate/Pipeline/Pipeline.php(209): Illuminate/Session/Middleware/StartSession->handle(Object(Illuminate/Http/Request), Object(Closure))
#32 C:/Users/Lidiya Getale/Herd/immigrationknowhow/vendor/laravel/framework/src/Illuminate/Cookie/Middleware/AddQueuedCookiesToResponse.php(37): Illuminate/Pipeline/Pipeline->{closure:{closure:Illuminate/Pipeline/Pipeline::carry():184}:185}(Object(Illuminate/Http/Request))
#33 C:/Users/Lidiya Getale/Herd/immigrationknowhow/vendor/laravel/framework/src/Illuminate/Pipeline/Pipeline.php(209): Illuminate/Cookie/Middleware/AddQueuedCookiesToResponse->handle(Object(Illuminate/Http/Request), Object(Closure))
#34 C:/Users/Lidiya Getale/Herd/immigrationknowhow/vendor/laravel/framework/src/Illuminate/Cookie/Middleware/EncryptCookies.php(75): Illuminate/Pipeline/Pipeline->{closure:{closure:Illuminate/Pipeline/Pipeline::carry():184}:185}(Object(Illuminate/Http/Request))
#35 C:/Users/Lidiya Getale/Herd/immigrationknowhow/vendor/laravel/framework/src/Illuminate/Pipeline/Pipeline.php(209): Illuminate/Cookie/Middleware/EncryptCookies->handle(Object(Illuminate/Http/Request), Object(Closure))
#36 C:/Users/Lidiya Getale/Herd/immigrationknowhow/vendor/laravel/framework/src/Illuminate/Pipeline/Pipeline.php(127): Illuminate/Pipeline/Pipeline->{closure:{closure:Illuminate/Pipeline/Pipeline::carry():184}:185}(Object(Illuminate/Http/Request))
#37 C:/Users/Lidiya Getale/Herd/immigrationknowhow/vendor/laravel/framework/src/Illuminate/Routing/Router.php(807): Illuminate/Pipeline/Pipeline->then(Object(Closure))
#38 C:/Users/Lidiya Getale/Herd/immigrationknowhow/vendor/laravel/framework/src/Illuminate/Routing/Router.php(786): Illuminate/Routing/Router->runRouteWithinStack(Object(Illuminate/Routing/Route), Object(Illuminate/Http/Request))
#39 C:/Users/Lidiya Getale/Herd/immigrationknowhow/vendor/laravel/framework/src/Illuminate/Routing/Router.php(750): Illuminate/Routing/Router->runRoute(Object(Illuminate/Http/Request), Object(Illuminate/Routing/Route))
#40 C:/Users/Lidiya Getale/Herd/immigrationknowhow/vendor/laravel/framework/src/Illuminate/Routing/Router.php(739): Illuminate/Routing/Router->dispatchToRoute(Object(Illuminate/Http/Request))
#41 C:/Users/Lidiya Getale/Herd/immigrationknowhow/vendor/laravel/framework/src/Illuminate/Foundation/Http/Kernel.php(201): Illuminate/Routing/Router->dispatch(Object(Illuminate/Http/Request))
#42 C:/Users/Lidiya Getale/Herd/immigrationknowhow/vendor/laravel/framework/src/Illuminate/Pipeline/Pipeline.php(170): Illuminate/Foundation/Http/Kernel->{closure:Illuminate/Foundation/Http/Kernel::dispatchToRouter():198}(Object(Illuminate/Http/Request))
#43 C:/Users/Lidiya Getale/Herd/immigrationknowhow/vendor/laravel/framework/src/Illuminate/Foundation/Http/Middleware/TransformsRequest.php(21): Illuminate/Pipeline/Pipeline->{closure:Illuminate/Pipeline/Pipeline::prepareDestination():168}(Object(Illuminate/Http/Request))
#44 C:/Users/Lidiya Getale/Herd/immigrationknowhow/vendor/laravel/framework/src/Illuminate/Foundation/Http/Middleware/ConvertEmptyStringsToNull.php(31): Illuminate/Foundation/Http/Middleware/TransformsRequest->handle(Object(Illuminate/Http/Request), Object(Closure))
#45 C:/Users/Lidiya Getale/Herd/immigrationknowhow/vendor/laravel/framework/src/Illuminate/Pipeline/Pipeline.php(209): Illuminate/Foundation/Http/Middleware/ConvertEmptyStringsToNull->handle(Object(Illuminate/Http/Request), Object(Closure))
#46 C:/Users/Lidiya Getale/Herd/immigrationknowhow/vendor/laravel/framework/src/Illuminate/Foundation/Http/Middleware/TransformsRequest.php(21): Illuminate/Pipeline/Pipeline->{closure:{closure:Illuminate/Pipeline/Pipeline::carry():184}:185}(Object(Illuminate/Http/Request))
#47 C:/Users/Lidiya Getale/Herd/immigrationknowhow/vendor/laravel/framework/src/Illuminate/Foundation/Http/Middleware/TrimStrings.php(51): Illuminate/Foundation/Http/Middleware/TransformsRequest->handle(Object(Illuminate/Http/Request), Object(Closure))
#48 C:/Users/Lidiya Getale/Herd/immigrationknowhow/vendor/laravel/framework/src/Illuminate/Pipeline/Pipeline.php(209): Illuminate/Foundation/Http/Middleware/TrimStrings->handle(Object(Illuminate/Http/Request), Object(Closure))
#49 C:/Users/Lidiya Getale/Herd/immigrationknowhow/vendor/laravel/framework/src/Illuminate/Http/Middleware/ValidatePostSize.php(27): Illuminate/Pipeline/Pipeline->{closure:{closure:Illuminate/Pipeline/Pipeline::carry():184}:185}(Object(Illuminate/Http/Request))
#50 C:/Users/Lidiya Getale/Herd/immigrationknowhow/vendor/laravel/framework/src/Illuminate/Pipeline/Pipeline.php(209): Illuminate/Http/Middleware/ValidatePostSize->handle(Object(Illuminate/Http/Request), Object(Closure))
#51 C:/Users/Lidiya Getale/Herd/immigrationknowhow/vendor/laravel/framework/src/Illuminate/Foundation/Http/Middleware/PreventRequestsDuringMaintenance.php(110): Illuminate/Pipeline/Pipeline->{closure:{closure:Illuminate/Pipeline/Pipeline::carry():184}:185}(Object(Illuminate/Http/Request))
#52 C:/Users/Lidiya Getale/Herd/immigrationknowhow/vendor/laravel/framework/src/Illuminate/Pipeline/Pipeline.php(209): Illuminate/Foundation/Http/Middleware/PreventRequestsDuringMaintenance->handle(Object(Illuminate/Http/Request), Object(Closure))
#53 C:/Users/Lidiya Getale/Herd/immigrationknowhow/vendor/laravel/framework/src/Illuminate/Http/Middleware/HandleCors.php(49): Illuminate/Pipeline/Pipeline->{closure:{closure:Illuminate/Pipeline/Pipeline::carry():184}:185}(Object(Illuminate/Http/Request))
#54 C:/Users/Lidiya Getale/Herd/immigrationknowhow/vendor/laravel/framework/src/Illuminate/Pipeline/Pipeline.php(209): Illuminate/Http/Middleware/HandleCors->handle(Object(Illuminate/Http/Request), Object(Closure))
#55 C:/Users/Lidiya Getale/Herd/immigrationknowhow/vendor/laravel/framework/src/Illuminate/Http/Middleware/TrustProxies.php(58): Illuminate/Pipeline/Pipeline->{closure:{closure:Illuminate/Pipeline/Pipeline::carry():184}:185}(Object(Illuminate/Http/Request))
#56 C:/Users/Lidiya Getale/Herd/immigrationknowhow/vendor/laravel/framework/src/Illuminate/Pipeline/Pipeline.php(209): Illuminate/Http/Middleware/TrustProxies->handle(Object(Illuminate/Http/Request), Object(Closure))
#57 C:/Users/Lidiya Getale/Herd/immigrationknowhow/vendor/laravel/framework/src/Illuminate/Foundation/Http/Middleware/InvokeDeferredCallbacks.php(22): Illuminate/Pipeline/Pipeline->{closure:{closure:Illuminate/Pipeline/Pipeline::carry():184}:185}(Object(Illuminate/Http/Request))
#58 C:/Users/Lidiya Getale/Herd/immigrationknowhow/vendor/laravel/framework/src/Illuminate/Pipeline/Pipeline.php(209): Illuminate/Foundation/Http/Middleware/InvokeDeferredCallbacks->handle(Object(Illuminate/Http/Request), Object(Closure))
#59 C:/Users/Lidiya Getale/Herd/immigrationknowhow/vendor/laravel/framework/src/Illuminate/Pipeline/Pipeline.php(127): Illuminate/Pipeline/Pipeline->{closure:{closure:Illuminate/Pipeline/Pipeline::carry():184}:185}(Object(Illuminate/Http/Request))
#60 C:/Users/Lidiya Getale/Herd/immigrationknowhow/vendor/laravel/framework/src/Illuminate/Foundation/Http/Kernel.php(176): Illuminate/Pipeline/Pipeline->then(Object(Closure))
#61 C:/Users/Lidiya Getale/Herd/immigrationknowhow/vendor/laravel/framework/src/Illuminate/Foundation/Http/Kernel.php(145): Illuminate/Foundation/Http/Kernel->sendRequestThroughRouter(Object(Illuminate/Http/Request))
#62 C:/Users/Lidiya Getale/Herd/immigrationknowhow/vendor/laravel/framework/src/Illuminate/Foundation/Application.php(1220): Illuminate/Foundation/Http/Kernel->handle(Object(Illuminate/Http/Request))
#63 C:/Users/Lidiya Getale/Herd/immigrationknowhow/public/index.php(17): Illuminate/Foundation/Application->handleRequest(Object(Illuminate/Http/Request))
#64 C:/Program Files/Herd/resources/app.asar.unpacked/resources/valet/server.php(139): require('C://Users//Lidiya...')
#65 {main}

[previous exception] [object] (PDOException(code: 42S02): SQLSTATE[42S02]: Base table or view not found: 1146 Table 'immigration_knowhow.background_checks' doesn't exist at C:/Users/Lidiya Getale/Herd/immigrationknowhow/vendor/laravel/framework/src/Illuminate/Database/Connection.php:407)
[stacktrace]
#0 C:/Users/Lidiya Getale/Herd/immigrationknowhow/vendor/laravel/framework/src/Illuminate/Database/Connection.php(407): PDO->prepare('select count(di...')
#1 C:/Users/Lidiya Getale/Herd/immigrationknowhow/vendor/laravel/framework/src/Illuminate/Database/Connection.php(812): Illuminate/Database/Connection->{closure:Illuminate/Database/Connection::select():398}('select count(di...', Array)
#2 C:/Users/Lidiya Getale/Herd/immigrationknowhow/vendor/laravel/framework/src/Illuminate/Database/Connection.php(779): Illuminate/Database/Connection->runQueryCallback('select count(di...', Array, Object(Closure))
#3 C:/Users/Lidiya Getale/Herd/immigrationknowhow/vendor/laravel/framework/src/Illuminate/Database/Connection.php(398): Illuminate/Database/Connection->run('select count(di...', Array, Object(Closure))
#4 C:/Users/Lidiya Getale/Herd/immigrationknowhow/vendor/laravel/framework/src/Illuminate/Database/Query/Builder.php(3106): Illuminate/Database/Connection->select('select count(di...', Array, true)
#5 C:/Users/Lidiya Getale/Herd/immigrationknowhow/vendor/laravel/framework/src/Illuminate/Database/Query/Builder.php(3091): Illuminate/Database/Query/Builder->runSelect()
#6 C:/Users/Lidiya Getale/Herd/immigrationknowhow/vendor/laravel/framework/src/Illuminate/Database/Query/Builder.php(3676): Illuminate/Database/Query/Builder->{closure:Illuminate/Database/Query/Builder::get():3090}()
#7 C:/Users/Lidiya Getale/Herd/immigrationknowhow/vendor/laravel/framework/src/Illuminate/Database/Query/Builder.php(3090): Illuminate/Database/Query/Builder->onceWithColumns(Array, Object(Closure))
#8 C:/Users/Lidiya Getale/Herd/immigrationknowhow/vendor/laravel/framework/src/Illuminate/Database/Query/Builder.php(3603): Illuminate/Database/Query/Builder->get(Array)
#9 C:/Users/Lidiya Getale/Herd/immigrationknowhow/vendor/laravel/framework/src/Illuminate/Database/Query/Builder.php(3531): Illuminate/Database/Query/Builder->aggregate('count', Array)
#10 C:/Users/Lidiya Getale/Herd/immigrationknowhow/vendor/laravel/framework/src/Illuminate/Database/Eloquent/Builder.php(2120): Illuminate/Database/Query/Builder->count('service_provide...')
#11 C:/Users/Lidiya Getale/Herd/immigrationknowhow/app/Http/Controllers/Admin/DashboardController.php(35): Illuminate/Database/Eloquent/Builder->__call('count', Array)
#12 C:/Users/Lidiya Getale/Herd/immigrationknowhow/vendor/laravel/framework/src/Illuminate/Routing/ControllerDispatcher.php(47): App/Http/Controllers/Admin/DashboardController->__invoke(Object(Illuminate/Http/Request))
#13 C:/Users/Lidiya Getale/Herd/immigrationknowhow/vendor/laravel/framework/src/Illuminate/Routing/Route.php(266): Illuminate/Routing/ControllerDispatcher->dispatch(Object(Illuminate/Routing/Route), Object(App/Http/Controllers/Admin/DashboardController), '__invoke')
#14 C:/Users/Lidiya Getale/Herd/immigrationknowhow/vendor/laravel/framework/src/Illuminate/Routing/Route.php(212): Illuminate/Routing/Route->runController()
#15 C:/Users/Lidiya Getale/Herd/immigrationknowhow/vendor/laravel/framework/src/Illuminate/Routing/Router.php(808): Illuminate/Routing/Route->run()
#16 C:/Users/Lidiya Getale/Herd/immigrationknowhow/vendor/laravel/framework/src/Illuminate/Pipeline/Pipeline.php(170): Illuminate/Routing/Router->{closure:Illuminate/Routing/Router::runRouteWithinStack():807}(Object(Illuminate/Http/Request))
#17 C:/Users/Lidiya Getale/Herd/immigrationknowhow/app/Http/Middleware/EnsureOnboardingComplete.php(30): Illuminate/Pipeline/Pipeline->{closure:Illuminate/Pipeline/Pipeline::prepareDestination():168}(Object(Illuminate/Http/Request))
#18 C:/Users/Lidiya Getale/Herd/immigrationknowhow/vendor/laravel/framework/src/Illuminate/Pipeline/Pipeline.php(209): App/Http/Middleware/EnsureOnboardingComplete->handle(Object(Illuminate/Http/Request), Object(Closure))
#19 C:/Users/Lidiya Getale/Herd/immigrationknowhow/vendor/spatie/laravel-permission/src/Middleware/RoleMiddleware.php(37): Illuminate/Pipeline/Pipeline->{closure:{closure:Illuminate/Pipeline/Pipeline::carry():184}:185}(Object(Illuminate/Http/Request))
#20 C:/Users/Lidiya Getale/Herd/immigrationknowhow/vendor/laravel/framework/src/Illuminate/Pipeline/Pipeline.php(209): Spatie/Permission/Middleware/RoleMiddleware->handle(Object(Illuminate/Http/Request), Object(Closure), 'admin|super_adm...')
#21 C:/Users/Lidiya Getale/Herd/immigrationknowhow/vendor/inertiajs/inertia-laravel/src/Middleware.php(87): Illuminate/Pipeline/Pipeline->{closure:{closure:Illuminate/Pipeline/Pipeline::carry():184}:185}(Object(Illuminate/Http/Request))
#22 C:/Users/Lidiya Getale/Herd/immigrationknowhow/vendor/laravel/framework/src/Illuminate/Pipeline/Pipeline.php(209): Inertia/Middleware->handle(Object(Illuminate/Http/Request), Object(Closure))
#23 C:/Users/Lidiya Getale/Herd/immigrationknowhow/vendor/laravel/framework/src/Illuminate/Routing/Middleware/SubstituteBindings.php(51): Illuminate/Pipeline/Pipeline->{closure:{closure:Illuminate/Pipeline/Pipeline::carry():184}:185}(Object(Illuminate/Http/Request))
#24 C:/Users/Lidiya Getale/Herd/immigrationknowhow/vendor/laravel/framework/src/Illuminate/Pipeline/Pipeline.php(209): Illuminate/Routing/Middleware/SubstituteBindings->handle(Object(Illuminate/Http/Request), Object(Closure))
#25 C:/Users/Lidiya Getale/Herd/immigrationknowhow/vendor/laravel/framework/src/Illuminate/Auth/Middleware/Authenticate.php(64): Illuminate/Pipeline/Pipeline->{closure:{closure:Illuminate/Pipeline/Pipeline::carry():184}:185}(Object(Illuminate/Http/Request))
#26 C:/Users/Lidiya Getale/Herd/immigrationknowhow/vendor/laravel/framework/src/Illuminate/Pipeline/Pipeline.php(209): Illuminate/Auth/Middleware/Authenticate->handle(Object(Illuminate/Http/Request), Object(Closure))
#27 C:/Users/Lidiya Getale/Herd/immigrationknowhow/vendor/laravel/framework/src/Illuminate/Foundation/Http/Middleware/VerifyCsrfToken.php(88): Illuminate/Pipeline/Pipeline->{closure:{closure:Illuminate/Pipeline/Pipeline::carry():184}:185}(Object(Illuminate/Http/Request))
#28 C:/Users/Lidiya Getale/Herd/immigrationknowhow/vendor/laravel/framework/src/Illuminate/Pipeline/Pipeline.php(209): Illuminate/Foundation/Http/Middleware/VerifyCsrfToken->handle(Object(Illuminate/Http/Request), Object(Closure))
#29 C:/Users/Lidiya Getale/Herd/immigrationknowhow/vendor/laravel/framework/src/Illuminate/View/Middleware/ShareErrorsFromSession.php(49): Illuminate/Pipeline/Pipeline->{closure:{closure:Illuminate/Pipeline/Pipeline::carry():184}:185}(Object(Illuminate/Http/Request))
#30 C:/Users/Lidiya Getale/Herd/immigrationknowhow/vendor/laravel/framework/src/Illuminate/Pipeline/Pipeline.php(209): Illuminate/View/Middleware/ShareErrorsFromSession->handle(Object(Illuminate/Http/Request), Object(Closure))
#31 C:/Users/Lidiya Getale/Herd/immigrationknowhow/vendor/laravel/framework/src/Illuminate/Session/Middleware/StartSession.php(121): Illuminate/Pipeline/Pipeline->{closure:{closure:Illuminate/Pipeline/Pipeline::carry():184}:185}(Object(Illuminate/Http/Request))
#32 C:/Users/Lidiya Getale/Herd/immigrationknowhow/vendor/laravel/framework/src/Illuminate/Session/Middleware/StartSession.php(64): Illuminate/Session/Middleware/StartSession->handleStatefulRequest(Object(Illuminate/Http/Request), Object(Illuminate/Session/Store), Object(Closure))
#33 C:/Users/Lidiya Getale/Herd/immigrationknowhow/vendor/laravel/framework/src/Illuminate/Pipeline/Pipeline.php(209): Illuminate/Session/Middleware/StartSession->handle(Object(Illuminate/Http/Request), Object(Closure))
#34 C:/Users/Lidiya Getale/Herd/immigrationknowhow/vendor/laravel/framework/src/Illuminate/Cookie/Middleware/AddQueuedCookiesToResponse.php(37): Illuminate/Pipeline/Pipeline->{closure:{closure:Illuminate/Pipeline/Pipeline::carry():184}:185}(Object(Illuminate/Http/Request))
#35 C:/Users/Lidiya Getale/Herd/immigrationknowhow/vendor/laravel/framework/src/Illuminate/Pipeline/Pipeline.php(209): Illuminate/Cookie/Middleware/AddQueuedCookiesToResponse->handle(Object(Illuminate/Http/Request), Object(Closure))
#36 C:/Users/Lidiya Getale/Herd/immigrationknowhow/vendor/laravel/framework/src/Illuminate/Cookie/Middleware/EncryptCookies.php(75): Illuminate/Pipeline/Pipeline->{closure:{closure:Illuminate/Pipeline/Pipeline::carry():184}:185}(Object(Illuminate/Http/Request))
#37 C:/Users/Lidiya Getale/Herd/immigrationknowhow/vendor/laravel/framework/src/Illuminate/Pipeline/Pipeline.php(209): Illuminate/Cookie/Middleware/EncryptCookies->handle(Object(Illuminate/Http/Request), Object(Closure))
#38 C:/Users/Lidiya Getale/Herd/immigrationknowhow/vendor/laravel/framework/src/Illuminate/Pipeline/Pipeline.php(127): Illuminate/Pipeline/Pipeline->{closure:{closure:Illuminate/Pipeline/Pipeline::carry():184}:185}(Object(Illuminate/Http/Request))
#39 C:/Users/Lidiya Getale/Herd/immigrationknowhow/vendor/laravel/framework/src/Illuminate/Routing/Router.php(807): Illuminate/Pipeline/Pipeline->then(Object(Closure))
#40 C:/Users/Lidiya Getale/Herd/immigrationknowhow/vendor/laravel/framework/src/Illuminate/Routing/Router.php(786): Illuminate/Routing/Router->runRouteWithinStack(Object(Illuminate/Routing/Route), Object(Illuminate/Http/Request))
#41 C:/Users/Lidiya Getale/Herd/immigrationknowhow/vendor/laravel/framework/src/Illuminate/Routing/Router.php(750): Illuminate/Routing/Router->runRoute(Object(Illuminate/Http/Request), Object(Illuminate/Routing/Route))
#42 C:/Users/Lidiya Getale/Herd/immigrationknowhow/vendor/laravel/framework/src/Illuminate/Routing/Router.php(739): Illuminate/Routing/Router->dispatchToRoute(Object(Illuminate/Http/Request))
#43 C:/Users/Lidiya Getale/Herd/immigrationknowhow/vendor/laravel/framework/src/Illuminate/Foundation/Http/Kernel.php(201): Illuminate/Routing/Router->dispatch(Object(Illuminate/Http/Request))
#44 C:/Users/Lidiya Getale/Herd/immigrationknowhow/vendor/laravel/framework/src/Illuminate/Pipeline/Pipeline.php(170): Illuminate/Foundation/Http/Kernel->{closure:Illuminate/Foundation/Http/Kernel::dispatchToRouter():198}(Object(Illuminate/Http/Request))
#45 C:/Users/Lidiya Getale/Herd/immigrationknowhow/vendor/laravel/framework/src/Illuminate/Foundation/Http/Middleware/TransformsRequest.php(21): Illuminate/Pipeline/Pipeline->{closure:Illuminate/Pipeline/Pipeline::prepareDestination():168}(Object(Illuminate/Http/Request))
#46 C:/Users/Lidiya Getale/Herd/immigrationknowhow/vendor/laravel/framework/src/Illuminate/Foundation/Http/Middleware/ConvertEmptyStringsToNull.php(31): Illuminate/Foundation/Http/Middleware/TransformsRequest->handle(Object(Illuminate/Http/Request), Object(Closure))
#47 C:/Users/Lidiya Getale/Herd/immigrationknowhow/vendor/laravel/framework/src/Illuminate/Pipeline/Pipeline.php(209): Illuminate/Foundation/Http/Middleware/ConvertEmptyStringsToNull->handle(Object(Illuminate/Http/Request), Object(Closure))
#48 C:/Users/Lidiya Getale/Herd/immigrationknowhow/vendor/laravel/framework/src/Illuminate/Foundation/Http/Middleware/TransformsRequest.php(21): Illuminate/Pipeline/Pipeline->{closure:{closure:Illuminate/Pipeline/Pipeline::carry():184}:185}(Object(Illuminate/Http/Request))
#49 C:/Users/Lidiya Getale/Herd/immigrationknowhow/vendor/laravel/framework/src/Illuminate/Foundation/Http/Middleware/TrimStrings.php(51): Illuminate/Foundation/Http/Middleware/TransformsRequest->handle(Object(Illuminate/Http/Request), Object(Closure))
#50 C:/Users/Lidiya Getale/Herd/immigrationknowhow/vendor/laravel/framework/src/Illuminate/Pipeline/Pipeline.php(209): Illuminate/Foundation/Http/Middleware/TrimStrings->handle(Object(Illuminate/Http/Request), Object(Closure))
#51 C:/Users/Lidiya Getale/Herd/immigrationknowhow/vendor/laravel/framework/src/Illuminate/Http/Middleware/ValidatePostSize.php(27): Illuminate/Pipeline/Pipeline->{closure:{closure:Illuminate/Pipeline/Pipeline::carry():184}:185}(Object(Illuminate/Http/Request))
#52 C:/Users/Lidiya Getale/Herd/immigrationknowhow/vendor/laravel/framework/src/Illuminate/Pipeline/Pipeline.php(209): Illuminate/Http/Middleware/ValidatePostSize->handle(Object(Illuminate/Http/Request), Object(Closure))
#53 C:/Users/Lidiya Getale/Herd/immigrationknowhow/vendor/laravel/framework/src/Illuminate/Foundation/Http/Middleware/PreventRequestsDuringMaintenance.php(110): Illuminate/Pipeline/Pipeline->{closure:{closure:Illuminate/Pipeline/Pipeline::carry():184}:185}(Object(Illuminate/Http/Request))
#54 C:/Users/Lidiya Getale/Herd/immigrationknowhow/vendor/laravel/framework/src/Illuminate/Pipeline/Pipeline.php(209): Illuminate/Foundation/Http/Middleware/PreventRequestsDuringMaintenance->handle(Object(Illuminate/Http/Request), Object(Closure))
#55 C:/Users/Lidiya Getale/Herd/immigrationknowhow/vendor/laravel/framework/src/Illuminate/Http/Middleware/HandleCors.php(49): Illuminate/Pipeline/Pipeline->{closure:{closure:Illuminate/Pipeline/Pipeline::carry():184}:185}(Object(Illuminate/Http/Request))
#56 C:/Users/Lidiya Getale/Herd/immigrationknowhow/vendor/laravel/framework/src/Illuminate/Pipeline/Pipeline.php(209): Illuminate/Http/Middleware/HandleCors->handle(Object(Illuminate/Http/Request), Object(Closure))
#57 C:/Users/Lidiya Getale/Herd/immigrationknowhow/vendor/laravel/framework/src/Illuminate/Http/Middleware/TrustProxies.php(58): Illuminate/Pipeline/Pipeline->{closure:{closure:Illuminate/Pipeline/Pipeline::carry():184}:185}(Object(Illuminate/Http/Request))
#58 C:/Users/Lidiya Getale/Herd/immigrationknowhow/vendor/laravel/framework/src/Illuminate/Pipeline/Pipeline.php(209): Illuminate/Http/Middleware/TrustProxies->handle(Object(Illuminate/Http/Request), Object(Closure))
#59 C:/Users/Lidiya Getale/Herd/immigrationknowhow/vendor/laravel/framework/src/Illuminate/Foundation/Http/Middleware/InvokeDeferredCallbacks.php(22): Illuminate/Pipeline/Pipeline->{closure:{closure:Illuminate/Pipeline/Pipeline::carry():184}:185}(Object(Illuminate/Http/Request))
#60 C:/Users/Lidiya Getale/Herd/immigrationknowhow/vendor/laravel/framework/src/Illuminate/Pipeline/Pipeline.php(209): Illuminate/Foundation/Http/Middleware/InvokeDeferredCallbacks->handle(Object(Illuminate/Http/Request), Object(Closure))
#61 C:/Users/Lidiya Getale/Herd/immigrationknowhow/vendor/laravel/framework/src/Illuminate/Pipeline/Pipeline.php(127): Illuminate/Pipeline/Pipeline->{closure:{closure:Illuminate/Pipeline/Pipeline::carry():184}:185}(Object(Illuminate/Http/Request))
#62 C:/Users/Lidiya Getale/Herd/immigrationknowhow/vendor/laravel/framework/src/Illuminate/Foundation/Http/Kernel.php(176): Illuminate/Pipeline/Pipeline->then(Object(Closure))
#63 C:/Users/Lidiya Getale/Herd/immigrationknowhow/vendor/laravel/framework/src/Illuminate/Foundation/Http/Kernel.php(145): Illuminate/Foundation/Http/Kernel->sendRequestThroughRouter(Object(Illuminate/Http/Request))
#64 C:/Users/Lidiya Getale/Herd/immigrationknowhow/vendor/laravel/framework/src/Illuminate/Foundation/Application.php(1220): Illuminate/Foundation/Http/Kernel->handle(Object(Illuminate/Http/Request))
#65 C:/Users/Lidiya Getale/Herd/immigrationknowhow/public/index.php(17): Illuminate/Foundation/Application->handleRequest(Object(Illuminate/Http/Request))
#66 C:/Program Files/Herd/resources/app.asar.unpacked/resources/valet/server.php(139): require('C://Users//Lidiya...')
#67 {main}
"} 
[2026-04-10 15:04:06] local.ERROR: Target class [App\Http\Controllers\Admin\SettingsController] does not exist. {"userId":48,"exception":"[object] (Illuminate\\Contracts\\Container\\BindingResolutionException(code: 0): Target class [App\\Http\\Controllers\\Admin\\SettingsController] does not exist. at C:/Users/Lidiya Getale/Herd/immigrationknowhow/vendor/laravel/framework/src/Illuminate/Container/Container.php:961)
[stacktrace]
#0 C:/Users/Lidiya Getale/Herd/immigrationknowhow/vendor/laravel/framework/src/Illuminate/Container/Container.php(832): Illuminate/Container/Container->build('App//Http//Contro...')
#1 C:/Users/Lidiya Getale/Herd/immigrationknowhow/vendor/laravel/framework/src/Illuminate/Foundation/Application.php(1078): Illuminate/Container/Container->resolve('App//Http//Contro...', Array, true)
#2 C:/Users/Lidiya Getale/Herd/immigrationknowhow/vendor/laravel/framework/src/Illuminate/Container/Container.php(763): Illuminate/Foundation/Application->resolve('App//Http//Contro...', Array)
#3 C:/Users/Lidiya Getale/Herd/immigrationknowhow/vendor/laravel/framework/src/Illuminate/Foundation/Application.php(1058): Illuminate/Container/Container->make('App//Http//Contro...', Array)
#4 C:/Users/Lidiya Getale/Herd/immigrationknowhow/vendor/laravel/framework/src/Illuminate/Routing/Route.php(285): Illuminate/Foundation/Application->make('App//Http//Contro...')
#5 C:/Users/Lidiya Getale/Herd/immigrationknowhow/vendor/laravel/framework/src/Illuminate/Routing/Route.php(267): Illuminate/Routing/Route->getController()
#6 C:/Users/Lidiya Getale/Herd/immigrationknowhow/vendor/laravel/framework/src/Illuminate/Routing/Route.php(212): Illuminate/Routing/Route->runController()
#7 C:/Users/Lidiya Getale/Herd/immigrationknowhow/vendor/laravel/framework/src/Illuminate/Routing/Router.php(808): Illuminate/Routing/Route->run()
#8 C:/Users/Lidiya Getale/Herd/immigrationknowhow/vendor/laravel/framework/src/Illuminate/Pipeline/Pipeline.php(170): Illuminate/Routing/Router->{closure:Illuminate/Routing/Router::runRouteWithinStack():807}(Object(Illuminate/Http/Request))
#9 C:/Users/Lidiya Getale/Herd/immigrationknowhow/app/Http/Middleware/EnsureOnboardingComplete.php(30): Illuminate/Pipeline/Pipeline->{closure:Illuminate/Pipeline/Pipeline::prepareDestination():168}(Object(Illuminate/Http/Request))
#10 C:/Users/Lidiya Getale/Herd/immigrationknowhow/vendor/laravel/framework/src/Illuminate/Pipeline/Pipeline.php(209): App/Http/Middleware/EnsureOnboardingComplete->handle(Object(Illuminate/Http/Request), Object(Closure))
#11 C:/Users/Lidiya Getale/Herd/immigrationknowhow/vendor/spatie/laravel-permission/src/Middleware/RoleMiddleware.php(37): Illuminate/Pipeline/Pipeline->{closure:{closure:Illuminate/Pipeline/Pipeline::carry():184}:185}(Object(Illuminate/Http/Request))
#12 C:/Users/Lidiya Getale/Herd/immigrationknowhow/vendor/laravel/framework/src/Illuminate/Pipeline/Pipeline.php(209): Spatie/Permission/Middleware/RoleMiddleware->handle(Object(Illuminate/Http/Request), Object(Closure), 'admin|super_adm...')
#13 C:/Users/Lidiya Getale/Herd/immigrationknowhow/vendor/inertiajs/inertia-laravel/src/Middleware.php(87): Illuminate/Pipeline/Pipeline->{closure:{closure:Illuminate/Pipeline/Pipeline::carry():184}:185}(Object(Illuminate/Http/Request))
#14 C:/Users/Lidiya Getale/Herd/immigrationknowhow/vendor/laravel/framework/src/Illuminate/Pipeline/Pipeline.php(209): Inertia/Middleware->handle(Object(Illuminate/Http/Request), Object(Closure))
#15 C:/Users/Lidiya Getale/Herd/immigrationknowhow/vendor/laravel/framework/src/Illuminate/Routing/Middleware/SubstituteBindings.php(51): Illuminate/Pipeline/Pipeline->{closure:{closure:Illuminate/Pipeline/Pipeline::carry():184}:185}(Object(Illuminate/Http/Request))
#16 C:/Users/Lidiya Getale/Herd/immigrationknowhow/vendor/laravel/framework/src/Illuminate/Pipeline/Pipeline.php(209): Illuminate/Routing/Middleware/SubstituteBindings->handle(Object(Illuminate/Http/Request), Object(Closure))
#17 C:/Users/Lidiya Getale/Herd/immigrationknowhow/vendor/laravel/framework/src/Illuminate/Auth/Middleware/Authenticate.php(64): Illuminate/Pipeline/Pipeline->{closure:{closure:Illuminate/Pipeline/Pipeline::carry():184}:185}(Object(Illuminate/Http/Request))
#18 C:/Users/Lidiya Getale/Herd/immigrationknowhow/vendor/laravel/framework/src/Illuminate/Pipeline/Pipeline.php(209): Illuminate/Auth/Middleware/Authenticate->handle(Object(Illuminate/Http/Request), Object(Closure))
#19 C:/Users/Lidiya Getale/Herd/immigrationknowhow/vendor/laravel/framework/src/Illuminate/Foundation/Http/Middleware/VerifyCsrfToken.php(88): Illuminate/Pipeline/Pipeline->{closure:{closure:Illuminate/Pipeline/Pipeline::carry():184}:185}(Object(Illuminate/Http/Request))
#20 C:/Users/Lidiya Getale/Herd/immigrationknowhow/vendor/laravel/framework/src/Illuminate/Pipeline/Pipeline.php(209): Illuminate/Foundation/Http/Middleware/VerifyCsrfToken->handle(Object(Illuminate/Http/Request), Object(Closure))
#21 C:/Users/Lidiya Getale/Herd/immigrationknowhow/vendor/laravel/framework/src/Illuminate/View/Middleware/ShareErrorsFromSession.php(49): Illuminate/Pipeline/Pipeline->{closure:{closure:Illuminate/Pipeline/Pipeline::carry():184}:185}(Object(Illuminate/Http/Request))
#22 C:/Users/Lidiya Getale/Herd/immigrationknowhow/vendor/laravel/framework/src/Illuminate/Pipeline/Pipeline.php(209): Illuminate/View/Middleware/ShareErrorsFromSession->handle(Object(Illuminate/Http/Request), Object(Closure))
#23 C:/Users/Lidiya Getale/Herd/immigrationknowhow/vendor/laravel/framework/src/Illuminate/Session/Middleware/StartSession.php(121): Illuminate/Pipeline/Pipeline->{closure:{closure:Illuminate/Pipeline/Pipeline::carry():184}:185}(Object(Illuminate/Http/Request))
#24 C:/Users/Lidiya Getale/Herd/immigrationknowhow/vendor/laravel/framework/src/Illuminate/Session/Middleware/StartSession.php(64): Illuminate/Session/Middleware/StartSession->handleStatefulRequest(Object(Illuminate/Http/Request), Object(Illuminate/Session/Store), Object(Closure))
#25 C:/Users/Lidiya Getale/Herd/immigrationknowhow/vendor/laravel/framework/src/Illuminate/Pipeline/Pipeline.php(209): Illuminate/Session/Middleware/StartSession->handle(Object(Illuminate/Http/Request), Object(Closure))
#26 C:/Users/Lidiya Getale/Herd/immigrationknowhow/vendor/laravel/framework/src/Illuminate/Cookie/Middleware/AddQueuedCookiesToResponse.php(37): Illuminate/Pipeline/Pipeline->{closure:{closure:Illuminate/Pipeline/Pipeline::carry():184}:185}(Object(Illuminate/Http/Request))
#27 C:/Users/Lidiya Getale/Herd/immigrationknowhow/vendor/laravel/framework/src/Illuminate/Pipeline/Pipeline.php(209): Illuminate/Cookie/Middleware/AddQueuedCookiesToResponse->handle(Object(Illuminate/Http/Request), Object(Closure))
#28 C:/Users/Lidiya Getale/Herd/immigrationknowhow/vendor/laravel/framework/src/Illuminate/Cookie/Middleware/EncryptCookies.php(75): Illuminate/Pipeline/Pipeline->{closure:{closure:Illuminate/Pipeline/Pipeline::carry():184}:185}(Object(Illuminate/Http/Request))
#29 C:/Users/Lidiya Getale/Herd/immigrationknowhow/vendor/laravel/framework/src/Illuminate/Pipeline/Pipeline.php(209): Illuminate/Cookie/Middleware/EncryptCookies->handle(Object(Illuminate/Http/Request), Object(Closure))
#30 C:/Users/Lidiya Getale/Herd/immigrationknowhow/vendor/laravel/framework/src/Illuminate/Pipeline/Pipeline.php(127): Illuminate/Pipeline/Pipeline->{closure:{closure:Illuminate/Pipeline/Pipeline::carry():184}:185}(Object(Illuminate/Http/Request))
#31 C:/Users/Lidiya Getale/Herd/immigrationknowhow/vendor/laravel/framework/src/Illuminate/Routing/Router.php(807): Illuminate/Pipeline/Pipeline->then(Object(Closure))
#32 C:/Users/Lidiya Getale/Herd/immigrationknowhow/vendor/laravel/framework/src/Illuminate/Routing/Router.php(786): Illuminate/Routing/Router->runRouteWithinStack(Object(Illuminate/Routing/Route), Object(Illuminate/Http/Request))
#33 C:/Users/Lidiya Getale/Herd/immigrationknowhow/vendor/laravel/framework/src/Illuminate/Routing/Router.php(750): Illuminate/Routing/Router->runRoute(Object(Illuminate/Http/Request), Object(Illuminate/Routing/Route))
#34 C:/Users/Lidiya Getale/Herd/immigrationknowhow/vendor/laravel/framework/src/Illuminate/Routing/Router.php(739): Illuminate/Routing/Router->dispatchToRoute(Object(Illuminate/Http/Request))
#35 C:/Users/Lidiya Getale/Herd/immigrationknowhow/vendor/laravel/framework/src/Illuminate/Foundation/Http/Kernel.php(201): Illuminate/Routing/Router->dispatch(Object(Illuminate/Http/Request))
#36 C:/Users/Lidiya Getale/Herd/immigrationknowhow/vendor/laravel/framework/src/Illuminate/Pipeline/Pipeline.php(170): Illuminate/Foundation/Http/Kernel->{closure:Illuminate/Foundation/Http/Kernel::dispatchToRouter():198}(Object(Illuminate/Http/Request))
#37 C:/Users/Lidiya Getale/Herd/immigrationknowhow/vendor/laravel/framework/src/Illuminate/Foundation/Http/Middleware/TransformsRequest.php(21): Illuminate/Pipeline/Pipeline->{closure:Illuminate/Pipeline/Pipeline::prepareDestination():168}(Object(Illuminate/Http/Request))
#38 C:/Users/Lidiya Getale/Herd/immigrationknowhow/vendor/laravel/framework/src/Illuminate/Foundation/Http/Middleware/ConvertEmptyStringsToNull.php(31): Illuminate/Foundation/Http/Middleware/TransformsRequest->handle(Object(Illuminate/Http/Request), Object(Closure))
#39 C:/Users/Lidiya Getale/Herd/immigrationknowhow/vendor/laravel/framework/src/Illuminate/Pipeline/Pipeline.php(209): Illuminate/Foundation/Http/Middleware/ConvertEmptyStringsToNull->handle(Object(Illuminate/Http/Request), Object(Closure))
#40 C:/Users/Lidiya Getale/Herd/immigrationknowhow/vendor/laravel/framework/src/Illuminate/Foundation/Http/Middleware/TransformsRequest.php(21): Illuminate/Pipeline/Pipeline->{closure:{closure:Illuminate/Pipeline/Pipeline::carry():184}:185}(Object(Illuminate/Http/Request))
#41 C:/Users/Lidiya Getale/Herd/immigrationknowhow/vendor/laravel/framework/src/Illuminate/Foundation/Http/Middleware/TrimStrings.php(51): Illuminate/Foundation/Http/Middleware/TransformsRequest->handle(Object(Illuminate/Http/Request), Object(Closure))
#42 C:/Users/Lidiya Getale/Herd/immigrationknowhow/vendor/laravel/framework/src/Illuminate/Pipeline/Pipeline.php(209): Illuminate/Foundation/Http/Middleware/TrimStrings->handle(Object(Illuminate/Http/Request), Object(Closure))
#43 C:/Users/Lidiya Getale/Herd/immigrationknowhow/vendor/laravel/framework/src/Illuminate/Http/Middleware/ValidatePostSize.php(27): Illuminate/Pipeline/Pipeline->{closure:{closure:Illuminate/Pipeline/Pipeline::carry():184}:185}(Object(Illuminate/Http/Request))
#44 C:/Users/Lidiya Getale/Herd/immigrationknowhow/vendor/laravel/framework/src/Illuminate/Pipeline/Pipeline.php(209): Illuminate/Http/Middleware/ValidatePostSize->handle(Object(Illuminate/Http/Request), Object(Closure))
#45 C:/Users/Lidiya Getale/Herd/immigrationknowhow/vendor/laravel/framework/src/Illuminate/Foundation/Http/Middleware/PreventRequestsDuringMaintenance.php(110): Illuminate/Pipeline/Pipeline->{closure:{closure:Illuminate/Pipeline/Pipeline::carry():184}:185}(Object(Illuminate/Http/Request))
#46 C:/Users/Lidiya Getale/Herd/immigrationknowhow/vendor/laravel/framework/src/Illuminate/Pipeline/Pipeline.php(209): Illuminate/Foundation/Http/Middleware/PreventRequestsDuringMaintenance->handle(Object(Illuminate/Http/Request), Object(Closure))
#47 C:/Users/Lidiya Getale/Herd/immigrationknowhow/vendor/laravel/framework/src/Illuminate/Http/Middleware/HandleCors.php(49): Illuminate/Pipeline/Pipeline->{closure:{closure:Illuminate/Pipeline/Pipeline::carry():184}:185}(Object(Illuminate/Http/Request))
#48 C:/Users/Lidiya Getale/Herd/immigrationknowhow/vendor/laravel/framework/src/Illuminate/Pipeline/Pipeline.php(209): Illuminate/Http/Middleware/HandleCors->handle(Object(Illuminate/Http/Request), Object(Closure))
#49 C:/Users/Lidiya Getale/Herd/immigrationknowhow/vendor/laravel/framework/src/Illuminate/Http/Middleware/TrustProxies.php(58): Illuminate/Pipeline/Pipeline->{closure:{closure:Illuminate/Pipeline/Pipeline::carry():184}:185}(Object(Illuminate/Http/Request))
#50 C:/Users/Lidiya Getale/Herd/immigrationknowhow/vendor/laravel/framework/src/Illuminate/Pipeline/Pipeline.php(209): Illuminate/Http/Middleware/TrustProxies->handle(Object(Illuminate/Http/Request), Object(Closure))
#51 C:/Users/Lidiya Getale/Herd/immigrationknowhow/vendor/laravel/framework/src/Illuminate/Foundation/Http/Middleware/InvokeDeferredCallbacks.php(22): Illuminate/Pipeline/Pipeline->{closure:{closure:Illuminate/Pipeline/Pipeline::carry():184}:185}(Object(Illuminate/Http/Request))
#52 C:/Users/Lidiya Getale/Herd/immigrationknowhow/vendor/laravel/framework/src/Illuminate/Pipeline/Pipeline.php(209): Illuminate/Foundation/Http/Middleware/InvokeDeferredCallbacks->handle(Object(Illuminate/Http/Request), Object(Closure))
#53 C:/Users/Lidiya Getale/Herd/immigrationknowhow/vendor/laravel/framework/src/Illuminate/Pipeline/Pipeline.php(127): Illuminate/Pipeline/Pipeline->{closure:{closure:Illuminate/Pipeline/Pipeline::carry():184}:185}(Object(Illuminate/Http/Request))
#54 C:/Users/Lidiya Getale/Herd/immigrationknowhow/vendor/laravel/framework/src/Illuminate/Foundation/Http/Kernel.php(176): Illuminate/Pipeline/Pipeline->then(Object(Closure))
#55 C:/Users/Lidiya Getale/Herd/immigrationknowhow/vendor/laravel/framework/src/Illuminate/Foundation/Http/Kernel.php(145): Illuminate/Foundation/Http/Kernel->sendRequestThroughRouter(Object(Illuminate/Http/Request))
#56 C:/Users/Lidiya Getale/Herd/immigrationknowhow/vendor/laravel/framework/src/Illuminate/Foundation/Application.php(1220): Illuminate/Foundation/Http/Kernel->handle(Object(Illuminate/Http/Request))
#57 C:/Users/Lidiya Getale/Herd/immigrationknowhow/public/index.php(17): Illuminate/Foundation/Application->handleRequest(Object(Illuminate/Http/Request))
#58 C:/Program Files/Herd/resources/app.asar.unpacked/resources/valet/server.php(139): require('C://Users//Lidiya...')
#59 {main}

[previous exception] [object] (ReflectionException(code: -1): Class \"App\\Http\\Controllers\\Admin\\SettingsController\" does not exist at C:/Users/Lidiya Getale/Herd/immigrationknowhow/vendor/laravel/framework/src/Illuminate/Container/Container.php:959)
[stacktrace]
#0 C:/Users/Lidiya Getale/Herd/immigrationknowhow/vendor/laravel/framework/src/Illuminate/Container/Container.php(959): ReflectionClass->__construct('App//Http//Contro...')
#1 C:/Users/Lidiya Getale/Herd/immigrationknowhow/vendor/laravel/framework/src/Illuminate/Container/Container.php(832): Illuminate/Container/Container->build('App//Http//Contro...')
#2 C:/Users/Lidiya Getale/Herd/immigrationknowhow/vendor/laravel/framework/src/Illuminate/Foundation/Application.php(1078): Illuminate/Container/Container->resolve('App//Http//Contro...', Array, true)
#3 C:/Users/Lidiya Getale/Herd/immigrationknowhow/vendor/laravel/framework/src/Illuminate/Container/Container.php(763): Illuminate/Foundation/Application->resolve('App//Http//Contro...', Array)
#4 C:/Users/Lidiya Getale/Herd/immigrationknowhow/vendor/laravel/framework/src/Illuminate/Foundation/Application.php(1058): Illuminate/Container/Container->make('App//Http//Contro...', Array)
#5 C:/Users/Lidiya Getale/Herd/immigrationknowhow/vendor/laravel/framework/src/Illuminate/Routing/Route.php(285): Illuminate/Foundation/Application->make('App//Http//Contro...')
#6 C:/Users/Lidiya Getale/Herd/immigrationknowhow/vendor/laravel/framework/src/Illuminate/Routing/Route.php(267): Illuminate/Routing/Route->getController()
#7 C:/Users/Lidiya Getale/Herd/immigrationknowhow/vendor/laravel/framework/src/Illuminate/Routing/Route.php(212): Illuminate/Routing/Route->runController()
#8 C:/Users/Lidiya Getale/Herd/immigrationknowhow/vendor/laravel/framework/src/Illuminate/Routing/Router.php(808): Illuminate/Routing/Route->run()
#9 C:/Users/Lidiya Getale/Herd/immigrationknowhow/vendor/laravel/framework/src/Illuminate/Pipeline/Pipeline.php(170): Illuminate/Routing/Router->{closure:Illuminate/Routing/Router::runRouteWithinStack():807}(Object(Illuminate/Http/Request))
#10 C:/Users/Lidiya Getale/Herd/immigrationknowhow/app/Http/Middleware/EnsureOnboardingComplete.php(30): Illuminate/Pipeline/Pipeline->{closure:Illuminate/Pipeline/Pipeline::prepareDestination():168}(Object(Illuminate/Http/Request))
#11 C:/Users/Lidiya Getale/Herd/immigrationknowhow/vendor/laravel/framework/src/Illuminate/Pipeline/Pipeline.php(209): App/Http/Middleware/EnsureOnboardingComplete->handle(Object(Illuminate/Http/Request), Object(Closure))
#12 C:/Users/Lidiya Getale/Herd/immigrationknowhow/vendor/spatie/laravel-permission/src/Middleware/RoleMiddleware.php(37): Illuminate/Pipeline/Pipeline->{closure:{closure:Illuminate/Pipeline/Pipeline::carry():184}:185}(Object(Illuminate/Http/Request))
#13 C:/Users/Lidiya Getale/Herd/immigrationknowhow/vendor/laravel/framework/src/Illuminate/Pipeline/Pipeline.php(209): Spatie/Permission/Middleware/RoleMiddleware->handle(Object(Illuminate/Http/Request), Object(Closure), 'admin|super_adm...')
#14 C:/Users/Lidiya Getale/Herd/immigrationknowhow/vendor/inertiajs/inertia-laravel/src/Middleware.php(87): Illuminate/Pipeline/Pipeline->{closure:{closure:Illuminate/Pipeline/Pipeline::carry():184}:185}(Object(Illuminate/Http/Request))
#15 C:/Users/Lidiya Getale/Herd/immigrationknowhow/vendor/laravel/framework/src/Illuminate/Pipeline/Pipeline.php(209): Inertia/Middleware->handle(Object(Illuminate/Http/Request), Object(Closure))
#16 C:/Users/Lidiya Getale/Herd/immigrationknowhow/vendor/laravel/framework/src/Illuminate/Routing/Middleware/SubstituteBindings.php(51): Illuminate/Pipeline/Pipeline->{closure:{closure:Illuminate/Pipeline/Pipeline::carry():184}:185}(Object(Illuminate/Http/Request))
#17 C:/Users/Lidiya Getale/Herd/immigrationknowhow/vendor/laravel/framework/src/Illuminate/Pipeline/Pipeline.php(209): Illuminate/Routing/Middleware/SubstituteBindings->handle(Object(Illuminate/Http/Request), Object(Closure))
#18 C:/Users/Lidiya Getale/Herd/immigrationknowhow/vendor/laravel/framework/src/Illuminate/Auth/Middleware/Authenticate.php(64): Illuminate/Pipeline/Pipeline->{closure:{closure:Illuminate/Pipeline/Pipeline::carry():184}:185}(Object(Illuminate/Http/Request))
#19 C:/Users/Lidiya Getale/Herd/immigrationknowhow/vendor/laravel/framework/src/Illuminate/Pipeline/Pipeline.php(209): Illuminate/Auth/Middleware/Authenticate->handle(Object(Illuminate/Http/Request), Object(Closure))
#20 C:/Users/Lidiya Getale/Herd/immigrationknowhow/vendor/laravel/framework/src/Illuminate/Foundation/Http/Middleware/VerifyCsrfToken.php(88): Illuminate/Pipeline/Pipeline->{closure:{closure:Illuminate/Pipeline/Pipeline::carry():184}:185}(Object(Illuminate/Http/Request))
#21 C:/Users/Lidiya Getale/Herd/immigrationknowhow/vendor/laravel/framework/src/Illuminate/Pipeline/Pipeline.php(209): Illuminate/Foundation/Http/Middleware/VerifyCsrfToken->handle(Object(Illuminate/Http/Request), Object(Closure))
#22 C:/Users/Lidiya Getale/Herd/immigrationknowhow/vendor/laravel/framework/src/Illuminate/View/Middleware/ShareErrorsFromSession.php(49): Illuminate/Pipeline/Pipeline->{closure:{closure:Illuminate/Pipeline/Pipeline::carry():184}:185}(Object(Illuminate/Http/Request))
#23 C:/Users/Lidiya Getale/Herd/immigrationknowhow/vendor/laravel/framework/src/Illuminate/Pipeline/Pipeline.php(209): Illuminate/View/Middleware/ShareErrorsFromSession->handle(Object(Illuminate/Http/Request), Object(Closure))
#24 C:/Users/Lidiya Getale/Herd/immigrationknowhow/vendor/laravel/framework/src/Illuminate/Session/Middleware/StartSession.php(121): Illuminate/Pipeline/Pipeline->{closure:{closure:Illuminate/Pipeline/Pipeline::carry():184}:185}(Object(Illuminate/Http/Request))
#25 C:/Users/Lidiya Getale/Herd/immigrationknowhow/vendor/laravel/framework/src/Illuminate/Session/Middleware/StartSession.php(64): Illuminate/Session/Middleware/StartSession->handleStatefulRequest(Object(Illuminate/Http/Request), Object(Illuminate/Session/Store), Object(Closure))
#26 C:/Users/Lidiya Getale/Herd/immigrationknowhow/vendor/laravel/framework/src/Illuminate/Pipeline/Pipeline.php(209): Illuminate/Session/Middleware/StartSession->handle(Object(Illuminate/Http/Request), Object(Closure))
#27 C:/Users/Lidiya Getale/Herd/immigrationknowhow/vendor/laravel/framework/src/Illuminate/Cookie/Middleware/AddQueuedCookiesToResponse.php(37): Illuminate/Pipeline/Pipeline->{closure:{closure:Illuminate/Pipeline/Pipeline::carry():184}:185}(Object(Illuminate/Http/Request))
#28 C:/Users/Lidiya Getale/Herd/immigrationknowhow/vendor/laravel/framework/src/Illuminate/Pipeline/Pipeline.php(209): Illuminate/Cookie/Middleware/AddQueuedCookiesToResponse->handle(Object(Illuminate/Http/Request), Object(Closure))
#29 C:/Users/Lidiya Getale/Herd/immigrationknowhow/vendor/laravel/framework/src/Illuminate/Cookie/Middleware/EncryptCookies.php(75): Illuminate/Pipeline/Pipeline->{closure:{closure:Illuminate/Pipeline/Pipeline::carry():184}:185}(Object(Illuminate/Http/Request))
#30 C:/Users/Lidiya Getale/Herd/immigrationknowhow/vendor/laravel/framework/src/Illuminate/Pipeline/Pipeline.php(209): Illuminate/Cookie/Middleware/EncryptCookies->handle(Object(Illuminate/Http/Request), Object(Closure))
#31 C:/Users/Lidiya Getale/Herd/immigrationknowhow/vendor/laravel/framework/src/Illuminate/Pipeline/Pipeline.php(127): Illuminate/Pipeline/Pipeline->{closure:{closure:Illuminate/Pipeline/Pipeline::carry():184}:185}(Object(Illuminate/Http/Request))
#32 C:/Users/Lidiya Getale/Herd/immigrationknowhow/vendor/laravel/framework/src/Illuminate/Routing/Router.php(807): Illuminate/Pipeline/Pipeline->then(Object(Closure))
#33 C:/Users/Lidiya Getale/Herd/immigrationknowhow/vendor/laravel/framework/src/Illuminate/Routing/Router.php(786): Illuminate/Routing/Router->runRouteWithinStack(Object(Illuminate/Routing/Route), Object(Illuminate/Http/Request))
#34 C:/Users/Lidiya Getale/Herd/immigrationknowhow/vendor/laravel/framework/src/Illuminate/Routing/Router.php(750): Illuminate/Routing/Router->runRoute(Object(Illuminate/Http/Request), Object(Illuminate/Routing/Route))
#35 C:/Users/Lidiya Getale/Herd/immigrationknowhow/vendor/laravel/framework/src/Illuminate/Routing/Router.php(739): Illuminate/Routing/Router->dispatchToRoute(Object(Illuminate/Http/Request))
#36 C:/Users/Lidiya Getale/Herd/immigrationknowhow/vendor/laravel/framework/src/Illuminate/Foundation/Http/Kernel.php(201): Illuminate/Routing/Router->dispatch(Object(Illuminate/Http/Request))
#37 C:/Users/Lidiya Getale/Herd/immigrationknowhow/vendor/laravel/framework/src/Illuminate/Pipeline/Pipeline.php(170): Illuminate/Foundation/Http/Kernel->{closure:Illuminate/Foundation/Http/Kernel::dispatchToRouter():198}(Object(Illuminate/Http/Request))
#38 C:/Users/Lidiya Getale/Herd/immigrationknowhow/vendor/laravel/framework/src/Illuminate/Foundation/Http/Middleware/TransformsRequest.php(21): Illuminate/Pipeline/Pipeline->{closure:Illuminate/Pipeline/Pipeline::prepareDestination():168}(Object(Illuminate/Http/Request))
#39 C:/Users/Lidiya Getale/Herd/immigrationknowhow/vendor/laravel/framework/src/Illuminate/Foundation/Http/Middleware/ConvertEmptyStringsToNull.php(31): Illuminate/Foundation/Http/Middleware/TransformsRequest->handle(Object(Illuminate/Http/Request), Object(Closure))
#40 C:/Users/Lidiya Getale/Herd/immigrationknowhow/vendor/laravel/framework/src/Illuminate/Pipeline/Pipeline.php(209): Illuminate/Foundation/Http/Middleware/ConvertEmptyStringsToNull->handle(Object(Illuminate/Http/Request), Object(Closure))
#41 C:/Users/Lidiya Getale/Herd/immigrationknowhow/vendor/laravel/framework/src/Illuminate/Foundation/Http/Middleware/TransformsRequest.php(21): Illuminate/Pipeline/Pipeline->{closure:{closure:Illuminate/Pipeline/Pipeline::carry():184}:185}(Object(Illuminate/Http/Request))
#42 C:/Users/Lidiya Getale/Herd/immigrationknowhow/vendor/laravel/framework/src/Illuminate/Foundation/Http/Middleware/TrimStrings.php(51): Illuminate/Foundation/Http/Middleware/TransformsRequest->handle(Object(Illuminate/Http/Request), Object(Closure))
#43 C:/Users/Lidiya Getale/Herd/immigrationknowhow/vendor/laravel/framework/src/Illuminate/Pipeline/Pipeline.php(209): Illuminate/Foundation/Http/Middleware/TrimStrings->handle(Object(Illuminate/Http/Request), Object(Closure))
#44 C:/Users/Lidiya Getale/Herd/immigrationknowhow/vendor/laravel/framework/src/Illuminate/Http/Middleware/ValidatePostSize.php(27): Illuminate/Pipeline/Pipeline->{closure:{closure:Illuminate/Pipeline/Pipeline::carry():184}:185}(Object(Illuminate/Http/Request))
#45 C:/Users/Lidiya Getale/Herd/immigrationknowhow/vendor/laravel/framework/src/Illuminate/Pipeline/Pipeline.php(209): Illuminate/Http/Middleware/ValidatePostSize->handle(Object(Illuminate/Http/Request), Object(Closure))
#46 C:/Users/Lidiya Getale/Herd/immigrationknowhow/vendor/laravel/framework/src/Illuminate/Foundation/Http/Middleware/PreventRequestsDuringMaintenance.php(110): Illuminate/Pipeline/Pipeline->{closure:{closure:Illuminate/Pipeline/Pipeline::carry():184}:185}(Object(Illuminate/Http/Request))
#47 C:/Users/Lidiya Getale/Herd/immigrationknowhow/vendor/laravel/framework/src/Illuminate/Pipeline/Pipeline.php(209): Illuminate/Foundation/Http/Middleware/PreventRequestsDuringMaintenance->handle(Object(Illuminate/Http/Request), Object(Closure))
#48 C:/Users/Lidiya Getale/Herd/immigrationknowhow/vendor/laravel/framework/src/Illuminate/Http/Middleware/HandleCors.php(49): Illuminate/Pipeline/Pipeline->{closure:{closure:Illuminate/Pipeline/Pipeline::carry():184}:185}(Object(Illuminate/Http/Request))
#49 C:/Users/Lidiya Getale/Herd/immigrationknowhow/vendor/laravel/framework/src/Illuminate/Pipeline/Pipeline.php(209): Illuminate/Http/Middleware/HandleCors->handle(Object(Illuminate/Http/Request), Object(Closure))
#50 C:/Users/Lidiya Getale/Herd/immigrationknowhow/vendor/laravel/framework/src/Illuminate/Http/Middleware/TrustProxies.php(58): Illuminate/Pipeline/Pipeline->{closure:{closure:Illuminate/Pipeline/Pipeline::carry():184}:185}(Object(Illuminate/Http/Request))
#51 C:/Users/Lidiya Getale/Herd/immigrationknowhow/vendor/laravel/framework/src/Illuminate/Pipeline/Pipeline.php(209): Illuminate/Http/Middleware/TrustProxies->handle(Object(Illuminate/Http/Request), Object(Closure))
#52 C:/Users/Lidiya Getale/Herd/immigrationknowhow/vendor/laravel/framework/src/Illuminate/Foundation/Http/Middleware/InvokeDeferredCallbacks.php(22): Illuminate/Pipeline/Pipeline->{closure:{closure:Illuminate/Pipeline/Pipeline::carry():184}:185}(Object(Illuminate/Http/Request))
#53 C:/Users/Lidiya Getale/Herd/immigrationknowhow/vendor/laravel/framework/src/Illuminate/Pipeline/Pipeline.php(209): Illuminate/Foundation/Http/Middleware/InvokeDeferredCallbacks->handle(Object(Illuminate/Http/Request), Object(Closure))
#54 C:/Users/Lidiya Getale/Herd/immigrationknowhow/vendor/laravel/framework/src/Illuminate/Pipeline/Pipeline.php(127): Illuminate/Pipeline/Pipeline->{closure:{closure:Illuminate/Pipeline/Pipeline::carry():184}:185}(Object(Illuminate/Http/Request))
#55 C:/Users/Lidiya Getale/Herd/immigrationknowhow/vendor/laravel/framework/src/Illuminate/Foundation/Http/Kernel.php(176): Illuminate/Pipeline/Pipeline->then(Object(Closure))
#56 C:/Users/Lidiya Getale/Herd/immigrationknowhow/vendor/laravel/framework/src/Illuminate/Foundation/Http/Kernel.php(145): Illuminate/Foundation/Http/Kernel->sendRequestThroughRouter(Object(Illuminate/Http/Request))
#57 C:/Users/Lidiya Getale/Herd/immigrationknowhow/vendor/laravel/framework/src/Illuminate/Foundation/Application.php(1220): Illuminate/Foundation/Http/Kernel->handle(Object(Illuminate/Http/Request))
#58 C:/Users/Lidiya Getale/Herd/immigrationknowhow/public/index.php(17): Illuminate/Foundation/Application->handleRequest(Object(Illuminate/Http/Request))
#59 C:/Program Files/Herd/resources/app.asar.unpacked/resources/valet/server.php(139): require('C://Users//Lidiya...')
#60 {main}
"} 
[2026-04-10 15:04:28] local.ERROR: Target class [App\Http\Controllers\Admin\SettingsController] does not exist. {"userId":48,"exception":"[object] (Illuminate\\Contracts\\Container\\BindingResolutionException(code: 0): Target class [App\\Http\\Controllers\\Admin\\SettingsController] does not exist. at C:/Users/Lidiya Getale/Herd/immigrationknowhow/vendor/laravel/framework/src/Illuminate/Container/Container.php:961)
[stacktrace]
#0 C:/Users/Lidiya Getale/Herd/immigrationknowhow/vendor/laravel/framework/src/Illuminate/Container/Container.php(832): Illuminate/Container/Container->build('App//Http//Contro...')
#1 C:/Users/Lidiya Getale/Herd/immigrationknowhow/vendor/laravel/framework/src/Illuminate/Foundation/Application.php(1078): Illuminate/Container/Container->resolve('App//Http//Contro...', Array, true)
#2 C:/Users/Lidiya Getale/Herd/immigrationknowhow/vendor/laravel/framework/src/Illuminate/Container/Container.php(763): Illuminate/Foundation/Application->resolve('App//Http//Contro...', Array)
#3 C:/Users/Lidiya Getale/Herd/immigrationknowhow/vendor/laravel/framework/src/Illuminate/Foundation/Application.php(1058): Illuminate/Container/Container->make('App//Http//Contro...', Array)
#4 C:/Users/Lidiya Getale/Herd/immigrationknowhow/vendor/laravel/framework/src/Illuminate/Routing/Route.php(285): Illuminate/Foundation/Application->make('App//Http//Contro...')
#5 C:/Users/Lidiya Getale/Herd/immigrationknowhow/vendor/laravel/framework/src/Illuminate/Routing/Route.php(267): Illuminate/Routing/Route->getController()
#6 C:/Users/Lidiya Getale/Herd/immigrationknowhow/vendor/laravel/framework/src/Illuminate/Routing/Route.php(212): Illuminate/Routing/Route->runController()
#7 C:/Users/Lidiya Getale/Herd/immigrationknowhow/vendor/laravel/framework/src/Illuminate/Routing/Router.php(808): Illuminate/Routing/Route->run()
#8 C:/Users/Lidiya Getale/Herd/immigrationknowhow/vendor/laravel/framework/src/Illuminate/Pipeline/Pipeline.php(170): Illuminate/Routing/Router->{closure:Illuminate/Routing/Router::runRouteWithinStack():807}(Object(Illuminate/Http/Request))
#9 C:/Users/Lidiya Getale/Herd/immigrationknowhow/app/Http/Middleware/EnsureOnboardingComplete.php(30): Illuminate/Pipeline/Pipeline->{closure:Illuminate/Pipeline/Pipeline::prepareDestination():168}(Object(Illuminate/Http/Request))
#10 C:/Users/Lidiya Getale/Herd/immigrationknowhow/vendor/laravel/framework/src/Illuminate/Pipeline/Pipeline.php(209): App/Http/Middleware/EnsureOnboardingComplete->handle(Object(Illuminate/Http/Request), Object(Closure))
#11 C:/Users/Lidiya Getale/Herd/immigrationknowhow/vendor/spatie/laravel-permission/src/Middleware/RoleMiddleware.php(37): Illuminate/Pipeline/Pipeline->{closure:{closure:Illuminate/Pipeline/Pipeline::carry():184}:185}(Object(Illuminate/Http/Request))
#12 C:/Users/Lidiya Getale/Herd/immigrationknowhow/vendor/laravel/framework/src/Illuminate/Pipeline/Pipeline.php(209): Spatie/Permission/Middleware/RoleMiddleware->handle(Object(Illuminate/Http/Request), Object(Closure), 'admin|super_adm...')
#13 C:/Users/Lidiya Getale/Herd/immigrationknowhow/vendor/inertiajs/inertia-laravel/src/Middleware.php(87): Illuminate/Pipeline/Pipeline->{closure:{closure:Illuminate/Pipeline/Pipeline::carry():184}:185}(Object(Illuminate/Http/Request))
#14 C:/Users/Lidiya Getale/Herd/immigrationknowhow/vendor/laravel/framework/src/Illuminate/Pipeline/Pipeline.php(209): Inertia/Middleware->handle(Object(Illuminate/Http/Request), Object(Closure))
#15 C:/Users/Lidiya Getale/Herd/immigrationknowhow/vendor/laravel/framework/src/Illuminate/Routing/Middleware/SubstituteBindings.php(51): Illuminate/Pipeline/Pipeline->{closure:{closure:Illuminate/Pipeline/Pipeline::carry():184}:185}(Object(Illuminate/Http/Request))
#16 C:/Users/Lidiya Getale/Herd/immigrationknowhow/vendor/laravel/framework/src/Illuminate/Pipeline/Pipeline.php(209): Illuminate/Routing/Middleware/SubstituteBindings->handle(Object(Illuminate/Http/Request), Object(Closure))
#17 C:/Users/Lidiya Getale/Herd/immigrationknowhow/vendor/laravel/framework/src/Illuminate/Auth/Middleware/Authenticate.php(64): Illuminate/Pipeline/Pipeline->{closure:{closure:Illuminate/Pipeline/Pipeline::carry():184}:185}(Object(Illuminate/Http/Request))
#18 C:/Users/Lidiya Getale/Herd/immigrationknowhow/vendor/laravel/framework/src/Illuminate/Pipeline/Pipeline.php(209): Illuminate/Auth/Middleware/Authenticate->handle(Object(Illuminate/Http/Request), Object(Closure))
#19 C:/Users/Lidiya Getale/Herd/immigrationknowhow/vendor/laravel/framework/src/Illuminate/Foundation/Http/Middleware/VerifyCsrfToken.php(88): Illuminate/Pipeline/Pipeline->{closure:{closure:Illuminate/Pipeline/Pipeline::carry():184}:185}(Object(Illuminate/Http/Request))
#20 C:/Users/Lidiya Getale/Herd/immigrationknowhow/vendor/laravel/framework/src/Illuminate/Pipeline/Pipeline.php(209): Illuminate/Foundation/Http/Middleware/VerifyCsrfToken->handle(Object(Illuminate/Http/Request), Object(Closure))
#21 C:/Users/Lidiya Getale/Herd/immigrationknowhow/vendor/laravel/framework/src/Illuminate/View/Middleware/ShareErrorsFromSession.php(49): Illuminate/Pipeline/Pipeline->{closure:{closure:Illuminate/Pipeline/Pipeline::carry():184}:185}(Object(Illuminate/Http/Request))
#22 C:/Users/Lidiya Getale/Herd/immigrationknowhow/vendor/laravel/framework/src/Illuminate/Pipeline/Pipeline.php(209): Illuminate/View/Middleware/ShareErrorsFromSession->handle(Object(Illuminate/Http/Request), Object(Closure))
#23 C:/Users/Lidiya Getale/Herd/immigrationknowhow/vendor/laravel/framework/src/Illuminate/Session/Middleware/StartSession.php(121): Illuminate/Pipeline/Pipeline->{closure:{closure:Illuminate/Pipeline/Pipeline::carry():184}:185}(Object(Illuminate/Http/Request))
#24 C:/Users/Lidiya Getale/Herd/immigrationknowhow/vendor/laravel/framework/src/Illuminate/Session/Middleware/StartSession.php(64): Illuminate/Session/Middleware/StartSession->handleStatefulRequest(Object(Illuminate/Http/Request), Object(Illuminate/Session/Store), Object(Closure))
#25 C:/Users/Lidiya Getale/Herd/immigrationknowhow/vendor/laravel/framework/src/Illuminate/Pipeline/Pipeline.php(209): Illuminate/Session/Middleware/StartSession->handle(Object(Illuminate/Http/Request), Object(Closure))
#26 C:/Users/Lidiya Getale/Herd/immigrationknowhow/vendor/laravel/framework/src/Illuminate/Cookie/Middleware/AddQueuedCookiesToResponse.php(37): Illuminate/Pipeline/Pipeline->{closure:{closure:Illuminate/Pipeline/Pipeline::carry():184}:185}(Object(Illuminate/Http/Request))
#27 C:/Users/Lidiya Getale/Herd/immigrationknowhow/vendor/laravel/framework/src/Illuminate/Pipeline/Pipeline.php(209): Illuminate/Cookie/Middleware/AddQueuedCookiesToResponse->handle(Object(Illuminate/Http/Request), Object(Closure))
#28 C:/Users/Lidiya Getale/Herd/immigrationknowhow/vendor/laravel/framework/src/Illuminate/Cookie/Middleware/EncryptCookies.php(75): Illuminate/Pipeline/Pipeline->{closure:{closure:Illuminate/Pipeline/Pipeline::carry():184}:185}(Object(Illuminate/Http/Request))
#29 C:/Users/Lidiya Getale/Herd/immigrationknowhow/vendor/laravel/framework/src/Illuminate/Pipeline/Pipeline.php(209): Illuminate/Cookie/Middleware/EncryptCookies->handle(Object(Illuminate/Http/Request), Object(Closure))
#30 C:/Users/Lidiya Getale/Herd/immigrationknowhow/vendor/laravel/framework/src/Illuminate/Pipeline/Pipeline.php(127): Illuminate/Pipeline/Pipeline->{closure:{closure:Illuminate/Pipeline/Pipeline::carry():184}:185}(Object(Illuminate/Http/Request))
#31 C:/Users/Lidiya Getale/Herd/immigrationknowhow/vendor/laravel/framework/src/Illuminate/Routing/Router.php(807): Illuminate/Pipeline/Pipeline->then(Object(Closure))
#32 C:/Users/Lidiya Getale/Herd/immigrationknowhow/vendor/laravel/framework/src/Illuminate/Routing/Router.php(786): Illuminate/Routing/Router->runRouteWithinStack(Object(Illuminate/Routing/Route), Object(Illuminate/Http/Request))
#33 C:/Users/Lidiya Getale/Herd/immigrationknowhow/vendor/laravel/framework/src/Illuminate/Routing/Router.php(750): Illuminate/Routing/Router->runRoute(Object(Illuminate/Http/Request), Object(Illuminate/Routing/Route))
#34 C:/Users/Lidiya Getale/Herd/immigrationknowhow/vendor/laravel/framework/src/Illuminate/Routing/Router.php(739): Illuminate/Routing/Router->dispatchToRoute(Object(Illuminate/Http/Request))
#35 C:/Users/Lidiya Getale/Herd/immigrationknowhow/vendor/laravel/framework/src/Illuminate/Foundation/Http/Kernel.php(201): Illuminate/Routing/Router->dispatch(Object(Illuminate/Http/Request))
#36 C:/Users/Lidiya Getale/Herd/immigrationknowhow/vendor/laravel/framework/src/Illuminate/Pipeline/Pipeline.php(170): Illuminate/Foundation/Http/Kernel->{closure:Illuminate/Foundation/Http/Kernel::dispatchToRouter():198}(Object(Illuminate/Http/Request))
#37 C:/Users/Lidiya Getale/Herd/immigrationknowhow/vendor/laravel/framework/src/Illuminate/Foundation/Http/Middleware/TransformsRequest.php(21): Illuminate/Pipeline/Pipeline->{closure:Illuminate/Pipeline/Pipeline::prepareDestination():168}(Object(Illuminate/Http/Request))
#38 C:/Users/Lidiya Getale/Herd/immigrationknowhow/vendor/laravel/framework/src/Illuminate/Foundation/Http/Middleware/ConvertEmptyStringsToNull.php(31): Illuminate/Foundation/Http/Middleware/TransformsRequest->handle(Object(Illuminate/Http/Request), Object(Closure))
#39 C:/Users/Lidiya Getale/Herd/immigrationknowhow/vendor/laravel/framework/src/Illuminate/Pipeline/Pipeline.php(209): Illuminate/Foundation/Http/Middleware/ConvertEmptyStringsToNull->handle(Object(Illuminate/Http/Request), Object(Closure))
#40 C:/Users/Lidiya Getale/Herd/immigrationknowhow/vendor/laravel/framework/src/Illuminate/Foundation/Http/Middleware/TransformsRequest.php(21): Illuminate/Pipeline/Pipeline->{closure:{closure:Illuminate/Pipeline/Pipeline::carry():184}:185}(Object(Illuminate/Http/Request))
#41 C:/Users/Lidiya Getale/Herd/immigrationknowhow/vendor/laravel/framework/src/Illuminate/Foundation/Http/Middleware/TrimStrings.php(51): Illuminate/Foundation/Http/Middleware/TransformsRequest->handle(Object(Illuminate/Http/Request), Object(Closure))
#42 C:/Users/Lidiya Getale/Herd/immigrationknowhow/vendor/laravel/framework/src/Illuminate/Pipeline/Pipeline.php(209): Illuminate/Foundation/Http/Middleware/TrimStrings->handle(Object(Illuminate/Http/Request), Object(Closure))
#43 C:/Users/Lidiya Getale/Herd/immigrationknowhow/vendor/laravel/framework/src/Illuminate/Http/Middleware/ValidatePostSize.php(27): Illuminate/Pipeline/Pipeline->{closure:{closure:Illuminate/Pipeline/Pipeline::carry():184}:185}(Object(Illuminate/Http/Request))
#44 C:/Users/Lidiya Getale/Herd/immigrationknowhow/vendor/laravel/framework/src/Illuminate/Pipeline/Pipeline.php(209): Illuminate/Http/Middleware/ValidatePostSize->handle(Object(Illuminate/Http/Request), Object(Closure))
#45 C:/Users/Lidiya Getale/Herd/immigrationknowhow/vendor/laravel/framework/src/Illuminate/Foundation/Http/Middleware/PreventRequestsDuringMaintenance.php(110): Illuminate/Pipeline/Pipeline->{closure:{closure:Illuminate/Pipeline/Pipeline::carry():184}:185}(Object(Illuminate/Http/Request))
#46 C:/Users/Lidiya Getale/Herd/immigrationknowhow/vendor/laravel/framework/src/Illuminate/Pipeline/Pipeline.php(209): Illuminate/Foundation/Http/Middleware/PreventRequestsDuringMaintenance->handle(Object(Illuminate/Http/Request), Object(Closure))
#47 C:/Users/Lidiya Getale/Herd/immigrationknowhow/vendor/laravel/framework/src/Illuminate/Http/Middleware/HandleCors.php(49): Illuminate/Pipeline/Pipeline->{closure:{closure:Illuminate/Pipeline/Pipeline::carry():184}:185}(Object(Illuminate/Http/Request))
#48 C:/Users/Lidiya Getale/Herd/immigrationknowhow/vendor/laravel/framework/src/Illuminate/Pipeline/Pipeline.php(209): Illuminate/Http/Middleware/HandleCors->handle(Object(Illuminate/Http/Request), Object(Closure))
#49 C:/Users/Lidiya Getale/Herd/immigrationknowhow/vendor/laravel/framework/src/Illuminate/Http/Middleware/TrustProxies.php(58): Illuminate/Pipeline/Pipeline->{closure:{closure:Illuminate/Pipeline/Pipeline::carry():184}:185}(Object(Illuminate/Http/Request))
#50 C:/Users/Lidiya Getale/Herd/immigrationknowhow/vendor/laravel/framework/src/Illuminate/Pipeline/Pipeline.php(209): Illuminate/Http/Middleware/TrustProxies->handle(Object(Illuminate/Http/Request), Object(Closure))
#51 C:/Users/Lidiya Getale/Herd/immigrationknowhow/vendor/laravel/framework/src/Illuminate/Foundation/Http/Middleware/InvokeDeferredCallbacks.php(22): Illuminate/Pipeline/Pipeline->{closure:{closure:Illuminate/Pipeline/Pipeline::carry():184}:185}(Object(Illuminate/Http/Request))
#52 C:/Users/Lidiya Getale/Herd/immigrationknowhow/vendor/laravel/framework/src/Illuminate/Pipeline/Pipeline.php(209): Illuminate/Foundation/Http/Middleware/InvokeDeferredCallbacks->handle(Object(Illuminate/Http/Request), Object(Closure))
#53 C:/Users/Lidiya Getale/Herd/immigrationknowhow/vendor/laravel/framework/src/Illuminate/Pipeline/Pipeline.php(127): Illuminate/Pipeline/Pipeline->{closure:{closure:Illuminate/Pipeline/Pipeline::carry():184}:185}(Object(Illuminate/Http/Request))
#54 C:/Users/Lidiya Getale/Herd/immigrationknowhow/vendor/laravel/framework/src/Illuminate/Foundation/Http/Kernel.php(176): Illuminate/Pipeline/Pipeline->then(Object(Closure))
#55 C:/Users/Lidiya Getale/Herd/immigrationknowhow/vendor/laravel/framework/src/Illuminate/Foundation/Http/Kernel.php(145): Illuminate/Foundation/Http/Kernel->sendRequestThroughRouter(Object(Illuminate/Http/Request))
#56 C:/Users/Lidiya Getale/Herd/immigrationknowhow/vendor/laravel/framework/src/Illuminate/Foundation/Application.php(1220): Illuminate/Foundation/Http/Kernel->handle(Object(Illuminate/Http/Request))
#57 C:/Users/Lidiya Getale/Herd/immigrationknowhow/public/index.php(17): Illuminate/Foundation/Application->handleRequest(Object(Illuminate/Http/Request))
#58 C:/Program Files/Herd/resources/app.asar.unpacked/resources/valet/server.php(139): require('C://Users//Lidiya...')
#59 {main}

[previous exception] [object] (ReflectionException(code: -1): Class \"App\\Http\\Controllers\\Admin\\SettingsController\" does not exist at C:/Users/Lidiya Getale/Herd/immigrationknowhow/vendor/laravel/framework/src/Illuminate/Container/Container.php:959)
[stacktrace]
#0 C:/Users/Lidiya Getale/Herd/immigrationknowhow/vendor/laravel/framework/src/Illuminate/Container/Container.php(959): ReflectionClass->__construct('App//Http//Contro...')
#1 C:/Users/Lidiya Getale/Herd/immigrationknowhow/vendor/laravel/framework/src/Illuminate/Container/Container.php(832): Illuminate/Container/Container->build('App//Http//Contro...')
#2 C:/Users/Lidiya Getale/Herd/immigrationknowhow/vendor/laravel/framework/src/Illuminate/Foundation/Application.php(1078): Illuminate/Container/Container->resolve('App//Http//Contro...', Array, true)
#3 C:/Users/Lidiya Getale/Herd/immigrationknowhow/vendor/laravel/framework/src/Illuminate/Container/Container.php(763): Illuminate/Foundation/Application->resolve('App//Http//Contro...', Array)
#4 C:/Users/Lidiya Getale/Herd/immigrationknowhow/vendor/laravel/framework/src/Illuminate/Foundation/Application.php(1058): Illuminate/Container/Container->make('App//Http//Contro...', Array)
#5 C:/Users/Lidiya Getale/Herd/immigrationknowhow/vendor/laravel/framework/src/Illuminate/Routing/Route.php(285): Illuminate/Foundation/Application->make('App//Http//Contro...')
#6 C:/Users/Lidiya Getale/Herd/immigrationknowhow/vendor/laravel/framework/src/Illuminate/Routing/Route.php(267): Illuminate/Routing/Route->getController()
#7 C:/Users/Lidiya Getale/Herd/immigrationknowhow/vendor/laravel/framework/src/Illuminate/Routing/Route.php(212): Illuminate/Routing/Route->runController()
#8 C:/Users/Lidiya Getale/Herd/immigrationknowhow/vendor/laravel/framework/src/Illuminate/Routing/Router.php(808): Illuminate/Routing/Route->run()
#9 C:/Users/Lidiya Getale/Herd/immigrationknowhow/vendor/laravel/framework/src/Illuminate/Pipeline/Pipeline.php(170): Illuminate/Routing/Router->{closure:Illuminate/Routing/Router::runRouteWithinStack():807}(Object(Illuminate/Http/Request))
#10 C:/Users/Lidiya Getale/Herd/immigrationknowhow/app/Http/Middleware/EnsureOnboardingComplete.php(30): Illuminate/Pipeline/Pipeline->{closure:Illuminate/Pipeline/Pipeline::prepareDestination():168}(Object(Illuminate/Http/Request))
#11 C:/Users/Lidiya Getale/Herd/immigrationknowhow/vendor/laravel/framework/src/Illuminate/Pipeline/Pipeline.php(209): App/Http/Middleware/EnsureOnboardingComplete->handle(Object(Illuminate/Http/Request), Object(Closure))
#12 C:/Users/Lidiya Getale/Herd/immigrationknowhow/vendor/spatie/laravel-permission/src/Middleware/RoleMiddleware.php(37): Illuminate/Pipeline/Pipeline->{closure:{closure:Illuminate/Pipeline/Pipeline::carry():184}:185}(Object(Illuminate/Http/Request))
#13 C:/Users/Lidiya Getale/Herd/immigrationknowhow/vendor/laravel/framework/src/Illuminate/Pipeline/Pipeline.php(209): Spatie/Permission/Middleware/RoleMiddleware->handle(Object(Illuminate/Http/Request), Object(Closure), 'admin|super_adm...')
#14 C:/Users/Lidiya Getale/Herd/immigrationknowhow/vendor/inertiajs/inertia-laravel/src/Middleware.php(87): Illuminate/Pipeline/Pipeline->{closure:{closure:Illuminate/Pipeline/Pipeline::carry():184}:185}(Object(Illuminate/Http/Request))
#15 C:/Users/Lidiya Getale/Herd/immigrationknowhow/vendor/laravel/framework/src/Illuminate/Pipeline/Pipeline.php(209): Inertia/Middleware->handle(Object(Illuminate/Http/Request), Object(Closure))
#16 C:/Users/Lidiya Getale/Herd/immigrationknowhow/vendor/laravel/framework/src/Illuminate/Routing/Middleware/SubstituteBindings.php(51): Illuminate/Pipeline/Pipeline->{closure:{closure:Illuminate/Pipeline/Pipeline::carry():184}:185}(Object(Illuminate/Http/Request))
#17 C:/Users/Lidiya Getale/Herd/immigrationknowhow/vendor/laravel/framework/src/Illuminate/Pipeline/Pipeline.php(209): Illuminate/Routing/Middleware/SubstituteBindings->handle(Object(Illuminate/Http/Request), Object(Closure))
#18 C:/Users/Lidiya Getale/Herd/immigrationknowhow/vendor/laravel/framework/src/Illuminate/Auth/Middleware/Authenticate.php(64): Illuminate/Pipeline/Pipeline->{closure:{closure:Illuminate/Pipeline/Pipeline::carry():184}:185}(Object(Illuminate/Http/Request))
#19 C:/Users/Lidiya Getale/Herd/immigrationknowhow/vendor/laravel/framework/src/Illuminate/Pipeline/Pipeline.php(209): Illuminate/Auth/Middleware/Authenticate->handle(Object(Illuminate/Http/Request), Object(Closure))
#20 C:/Users/Lidiya Getale/Herd/immigrationknowhow/vendor/laravel/framework/src/Illuminate/Foundation/Http/Middleware/VerifyCsrfToken.php(88): Illuminate/Pipeline/Pipeline->{closure:{closure:Illuminate/Pipeline/Pipeline::carry():184}:185}(Object(Illuminate/Http/Request))
#21 C:/Users/Lidiya Getale/Herd/immigrationknowhow/vendor/laravel/framework/src/Illuminate/Pipeline/Pipeline.php(209): Illuminate/Foundation/Http/Middleware/VerifyCsrfToken->handle(Object(Illuminate/Http/Request), Object(Closure))
#22 C:/Users/Lidiya Getale/Herd/immigrationknowhow/vendor/laravel/framework/src/Illuminate/View/Middleware/ShareErrorsFromSession.php(49): Illuminate/Pipeline/Pipeline->{closure:{closure:Illuminate/Pipeline/Pipeline::carry():184}:185}(Object(Illuminate/Http/Request))
#23 C:/Users/Lidiya Getale/Herd/immigrationknowhow/vendor/laravel/framework/src/Illuminate/Pipeline/Pipeline.php(209): Illuminate/View/Middleware/ShareErrorsFromSession->handle(Object(Illuminate/Http/Request), Object(Closure))
#24 C:/Users/Lidiya Getale/Herd/immigrationknowhow/vendor/laravel/framework/src/Illuminate/Session/Middleware/StartSession.php(121): Illuminate/Pipeline/Pipeline->{closure:{closure:Illuminate/Pipeline/Pipeline::carry():184}:185}(Object(Illuminate/Http/Request))
#25 C:/Users/Lidiya Getale/Herd/immigrationknowhow/vendor/laravel/framework/src/Illuminate/Session/Middleware/StartSession.php(64): Illuminate/Session/Middleware/StartSession->handleStatefulRequest(Object(Illuminate/Http/Request), Object(Illuminate/Session/Store), Object(Closure))
#26 C:/Users/Lidiya Getale/Herd/immigrationknowhow/vendor/laravel/framework/src/Illuminate/Pipeline/Pipeline.php(209): Illuminate/Session/Middleware/StartSession->handle(Object(Illuminate/Http/Request), Object(Closure))
#27 C:/Users/Lidiya Getale/Herd/immigrationknowhow/vendor/laravel/framework/src/Illuminate/Cookie/Middleware/AddQueuedCookiesToResponse.php(37): Illuminate/Pipeline/Pipeline->{closure:{closure:Illuminate/Pipeline/Pipeline::carry():184}:185}(Object(Illuminate/Http/Request))
#28 C:/Users/Lidiya Getale/Herd/immigrationknowhow/vendor/laravel/framework/src/Illuminate/Pipeline/Pipeline.php(209): Illuminate/Cookie/Middleware/AddQueuedCookiesToResponse->handle(Object(Illuminate/Http/Request), Object(Closure))
#29 C:/Users/Lidiya Getale/Herd/immigrationknowhow/vendor/laravel/framework/src/Illuminate/Cookie/Middleware/EncryptCookies.php(75): Illuminate/Pipeline/Pipeline->{closure:{closure:Illuminate/Pipeline/Pipeline::carry():184}:185}(Object(Illuminate/Http/Request))
#30 C:/Users/Lidiya Getale/Herd/immigrationknowhow/vendor/laravel/framework/src/Illuminate/Pipeline/Pipeline.php(209): Illuminate/Cookie/Middleware/EncryptCookies->handle(Object(Illuminate/Http/Request), Object(Closure))
#31 C:/Users/Lidiya Getale/Herd/immigrationknowhow/vendor/laravel/framework/src/Illuminate/Pipeline/Pipeline.php(127): Illuminate/Pipeline/Pipeline->{closure:{closure:Illuminate/Pipeline/Pipeline::carry():184}:185}(Object(Illuminate/Http/Request))
#32 C:/Users/Lidiya Getale/Herd/immigrationknowhow/vendor/laravel/framework/src/Illuminate/Routing/Router.php(807): Illuminate/Pipeline/Pipeline->then(Object(Closure))
#33 C:/Users/Lidiya Getale/Herd/immigrationknowhow/vendor/laravel/framework/src/Illuminate/Routing/Router.php(786): Illuminate/Routing/Router->runRouteWithinStack(Object(Illuminate/Routing/Route), Object(Illuminate/Http/Request))
#34 C:/Users/Lidiya Getale/Herd/immigrationknowhow/vendor/laravel/framework/src/Illuminate/Routing/Router.php(750): Illuminate/Routing/Router->runRoute(Object(Illuminate/Http/Request), Object(Illuminate/Routing/Route))
#35 C:/Users/Lidiya Getale/Herd/immigrationknowhow/vendor/laravel/framework/src/Illuminate/Routing/Router.php(739): Illuminate/Routing/Router->dispatchToRoute(Object(Illuminate/Http/Request))
#36 C:/Users/Lidiya Getale/Herd/immigrationknowhow/vendor/laravel/framework/src/Illuminate/Foundation/Http/Kernel.php(201): Illuminate/Routing/Router->dispatch(Object(Illuminate/Http/Request))
#37 C:/Users/Lidiya Getale/Herd/immigrationknowhow/vendor/laravel/framework/src/Illuminate/Pipeline/Pipeline.php(170): Illuminate/Foundation/Http/Kernel->{closure:Illuminate/Foundation/Http/Kernel::dispatchToRouter():198}(Object(Illuminate/Http/Request))
#38 C:/Users/Lidiya Getale/Herd/immigrationknowhow/vendor/laravel/framework/src/Illuminate/Foundation/Http/Middleware/TransformsRequest.php(21): Illuminate/Pipeline/Pipeline->{closure:Illuminate/Pipeline/Pipeline::prepareDestination():168}(Object(Illuminate/Http/Request))
#39 C:/Users/Lidiya Getale/Herd/immigrationknowhow/vendor/laravel/framework/src/Illuminate/Foundation/Http/Middleware/ConvertEmptyStringsToNull.php(31): Illuminate/Foundation/Http/Middleware/TransformsRequest->handle(Object(Illuminate/Http/Request), Object(Closure))
#40 C:/Users/Lidiya Getale/Herd/immigrationknowhow/vendor/laravel/framework/src/Illuminate/Pipeline/Pipeline.php(209): Illuminate/Foundation/Http/Middleware/ConvertEmptyStringsToNull->handle(Object(Illuminate/Http/Request), Object(Closure))
#41 C:/Users/Lidiya Getale/Herd/immigrationknowhow/vendor/laravel/framework/src/Illuminate/Foundation/Http/Middleware/TransformsRequest.php(21): Illuminate/Pipeline/Pipeline->{closure:{closure:Illuminate/Pipeline/Pipeline::carry():184}:185}(Object(Illuminate/Http/Request))
#42 C:/Users/Lidiya Getale/Herd/immigrationknowhow/vendor/laravel/framework/src/Illuminate/Foundation/Http/Middleware/TrimStrings.php(51): Illuminate/Foundation/Http/Middleware/TransformsRequest->handle(Object(Illuminate/Http/Request), Object(Closure))
#43 C:/Users/Lidiya Getale/Herd/immigrationknowhow/vendor/laravel/framework/src/Illuminate/Pipeline/Pipeline.php(209): Illuminate/Foundation/Http/Middleware/TrimStrings->handle(Object(Illuminate/Http/Request), Object(Closure))
#44 C:/Users/Lidiya Getale/Herd/immigrationknowhow/vendor/laravel/framework/src/Illuminate/Http/Middleware/ValidatePostSize.php(27): Illuminate/Pipeline/Pipeline->{closure:{closure:Illuminate/Pipeline/Pipeline::carry():184}:185}(Object(Illuminate/Http/Request))
#45 C:/Users/Lidiya Getale/Herd/immigrationknowhow/vendor/laravel/framework/src/Illuminate/Pipeline/Pipeline.php(209): Illuminate/Http/Middleware/ValidatePostSize->handle(Object(Illuminate/Http/Request), Object(Closure))
#46 C:/Users/Lidiya Getale/Herd/immigrationknowhow/vendor/laravel/framework/src/Illuminate/Foundation/Http/Middleware/PreventRequestsDuringMaintenance.php(110): Illuminate/Pipeline/Pipeline->{closure:{closure:Illuminate/Pipeline/Pipeline::carry():184}:185}(Object(Illuminate/Http/Request))
#47 C:/Users/Lidiya Getale/Herd/immigrationknowhow/vendor/laravel/framework/src/Illuminate/Pipeline/Pipeline.php(209): Illuminate/Foundation/Http/Middleware/PreventRequestsDuringMaintenance->handle(Object(Illuminate/Http/Request), Object(Closure))
#48 C:/Users/Lidiya Getale/Herd/immigrationknowhow/vendor/laravel/framework/src/Illuminate/Http/Middleware/HandleCors.php(49): Illuminate/Pipeline/Pipeline->{closure:{closure:Illuminate/Pipeline/Pipeline::carry():184}:185}(Object(Illuminate/Http/Request))
#49 C:/Users/Lidiya Getale/Herd/immigrationknowhow/vendor/laravel/framework/src/Illuminate/Pipeline/Pipeline.php(209): Illuminate/Http/Middleware/HandleCors->handle(Object(Illuminate/Http/Request), Object(Closure))
#50 C:/Users/Lidiya Getale/Herd/immigrationknowhow/vendor/laravel/framework/src/Illuminate/Http/Middleware/TrustProxies.php(58): Illuminate/Pipeline/Pipeline->{closure:{closure:Illuminate/Pipeline/Pipeline::carry():184}:185}(Object(Illuminate/Http/Request))
#51 C:/Users/Lidiya Getale/Herd/immigrationknowhow/vendor/laravel/framework/src/Illuminate/Pipeline/Pipeline.php(209): Illuminate/Http/Middleware/TrustProxies->handle(Object(Illuminate/Http/Request), Object(Closure))
#52 C:/Users/Lidiya Getale/Herd/immigrationknowhow/vendor/laravel/framework/src/Illuminate/Foundation/Http/Middleware/InvokeDeferredCallbacks.php(22): Illuminate/Pipeline/Pipeline->{closure:{closure:Illuminate/Pipeline/Pipeline::carry():184}:185}(Object(Illuminate/Http/Request))
#53 C:/Users/Lidiya Getale/Herd/immigrationknowhow/vendor/laravel/framework/src/Illuminate/Pipeline/Pipeline.php(209): Illuminate/Foundation/Http/Middleware/InvokeDeferredCallbacks->handle(Object(Illuminate/Http/Request), Object(Closure))
#54 C:/Users/Lidiya Getale/Herd/immigrationknowhow/vendor/laravel/framework/src/Illuminate/Pipeline/Pipeline.php(127): Illuminate/Pipeline/Pipeline->{closure:{closure:Illuminate/Pipeline/Pipeline::carry():184}:185}(Object(Illuminate/Http/Request))
#55 C:/Users/Lidiya Getale/Herd/immigrationknowhow/vendor/laravel/framework/src/Illuminate/Foundation/Http/Kernel.php(176): Illuminate/Pipeline/Pipeline->then(Object(Closure))
#56 C:/Users/Lidiya Getale/Herd/immigrationknowhow/vendor/laravel/framework/src/Illuminate/Foundation/Http/Kernel.php(145): Illuminate/Foundation/Http/Kernel->sendRequestThroughRouter(Object(Illuminate/Http/Request))
#57 C:/Users/Lidiya Getale/Herd/immigrationknowhow/vendor/laravel/framework/src/Illuminate/Foundation/Application.php(1220): Illuminate/Foundation/Http/Kernel->handle(Object(Illuminate/Http/Request))
#58 C:/Users/Lidiya Getale/Herd/immigrationknowhow/public/index.php(17): Illuminate/Foundation/Application->handleRequest(Object(Illuminate/Http/Request))
#59 C:/Program Files/Herd/resources/app.asar.unpacked/resources/valet/server.php(139): require('C://Users//Lidiya...')
#60 {main}
"} 
[2026-04-10 15:04:59] local.ERROR: Target class [App\Http\Controllers\Admin\ReportController] does not exist. {"userId":48,"exception":"[object] (Illuminate\\Contracts\\Container\\BindingResolutionException(code: 0): Target class [App\\Http\\Controllers\\Admin\\ReportController] does not exist. at C:/Users/Lidiya Getale/Herd/immigrationknowhow/vendor/laravel/framework/src/Illuminate/Container/Container.php:961)
[stacktrace]
#0 C:/Users/Lidiya Getale/Herd/immigrationknowhow/vendor/laravel/framework/src/Illuminate/Container/Container.php(832): Illuminate/Container/Container->build('App//Http//Contro...')
#1 C:/Users/Lidiya Getale/Herd/immigrationknowhow/vendor/laravel/framework/src/Illuminate/Foundation/Application.php(1078): Illuminate/Container/Container->resolve('App//Http//Contro...', Array, true)
#2 C:/Users/Lidiya Getale/Herd/immigrationknowhow/vendor/laravel/framework/src/Illuminate/Container/Container.php(763): Illuminate/Foundation/Application->resolve('App//Http//Contro...', Array)
#3 C:/Users/Lidiya Getale/Herd/immigrationknowhow/vendor/laravel/framework/src/Illuminate/Foundation/Application.php(1058): Illuminate/Container/Container->make('App//Http//Contro...', Array)
#4 C:/Users/Lidiya Getale/Herd/immigrationknowhow/vendor/laravel/framework/src/Illuminate/Routing/Route.php(285): Illuminate/Foundation/Application->make('App//Http//Contro...')
#5 C:/Users/Lidiya Getale/Herd/immigrationknowhow/vendor/laravel/framework/src/Illuminate/Routing/Route.php(267): Illuminate/Routing/Route->getController()
#6 C:/Users/Lidiya Getale/Herd/immigrationknowhow/vendor/laravel/framework/src/Illuminate/Routing/Route.php(212): Illuminate/Routing/Route->runController()
#7 C:/Users/Lidiya Getale/Herd/immigrationknowhow/vendor/laravel/framework/src/Illuminate/Routing/Router.php(808): Illuminate/Routing/Route->run()
#8 C:/Users/Lidiya Getale/Herd/immigrationknowhow/vendor/laravel/framework/src/Illuminate/Pipeline/Pipeline.php(170): Illuminate/Routing/Router->{closure:Illuminate/Routing/Router::runRouteWithinStack():807}(Object(Illuminate/Http/Request))
#9 C:/Users/Lidiya Getale/Herd/immigrationknowhow/app/Http/Middleware/EnsureOnboardingComplete.php(30): Illuminate/Pipeline/Pipeline->{closure:Illuminate/Pipeline/Pipeline::prepareDestination():168}(Object(Illuminate/Http/Request))
#10 C:/Users/Lidiya Getale/Herd/immigrationknowhow/vendor/laravel/framework/src/Illuminate/Pipeline/Pipeline.php(209): App/Http/Middleware/EnsureOnboardingComplete->handle(Object(Illuminate/Http/Request), Object(Closure))
#11 C:/Users/Lidiya Getale/Herd/immigrationknowhow/vendor/spatie/laravel-permission/src/Middleware/RoleMiddleware.php(37): Illuminate/Pipeline/Pipeline->{closure:{closure:Illuminate/Pipeline/Pipeline::carry():184}:185}(Object(Illuminate/Http/Request))
#12 C:/Users/Lidiya Getale/Herd/immigrationknowhow/vendor/laravel/framework/src/Illuminate/Pipeline/Pipeline.php(209): Spatie/Permission/Middleware/RoleMiddleware->handle(Object(Illuminate/Http/Request), Object(Closure), 'admin|super_adm...')
#13 C:/Users/Lidiya Getale/Herd/immigrationknowhow/vendor/inertiajs/inertia-laravel/src/Middleware.php(87): Illuminate/Pipeline/Pipeline->{closure:{closure:Illuminate/Pipeline/Pipeline::carry():184}:185}(Object(Illuminate/Http/Request))
#14 C:/Users/Lidiya Getale/Herd/immigrationknowhow/vendor/laravel/framework/src/Illuminate/Pipeline/Pipeline.php(209): Inertia/Middleware->handle(Object(Illuminate/Http/Request), Object(Closure))
#15 C:/Users/Lidiya Getale/Herd/immigrationknowhow/vendor/laravel/framework/src/Illuminate/Routing/Middleware/SubstituteBindings.php(51): Illuminate/Pipeline/Pipeline->{closure:{closure:Illuminate/Pipeline/Pipeline::carry():184}:185}(Object(Illuminate/Http/Request))
#16 C:/Users/Lidiya Getale/Herd/immigrationknowhow/vendor/laravel/framework/src/Illuminate/Pipeline/Pipeline.php(209): Illuminate/Routing/Middleware/SubstituteBindings->handle(Object(Illuminate/Http/Request), Object(Closure))
#17 C:/Users/Lidiya Getale/Herd/immigrationknowhow/vendor/laravel/framework/src/Illuminate/Auth/Middleware/Authenticate.php(64): Illuminate/Pipeline/Pipeline->{closure:{closure:Illuminate/Pipeline/Pipeline::carry():184}:185}(Object(Illuminate/Http/Request))
#18 C:/Users/Lidiya Getale/Herd/immigrationknowhow/vendor/laravel/framework/src/Illuminate/Pipeline/Pipeline.php(209): Illuminate/Auth/Middleware/Authenticate->handle(Object(Illuminate/Http/Request), Object(Closure))
#19 C:/Users/Lidiya Getale/Herd/immigrationknowhow/vendor/laravel/framework/src/Illuminate/Foundation/Http/Middleware/VerifyCsrfToken.php(88): Illuminate/Pipeline/Pipeline->{closure:{closure:Illuminate/Pipeline/Pipeline::carry():184}:185}(Object(Illuminate/Http/Request))
#20 C:/Users/Lidiya Getale/Herd/immigrationknowhow/vendor/laravel/framework/src/Illuminate/Pipeline/Pipeline.php(209): Illuminate/Foundation/Http/Middleware/VerifyCsrfToken->handle(Object(Illuminate/Http/Request), Object(Closure))
#21 C:/Users/Lidiya Getale/Herd/immigrationknowhow/vendor/laravel/framework/src/Illuminate/View/Middleware/ShareErrorsFromSession.php(49): Illuminate/Pipeline/Pipeline->{closure:{closure:Illuminate/Pipeline/Pipeline::carry():184}:185}(Object(Illuminate/Http/Request))
#22 C:/Users/Lidiya Getale/Herd/immigrationknowhow/vendor/laravel/framework/src/Illuminate/Pipeline/Pipeline.php(209): Illuminate/View/Middleware/ShareErrorsFromSession->handle(Object(Illuminate/Http/Request), Object(Closure))
#23 C:/Users/Lidiya Getale/Herd/immigrationknowhow/vendor/laravel/framework/src/Illuminate/Session/Middleware/StartSession.php(121): Illuminate/Pipeline/Pipeline->{closure:{closure:Illuminate/Pipeline/Pipeline::carry():184}:185}(Object(Illuminate/Http/Request))
#24 C:/Users/Lidiya Getale/Herd/immigrationknowhow/vendor/laravel/framework/src/Illuminate/Session/Middleware/StartSession.php(64): Illuminate/Session/Middleware/StartSession->handleStatefulRequest(Object(Illuminate/Http/Request), Object(Illuminate/Session/Store), Object(Closure))
#25 C:/Users/Lidiya Getale/Herd/immigrationknowhow/vendor/laravel/framework/src/Illuminate/Pipeline/Pipeline.php(209): Illuminate/Session/Middleware/StartSession->handle(Object(Illuminate/Http/Request), Object(Closure))
#26 C:/Users/Lidiya Getale/Herd/immigrationknowhow/vendor/laravel/framework/src/Illuminate/Cookie/Middleware/AddQueuedCookiesToResponse.php(37): Illuminate/Pipeline/Pipeline->{closure:{closure:Illuminate/Pipeline/Pipeline::carry():184}:185}(Object(Illuminate/Http/Request))
#27 C:/Users/Lidiya Getale/Herd/immigrationknowhow/vendor/laravel/framework/src/Illuminate/Pipeline/Pipeline.php(209): Illuminate/Cookie/Middleware/AddQueuedCookiesToResponse->handle(Object(Illuminate/Http/Request), Object(Closure))
#28 C:/Users/Lidiya Getale/Herd/immigrationknowhow/vendor/laravel/framework/src/Illuminate/Cookie/Middleware/EncryptCookies.php(75): Illuminate/Pipeline/Pipeline->{closure:{closure:Illuminate/Pipeline/Pipeline::carry():184}:185}(Object(Illuminate/Http/Request))
#29 C:/Users/Lidiya Getale/Herd/immigrationknowhow/vendor/laravel/framework/src/Illuminate/Pipeline/Pipeline.php(209): Illuminate/Cookie/Middleware/EncryptCookies->handle(Object(Illuminate/Http/Request), Object(Closure))
#30 C:/Users/Lidiya Getale/Herd/immigrationknowhow/vendor/laravel/framework/src/Illuminate/Pipeline/Pipeline.php(127): Illuminate/Pipeline/Pipeline->{closure:{closure:Illuminate/Pipeline/Pipeline::carry():184}:185}(Object(Illuminate/Http/Request))
#31 C:/Users/Lidiya Getale/Herd/immigrationknowhow/vendor/laravel/framework/src/Illuminate/Routing/Router.php(807): Illuminate/Pipeline/Pipeline->then(Object(Closure))
#32 C:/Users/Lidiya Getale/Herd/immigrationknowhow/vendor/laravel/framework/src/Illuminate/Routing/Router.php(786): Illuminate/Routing/Router->runRouteWithinStack(Object(Illuminate/Routing/Route), Object(Illuminate/Http/Request))
#33 C:/Users/Lidiya Getale/Herd/immigrationknowhow/vendor/laravel/framework/src/Illuminate/Routing/Router.php(750): Illuminate/Routing/Router->runRoute(Object(Illuminate/Http/Request), Object(Illuminate/Routing/Route))
#34 C:/Users/Lidiya Getale/Herd/immigrationknowhow/vendor/laravel/framework/src/Illuminate/Routing/Router.php(739): Illuminate/Routing/Router->dispatchToRoute(Object(Illuminate/Http/Request))
#35 C:/Users/Lidiya Getale/Herd/immigrationknowhow/vendor/laravel/framework/src/Illuminate/Foundation/Http/Kernel.php(201): Illuminate/Routing/Router->dispatch(Object(Illuminate/Http/Request))
#36 C:/Users/Lidiya Getale/Herd/immigrationknowhow/vendor/laravel/framework/src/Illuminate/Pipeline/Pipeline.php(170): Illuminate/Foundation/Http/Kernel->{closure:Illuminate/Foundation/Http/Kernel::dispatchToRouter():198}(Object(Illuminate/Http/Request))
#37 C:/Users/Lidiya Getale/Herd/immigrationknowhow/vendor/laravel/framework/src/Illuminate/Foundation/Http/Middleware/TransformsRequest.php(21): Illuminate/Pipeline/Pipeline->{closure:Illuminate/Pipeline/Pipeline::prepareDestination():168}(Object(Illuminate/Http/Request))
#38 C:/Users/Lidiya Getale/Herd/immigrationknowhow/vendor/laravel/framework/src/Illuminate/Foundation/Http/Middleware/ConvertEmptyStringsToNull.php(31): Illuminate/Foundation/Http/Middleware/TransformsRequest->handle(Object(Illuminate/Http/Request), Object(Closure))
#39 C:/Users/Lidiya Getale/Herd/immigrationknowhow/vendor/laravel/framework/src/Illuminate/Pipeline/Pipeline.php(209): Illuminate/Foundation/Http/Middleware/ConvertEmptyStringsToNull->handle(Object(Illuminate/Http/Request), Object(Closure))
#40 C:/Users/Lidiya Getale/Herd/immigrationknowhow/vendor/laravel/framework/src/Illuminate/Foundation/Http/Middleware/TransformsRequest.php(21): Illuminate/Pipeline/Pipeline->{closure:{closure:Illuminate/Pipeline/Pipeline::carry():184}:185}(Object(Illuminate/Http/Request))
#41 C:/Users/Lidiya Getale/Herd/immigrationknowhow/vendor/laravel/framework/src/Illuminate/Foundation/Http/Middleware/TrimStrings.php(51): Illuminate/Foundation/Http/Middleware/TransformsRequest->handle(Object(Illuminate/Http/Request), Object(Closure))
#42 C:/Users/Lidiya Getale/Herd/immigrationknowhow/vendor/laravel/framework/src/Illuminate/Pipeline/Pipeline.php(209): Illuminate/Foundation/Http/Middleware/TrimStrings->handle(Object(Illuminate/Http/Request), Object(Closure))
#43 C:/Users/Lidiya Getale/Herd/immigrationknowhow/vendor/laravel/framework/src/Illuminate/Http/Middleware/ValidatePostSize.php(27): Illuminate/Pipeline/Pipeline->{closure:{closure:Illuminate/Pipeline/Pipeline::carry():184}:185}(Object(Illuminate/Http/Request))
#44 C:/Users/Lidiya Getale/Herd/immigrationknowhow/vendor/laravel/framework/src/Illuminate/Pipeline/Pipeline.php(209): Illuminate/Http/Middleware/ValidatePostSize->handle(Object(Illuminate/Http/Request), Object(Closure))
#45 C:/Users/Lidiya Getale/Herd/immigrationknowhow/vendor/laravel/framework/src/Illuminate/Foundation/Http/Middleware/PreventRequestsDuringMaintenance.php(110): Illuminate/Pipeline/Pipeline->{closure:{closure:Illuminate/Pipeline/Pipeline::carry():184}:185}(Object(Illuminate/Http/Request))
#46 C:/Users/Lidiya Getale/Herd/immigrationknowhow/vendor/laravel/framework/src/Illuminate/Pipeline/Pipeline.php(209): Illuminate/Foundation/Http/Middleware/PreventRequestsDuringMaintenance->handle(Object(Illuminate/Http/Request), Object(Closure))
#47 C:/Users/Lidiya Getale/Herd/immigrationknowhow/vendor/laravel/framework/src/Illuminate/Http/Middleware/HandleCors.php(49): Illuminate/Pipeline/Pipeline->{closure:{closure:Illuminate/Pipeline/Pipeline::carry():184}:185}(Object(Illuminate/Http/Request))
#48 C:/Users/Lidiya Getale/Herd/immigrationknowhow/vendor/laravel/framework/src/Illuminate/Pipeline/Pipeline.php(209): Illuminate/Http/Middleware/HandleCors->handle(Object(Illuminate/Http/Request), Object(Closure))
#49 C:/Users/Lidiya Getale/Herd/immigrationknowhow/vendor/laravel/framework/src/Illuminate/Http/Middleware/TrustProxies.php(58): Illuminate/Pipeline/Pipeline->{closure:{closure:Illuminate/Pipeline/Pipeline::carry():184}:185}(Object(Illuminate/Http/Request))
#50 C:/Users/Lidiya Getale/Herd/immigrationknowhow/vendor/laravel/framework/src/Illuminate/Pipeline/Pipeline.php(209): Illuminate/Http/Middleware/TrustProxies->handle(Object(Illuminate/Http/Request), Object(Closure))
#51 C:/Users/Lidiya Getale/Herd/immigrationknowhow/vendor/laravel/framework/src/Illuminate/Foundation/Http/Middleware/InvokeDeferredCallbacks.php(22): Illuminate/Pipeline/Pipeline->{closure:{closure:Illuminate/Pipeline/Pipeline::carry():184}:185}(Object(Illuminate/Http/Request))
#52 C:/Users/Lidiya Getale/Herd/immigrationknowhow/vendor/laravel/framework/src/Illuminate/Pipeline/Pipeline.php(209): Illuminate/Foundation/Http/Middleware/InvokeDeferredCallbacks->handle(Object(Illuminate/Http/Request), Object(Closure))
#53 C:/Users/Lidiya Getale/Herd/immigrationknowhow/vendor/laravel/framework/src/Illuminate/Pipeline/Pipeline.php(127): Illuminate/Pipeline/Pipeline->{closure:{closure:Illuminate/Pipeline/Pipeline::carry():184}:185}(Object(Illuminate/Http/Request))
#54 C:/Users/Lidiya Getale/Herd/immigrationknowhow/vendor/laravel/framework/src/Illuminate/Foundation/Http/Kernel.php(176): Illuminate/Pipeline/Pipeline->then(Object(Closure))
#55 C:/Users/Lidiya Getale/Herd/immigrationknowhow/vendor/laravel/framework/src/Illuminate/Foundation/Http/Kernel.php(145): Illuminate/Foundation/Http/Kernel->sendRequestThroughRouter(Object(Illuminate/Http/Request))
#56 C:/Users/Lidiya Getale/Herd/immigrationknowhow/vendor/laravel/framework/src/Illuminate/Foundation/Application.php(1220): Illuminate/Foundation/Http/Kernel->handle(Object(Illuminate/Http/Request))
#57 C:/Users/Lidiya Getale/Herd/immigrationknowhow/public/index.php(17): Illuminate/Foundation/Application->handleRequest(Object(Illuminate/Http/Request))
#58 C:/Program Files/Herd/resources/app.asar.unpacked/resources/valet/server.php(139): require('C://Users//Lidiya...')
#59 {main}

[previous exception] [object] (ReflectionException(code: -1): Class \"App\\Http\\Controllers\\Admin\\ReportController\" does not exist at C:/Users/Lidiya Getale/Herd/immigrationknowhow/vendor/laravel/framework/src/Illuminate/Container/Container.php:959)
[stacktrace]
#0 C:/Users/Lidiya Getale/Herd/immigrationknowhow/vendor/laravel/framework/src/Illuminate/Container/Container.php(959): ReflectionClass->__construct('App//Http//Contro...')
#1 C:/Users/Lidiya Getale/Herd/immigrationknowhow/vendor/laravel/framework/src/Illuminate/Container/Container.php(832): Illuminate/Container/Container->build('App//Http//Contro...')
#2 C:/Users/Lidiya Getale/Herd/immigrationknowhow/vendor/laravel/framework/src/Illuminate/Foundation/Application.php(1078): Illuminate/Container/Container->resolve('App//Http//Contro...', Array, true)
#3 C:/Users/Lidiya Getale/Herd/immigrationknowhow/vendor/laravel/framework/src/Illuminate/Container/Container.php(763): Illuminate/Foundation/Application->resolve('App//Http//Contro...', Array)
#4 C:/Users/Lidiya Getale/Herd/immigrationknowhow/vendor/laravel/framework/src/Illuminate/Foundation/Application.php(1058): Illuminate/Container/Container->make('App//Http//Contro...', Array)
#5 C:/Users/Lidiya Getale/Herd/immigrationknowhow/vendor/laravel/framework/src/Illuminate/Routing/Route.php(285): Illuminate/Foundation/Application->make('App//Http//Contro...')
#6 C:/Users/Lidiya Getale/Herd/immigrationknowhow/vendor/laravel/framework/src/Illuminate/Routing/Route.php(267): Illuminate/Routing/Route->getController()
#7 C:/Users/Lidiya Getale/Herd/immigrationknowhow/vendor/laravel/framework/src/Illuminate/Routing/Route.php(212): Illuminate/Routing/Route->runController()
#8 C:/Users/Lidiya Getale/Herd/immigrationknowhow/vendor/laravel/framework/src/Illuminate/Routing/Router.php(808): Illuminate/Routing/Route->run()
#9 C:/Users/Lidiya Getale/Herd/immigrationknowhow/vendor/laravel/framework/src/Illuminate/Pipeline/Pipeline.php(170): Illuminate/Routing/Router->{closure:Illuminate/Routing/Router::runRouteWithinStack():807}(Object(Illuminate/Http/Request))
#10 C:/Users/Lidiya Getale/Herd/immigrationknowhow/app/Http/Middleware/EnsureOnboardingComplete.php(30): Illuminate/Pipeline/Pipeline->{closure:Illuminate/Pipeline/Pipeline::prepareDestination():168}(Object(Illuminate/Http/Request))
#11 C:/Users/Lidiya Getale/Herd/immigrationknowhow/vendor/laravel/framework/src/Illuminate/Pipeline/Pipeline.php(209): App/Http/Middleware/EnsureOnboardingComplete->handle(Object(Illuminate/Http/Request), Object(Closure))
#12 C:/Users/Lidiya Getale/Herd/immigrationknowhow/vendor/spatie/laravel-permission/src/Middleware/RoleMiddleware.php(37): Illuminate/Pipeline/Pipeline->{closure:{closure:Illuminate/Pipeline/Pipeline::carry():184}:185}(Object(Illuminate/Http/Request))
#13 C:/Users/Lidiya Getale/Herd/immigrationknowhow/vendor/laravel/framework/src/Illuminate/Pipeline/Pipeline.php(209): Spatie/Permission/Middleware/RoleMiddleware->handle(Object(Illuminate/Http/Request), Object(Closure), 'admin|super_adm...')
#14 C:/Users/Lidiya Getale/Herd/immigrationknowhow/vendor/inertiajs/inertia-laravel/src/Middleware.php(87): Illuminate/Pipeline/Pipeline->{closure:{closure:Illuminate/Pipeline/Pipeline::carry():184}:185}(Object(Illuminate/Http/Request))
#15 C:/Users/Lidiya Getale/Herd/immigrationknowhow/vendor/laravel/framework/src/Illuminate/Pipeline/Pipeline.php(209): Inertia/Middleware->handle(Object(Illuminate/Http/Request), Object(Closure))
#16 C:/Users/Lidiya Getale/Herd/immigrationknowhow/vendor/laravel/framework/src/Illuminate/Routing/Middleware/SubstituteBindings.php(51): Illuminate/Pipeline/Pipeline->{closure:{closure:Illuminate/Pipeline/Pipeline::carry():184}:185}(Object(Illuminate/Http/Request))
#17 C:/Users/Lidiya Getale/Herd/immigrationknowhow/vendor/laravel/framework/src/Illuminate/Pipeline/Pipeline.php(209): Illuminate/Routing/Middleware/SubstituteBindings->handle(Object(Illuminate/Http/Request), Object(Closure))
#18 C:/Users/Lidiya Getale/Herd/immigrationknowhow/vendor/laravel/framework/src/Illuminate/Auth/Middleware/Authenticate.php(64): Illuminate/Pipeline/Pipeline->{closure:{closure:Illuminate/Pipeline/Pipeline::carry():184}:185}(Object(Illuminate/Http/Request))
#19 C:/Users/Lidiya Getale/Herd/immigrationknowhow/vendor/laravel/framework/src/Illuminate/Pipeline/Pipeline.php(209): Illuminate/Auth/Middleware/Authenticate->handle(Object(Illuminate/Http/Request), Object(Closure))
#20 C:/Users/Lidiya Getale/Herd/immigrationknowhow/vendor/laravel/framework/src/Illuminate/Foundation/Http/Middleware/VerifyCsrfToken.php(88): Illuminate/Pipeline/Pipeline->{closure:{closure:Illuminate/Pipeline/Pipeline::carry():184}:185}(Object(Illuminate/Http/Request))
#21 C:/Users/Lidiya Getale/Herd/immigrationknowhow/vendor/laravel/framework/src/Illuminate/Pipeline/Pipeline.php(209): Illuminate/Foundation/Http/Middleware/VerifyCsrfToken->handle(Object(Illuminate/Http/Request), Object(Closure))
#22 C:/Users/Lidiya Getale/Herd/immigrationknowhow/vendor/laravel/framework/src/Illuminate/View/Middleware/ShareErrorsFromSession.php(49): Illuminate/Pipeline/Pipeline->{closure:{closure:Illuminate/Pipeline/Pipeline::carry():184}:185}(Object(Illuminate/Http/Request))
#23 C:/Users/Lidiya Getale/Herd/immigrationknowhow/vendor/laravel/framework/src/Illuminate/Pipeline/Pipeline.php(209): Illuminate/View/Middleware/ShareErrorsFromSession->handle(Object(Illuminate/Http/Request), Object(Closure))
#24 C:/Users/Lidiya Getale/Herd/immigrationknowhow/vendor/laravel/framework/src/Illuminate/Session/Middleware/StartSession.php(121): Illuminate/Pipeline/Pipeline->{closure:{closure:Illuminate/Pipeline/Pipeline::carry():184}:185}(Object(Illuminate/Http/Request))
#25 C:/Users/Lidiya Getale/Herd/immigrationknowhow/vendor/laravel/framework/src/Illuminate/Session/Middleware/StartSession.php(64): Illuminate/Session/Middleware/StartSession->handleStatefulRequest(Object(Illuminate/Http/Request), Object(Illuminate/Session/Store), Object(Closure))
#26 C:/Users/Lidiya Getale/Herd/immigrationknowhow/vendor/laravel/framework/src/Illuminate/Pipeline/Pipeline.php(209): Illuminate/Session/Middleware/StartSession->handle(Object(Illuminate/Http/Request), Object(Closure))
#27 C:/Users/Lidiya Getale/Herd/immigrationknowhow/vendor/laravel/framework/src/Illuminate/Cookie/Middleware/AddQueuedCookiesToResponse.php(37): Illuminate/Pipeline/Pipeline->{closure:{closure:Illuminate/Pipeline/Pipeline::carry():184}:185}(Object(Illuminate/Http/Request))
#28 C:/Users/Lidiya Getale/Herd/immigrationknowhow/vendor/laravel/framework/src/Illuminate/Pipeline/Pipeline.php(209): Illuminate/Cookie/Middleware/AddQueuedCookiesToResponse->handle(Object(Illuminate/Http/Request), Object(Closure))
#29 C:/Users/Lidiya Getale/Herd/immigrationknowhow/vendor/laravel/framework/src/Illuminate/Cookie/Middleware/EncryptCookies.php(75): Illuminate/Pipeline/Pipeline->{closure:{closure:Illuminate/Pipeline/Pipeline::carry():184}:185}(Object(Illuminate/Http/Request))
#30 C:/Users/Lidiya Getale/Herd/immigrationknowhow/vendor/laravel/framework/src/Illuminate/Pipeline/Pipeline.php(209): Illuminate/Cookie/Middleware/EncryptCookies->handle(Object(Illuminate/Http/Request), Object(Closure))
#31 C:/Users/Lidiya Getale/Herd/immigrationknowhow/vendor/laravel/framework/src/Illuminate/Pipeline/Pipeline.php(127): Illuminate/Pipeline/Pipeline->{closure:{closure:Illuminate/Pipeline/Pipeline::carry():184}:185}(Object(Illuminate/Http/Request))
#32 C:/Users/Lidiya Getale/Herd/immigrationknowhow/vendor/laravel/framework/src/Illuminate/Routing/Router.php(807): Illuminate/Pipeline/Pipeline->then(Object(Closure))
#33 C:/Users/Lidiya Getale/Herd/immigrationknowhow/vendor/laravel/framework/src/Illuminate/Routing/Router.php(786): Illuminate/Routing/Router->runRouteWithinStack(Object(Illuminate/Routing/Route), Object(Illuminate/Http/Request))
#34 C:/Users/Lidiya Getale/Herd/immigrationknowhow/vendor/laravel/framework/src/Illuminate/Routing/Router.php(750): Illuminate/Routing/Router->runRoute(Object(Illuminate/Http/Request), Object(Illuminate/Routing/Route))
#35 C:/Users/Lidiya Getale/Herd/immigrationknowhow/vendor/laravel/framework/src/Illuminate/Routing/Router.php(739): Illuminate/Routing/Router->dispatchToRoute(Object(Illuminate/Http/Request))
#36 C:/Users/Lidiya Getale/Herd/immigrationknowhow/vendor/laravel/framework/src/Illuminate/Foundation/Http/Kernel.php(201): Illuminate/Routing/Router->dispatch(Object(Illuminate/Http/Request))
#37 C:/Users/Lidiya Getale/Herd/immigrationknowhow/vendor/laravel/framework/src/Illuminate/Pipeline/Pipeline.php(170): Illuminate/Foundation/Http/Kernel->{closure:Illuminate/Foundation/Http/Kernel::dispatchToRouter():198}(Object(Illuminate/Http/Request))
#38 C:/Users/Lidiya Getale/Herd/immigrationknowhow/vendor/laravel/framework/src/Illuminate/Foundation/Http/Middleware/TransformsRequest.php(21): Illuminate/Pipeline/Pipeline->{closure:Illuminate/Pipeline/Pipeline::prepareDestination():168}(Object(Illuminate/Http/Request))
#39 C:/Users/Lidiya Getale/Herd/immigrationknowhow/vendor/laravel/framework/src/Illuminate/Foundation/Http/Middleware/ConvertEmptyStringsToNull.php(31): Illuminate/Foundation/Http/Middleware/TransformsRequest->handle(Object(Illuminate/Http/Request), Object(Closure))
#40 C:/Users/Lidiya Getale/Herd/immigrationknowhow/vendor/laravel/framework/src/Illuminate/Pipeline/Pipeline.php(209): Illuminate/Foundation/Http/Middleware/ConvertEmptyStringsToNull->handle(Object(Illuminate/Http/Request), Object(Closure))
#41 C:/Users/Lidiya Getale/Herd/immigrationknowhow/vendor/laravel/framework/src/Illuminate/Foundation/Http/Middleware/TransformsRequest.php(21): Illuminate/Pipeline/Pipeline->{closure:{closure:Illuminate/Pipeline/Pipeline::carry():184}:185}(Object(Illuminate/Http/Request))
#42 C:/Users/Lidiya Getale/Herd/immigrationknowhow/vendor/laravel/framework/src/Illuminate/Foundation/Http/Middleware/TrimStrings.php(51): Illuminate/Foundation/Http/Middleware/TransformsRequest->handle(Object(Illuminate/Http/Request), Object(Closure))
#43 C:/Users/Lidiya Getale/Herd/immigrationknowhow/vendor/laravel/framework/src/Illuminate/Pipeline/Pipeline.php(209): Illuminate/Foundation/Http/Middleware/TrimStrings->handle(Object(Illuminate/Http/Request), Object(Closure))
#44 C:/Users/Lidiya Getale/Herd/immigrationknowhow/vendor/laravel/framework/src/Illuminate/Http/Middleware/ValidatePostSize.php(27): Illuminate/Pipeline/Pipeline->{closure:{closure:Illuminate/Pipeline/Pipeline::carry():184}:185}(Object(Illuminate/Http/Request))
#45 C:/Users/Lidiya Getale/Herd/immigrationknowhow/vendor/laravel/framework/src/Illuminate/Pipeline/Pipeline.php(209): Illuminate/Http/Middleware/ValidatePostSize->handle(Object(Illuminate/Http/Request), Object(Closure))
#46 C:/Users/Lidiya Getale/Herd/immigrationknowhow/vendor/laravel/framework/src/Illuminate/Foundation/Http/Middleware/PreventRequestsDuringMaintenance.php(110): Illuminate/Pipeline/Pipeline->{closure:{closure:Illuminate/Pipeline/Pipeline::carry():184}:185}(Object(Illuminate/Http/Request))
#47 C:/Users/Lidiya Getale/Herd/immigrationknowhow/vendor/laravel/framework/src/Illuminate/Pipeline/Pipeline.php(209): Illuminate/Foundation/Http/Middleware/PreventRequestsDuringMaintenance->handle(Object(Illuminate/Http/Request), Object(Closure))
#48 C:/Users/Lidiya Getale/Herd/immigrationknowhow/vendor/laravel/framework/src/Illuminate/Http/Middleware/HandleCors.php(49): Illuminate/Pipeline/Pipeline->{closure:{closure:Illuminate/Pipeline/Pipeline::carry():184}:185}(Object(Illuminate/Http/Request))
#49 C:/Users/Lidiya Getale/Herd/immigrationknowhow/vendor/laravel/framework/src/Illuminate/Pipeline/Pipeline.php(209): Illuminate/Http/Middleware/HandleCors->handle(Object(Illuminate/Http/Request), Object(Closure))
#50 C:/Users/Lidiya Getale/Herd/immigrationknowhow/vendor/laravel/framework/src/Illuminate/Http/Middleware/TrustProxies.php(58): Illuminate/Pipeline/Pipeline->{closure:{closure:Illuminate/Pipeline/Pipeline::carry():184}:185}(Object(Illuminate/Http/Request))
#51 C:/Users/Lidiya Getale/Herd/immigrationknowhow/vendor/laravel/framework/src/Illuminate/Pipeline/Pipeline.php(209): Illuminate/Http/Middleware/TrustProxies->handle(Object(Illuminate/Http/Request), Object(Closure))
#52 C:/Users/Lidiya Getale/Herd/immigrationknowhow/vendor/laravel/framework/src/Illuminate/Foundation/Http/Middleware/InvokeDeferredCallbacks.php(22): Illuminate/Pipeline/Pipeline->{closure:{closure:Illuminate/Pipeline/Pipeline::carry():184}:185}(Object(Illuminate/Http/Request))
#53 C:/Users/Lidiya Getale/Herd/immigrationknowhow/vendor/laravel/framework/src/Illuminate/Pipeline/Pipeline.php(209): Illuminate/Foundation/Http/Middleware/InvokeDeferredCallbacks->handle(Object(Illuminate/Http/Request), Object(Closure))
#54 C:/Users/Lidiya Getale/Herd/immigrationknowhow/vendor/laravel/framework/src/Illuminate/Pipeline/Pipeline.php(127): Illuminate/Pipeline/Pipeline->{closure:{closure:Illuminate/Pipeline/Pipeline::carry():184}:185}(Object(Illuminate/Http/Request))
#55 C:/Users/Lidiya Getale/Herd/immigrationknowhow/vendor/laravel/framework/src/Illuminate/Foundation/Http/Kernel.php(176): Illuminate/Pipeline/Pipeline->then(Object(Closure))
#56 C:/Users/Lidiya Getale/Herd/immigrationknowhow/vendor/laravel/framework/src/Illuminate/Foundation/Http/Kernel.php(145): Illuminate/Foundation/Http/Kernel->sendRequestThroughRouter(Object(Illuminate/Http/Request))
#57 C:/Users/Lidiya Getale/Herd/immigrationknowhow/vendor/laravel/framework/src/Illuminate/Foundation/Application.php(1220): Illuminate/Foundation/Http/Kernel->handle(Object(Illuminate/Http/Request))
#58 C:/Users/Lidiya Getale/Herd/immigrationknowhow/public/index.php(17): Illuminate/Foundation/Application->handleRequest(Object(Illuminate/Http/Request))
#59 C:/Program Files/Herd/resources/app.asar.unpacked/resources/valet/server.php(139): require('C://Users//Lidiya...')
#60 {main}
"} 
[2026-04-10 15:12:08] local.ERROR: SQLSTATE[42S22]: Column not found: 1054 Unknown column 'is_flagged' in 'where clause' (Connection: mysql, SQL: select count(*) as aggregate from `reviews` where `is_flagged` = 1 and `reviews`.`deleted_at` is null) {"userId":48,"exception":"[object] (Illuminate\\Database\\QueryException(code: 42S22): SQLSTATE[42S22]: Column not found: 1054 Unknown column 'is_flagged' in 'where clause' (Connection: mysql, SQL: select count(*) as aggregate from `reviews` where `is_flagged` = 1 and `reviews`.`deleted_at` is null) at C:/Users/Lidiya Getale/Herd/immigrationknowhow/vendor/laravel/framework/src/Illuminate/Database/Connection.php:825)
[stacktrace]
#0 C:/Users/Lidiya Getale/Herd/immigrationknowhow/vendor/laravel/framework/src/Illuminate/Database/Connection.php(779): Illuminate/Database/Connection->runQueryCallback('select count(*)...', Array, Object(Closure))
#1 C:/Users/Lidiya Getale/Herd/immigrationknowhow/vendor/laravel/framework/src/Illuminate/Database/Connection.php(398): Illuminate/Database/Connection->run('select count(*)...', Array, Object(Closure))
#2 C:/Users/Lidiya Getale/Herd/immigrationknowhow/vendor/laravel/framework/src/Illuminate/Database/Query/Builder.php(3106): Illuminate/Database/Connection->select('select count(*)...', Array, true)
#3 C:/Users/Lidiya Getale/Herd/immigrationknowhow/vendor/laravel/framework/src/Illuminate/Database/Query/Builder.php(3091): Illuminate/Database/Query/Builder->runSelect()
#4 C:/Users/Lidiya Getale/Herd/immigrationknowhow/vendor/laravel/framework/src/Illuminate/Database/Query/Builder.php(3676): Illuminate/Database/Query/Builder->{closure:Illuminate/Database/Query/Builder::get():3090}()
#5 C:/Users/Lidiya Getale/Herd/immigrationknowhow/vendor/laravel/framework/src/Illuminate/Database/Query/Builder.php(3090): Illuminate/Database/Query/Builder->onceWithColumns(Array, Object(Closure))
#6 C:/Users/Lidiya Getale/Herd/immigrationknowhow/vendor/laravel/framework/src/Illuminate/Database/Query/Builder.php(3603): Illuminate/Database/Query/Builder->get(Array)
#7 C:/Users/Lidiya Getale/Herd/immigrationknowhow/vendor/laravel/framework/src/Illuminate/Database/Query/Builder.php(3531): Illuminate/Database/Query/Builder->aggregate('count', Array)
#8 C:/Users/Lidiya Getale/Herd/immigrationknowhow/vendor/laravel/framework/src/Illuminate/Database/Eloquent/Builder.php(2120): Illuminate/Database/Query/Builder->count()
#9 C:/Users/Lidiya Getale/Herd/immigrationknowhow/app/Http/Controllers/Admin/ReviewController.php(49): Illuminate/Database/Eloquent/Builder->__call('count', Array)
#10 C:/Users/Lidiya Getale/Herd/immigrationknowhow/vendor/laravel/framework/src/Illuminate/Routing/ControllerDispatcher.php(47): App/Http/Controllers/Admin/ReviewController->index(Object(Illuminate/Http/Request))
#11 C:/Users/Lidiya Getale/Herd/immigrationknowhow/vendor/laravel/framework/src/Illuminate/Routing/Route.php(266): Illuminate/Routing/ControllerDispatcher->dispatch(Object(Illuminate/Routing/Route), Object(App/Http/Controllers/Admin/ReviewController), 'index')
#12 C:/Users/Lidiya Getale/Herd/immigrationknowhow/vendor/laravel/framework/src/Illuminate/Routing/Route.php(212): Illuminate/Routing/Route->runController()
#13 C:/Users/Lidiya Getale/Herd/immigrationknowhow/vendor/laravel/framework/src/Illuminate/Routing/Router.php(808): Illuminate/Routing/Route->run()
#14 C:/Users/Lidiya Getale/Herd/immigrationknowhow/vendor/laravel/framework/src/Illuminate/Pipeline/Pipeline.php(170): Illuminate/Routing/Router->{closure:Illuminate/Routing/Router::runRouteWithinStack():807}(Object(Illuminate/Http/Request))
#15 C:/Users/Lidiya Getale/Herd/immigrationknowhow/app/Http/Middleware/EnsureOnboardingComplete.php(30): Illuminate/Pipeline/Pipeline->{closure:Illuminate/Pipeline/Pipeline::prepareDestination():168}(Object(Illuminate/Http/Request))
#16 C:/Users/Lidiya Getale/Herd/immigrationknowhow/vendor/laravel/framework/src/Illuminate/Pipeline/Pipeline.php(209): App/Http/Middleware/EnsureOnboardingComplete->handle(Object(Illuminate/Http/Request), Object(Closure))
#17 C:/Users/Lidiya Getale/Herd/immigrationknowhow/vendor/spatie/laravel-permission/src/Middleware/RoleMiddleware.php(37): Illuminate/Pipeline/Pipeline->{closure:{closure:Illuminate/Pipeline/Pipeline::carry():184}:185}(Object(Illuminate/Http/Request))
#18 C:/Users/Lidiya Getale/Herd/immigrationknowhow/vendor/laravel/framework/src/Illuminate/Pipeline/Pipeline.php(209): Spatie/Permission/Middleware/RoleMiddleware->handle(Object(Illuminate/Http/Request), Object(Closure), 'admin|super_adm...')
#19 C:/Users/Lidiya Getale/Herd/immigrationknowhow/vendor/inertiajs/inertia-laravel/src/Middleware.php(87): Illuminate/Pipeline/Pipeline->{closure:{closure:Illuminate/Pipeline/Pipeline::carry():184}:185}(Object(Illuminate/Http/Request))
#20 C:/Users/Lidiya Getale/Herd/immigrationknowhow/vendor/laravel/framework/src/Illuminate/Pipeline/Pipeline.php(209): Inertia/Middleware->handle(Object(Illuminate/Http/Request), Object(Closure))
#21 C:/Users/Lidiya Getale/Herd/immigrationknowhow/vendor/laravel/framework/src/Illuminate/Routing/Middleware/SubstituteBindings.php(51): Illuminate/Pipeline/Pipeline->{closure:{closure:Illuminate/Pipeline/Pipeline::carry():184}:185}(Object(Illuminate/Http/Request))
#22 C:/Users/Lidiya Getale/Herd/immigrationknowhow/vendor/laravel/framework/src/Illuminate/Pipeline/Pipeline.php(209): Illuminate/Routing/Middleware/SubstituteBindings->handle(Object(Illuminate/Http/Request), Object(Closure))
#23 C:/Users/Lidiya Getale/Herd/immigrationknowhow/vendor/laravel/framework/src/Illuminate/Auth/Middleware/Authenticate.php(64): Illuminate/Pipeline/Pipeline->{closure:{closure:Illuminate/Pipeline/Pipeline::carry():184}:185}(Object(Illuminate/Http/Request))
#24 C:/Users/Lidiya Getale/Herd/immigrationknowhow/vendor/laravel/framework/src/Illuminate/Pipeline/Pipeline.php(209): Illuminate/Auth/Middleware/Authenticate->handle(Object(Illuminate/Http/Request), Object(Closure))
#25 C:/Users/Lidiya Getale/Herd/immigrationknowhow/vendor/laravel/framework/src/Illuminate/Foundation/Http/Middleware/VerifyCsrfToken.php(88): Illuminate/Pipeline/Pipeline->{closure:{closure:Illuminate/Pipeline/Pipeline::carry():184}:185}(Object(Illuminate/Http/Request))
#26 C:/Users/Lidiya Getale/Herd/immigrationknowhow/vendor/laravel/framework/src/Illuminate/Pipeline/Pipeline.php(209): Illuminate/Foundation/Http/Middleware/VerifyCsrfToken->handle(Object(Illuminate/Http/Request), Object(Closure))
#27 C:/Users/Lidiya Getale/Herd/immigrationknowhow/vendor/laravel/framework/src/Illuminate/View/Middleware/ShareErrorsFromSession.php(49): Illuminate/Pipeline/Pipeline->{closure:{closure:Illuminate/Pipeline/Pipeline::carry():184}:185}(Object(Illuminate/Http/Request))
#28 C:/Users/Lidiya Getale/Herd/immigrationknowhow/vendor/laravel/framework/src/Illuminate/Pipeline/Pipeline.php(209): Illuminate/View/Middleware/ShareErrorsFromSession->handle(Object(Illuminate/Http/Request), Object(Closure))
#29 C:/Users/Lidiya Getale/Herd/immigrationknowhow/vendor/laravel/framework/src/Illuminate/Session/Middleware/StartSession.php(121): Illuminate/Pipeline/Pipeline->{closure:{closure:Illuminate/Pipeline/Pipeline::carry():184}:185}(Object(Illuminate/Http/Request))
#30 C:/Users/Lidiya Getale/Herd/immigrationknowhow/vendor/laravel/framework/src/Illuminate/Session/Middleware/StartSession.php(64): Illuminate/Session/Middleware/StartSession->handleStatefulRequest(Object(Illuminate/Http/Request), Object(Illuminate/Session/Store), Object(Closure))
#31 C:/Users/Lidiya Getale/Herd/immigrationknowhow/vendor/laravel/framework/src/Illuminate/Pipeline/Pipeline.php(209): Illuminate/Session/Middleware/StartSession->handle(Object(Illuminate/Http/Request), Object(Closure))
#32 C:/Users/Lidiya Getale/Herd/immigrationknowhow/vendor/laravel/framework/src/Illuminate/Cookie/Middleware/AddQueuedCookiesToResponse.php(37): Illuminate/Pipeline/Pipeline->{closure:{closure:Illuminate/Pipeline/Pipeline::carry():184}:185}(Object(Illuminate/Http/Request))
#33 C:/Users/Lidiya Getale/Herd/immigrationknowhow/vendor/laravel/framework/src/Illuminate/Pipeline/Pipeline.php(209): Illuminate/Cookie/Middleware/AddQueuedCookiesToResponse->handle(Object(Illuminate/Http/Request), Object(Closure))
#34 C:/Users/Lidiya Getale/Herd/immigrationknowhow/vendor/laravel/framework/src/Illuminate/Cookie/Middleware/EncryptCookies.php(75): Illuminate/Pipeline/Pipeline->{closure:{closure:Illuminate/Pipeline/Pipeline::carry():184}:185}(Object(Illuminate/Http/Request))
#35 C:/Users/Lidiya Getale/Herd/immigrationknowhow/vendor/laravel/framework/src/Illuminate/Pipeline/Pipeline.php(209): Illuminate/Cookie/Middleware/EncryptCookies->handle(Object(Illuminate/Http/Request), Object(Closure))
#36 C:/Users/Lidiya Getale/Herd/immigrationknowhow/vendor/laravel/framework/src/Illuminate/Pipeline/Pipeline.php(127): Illuminate/Pipeline/Pipeline->{closure:{closure:Illuminate/Pipeline/Pipeline::carry():184}:185}(Object(Illuminate/Http/Request))
#37 C:/Users/Lidiya Getale/Herd/immigrationknowhow/vendor/laravel/framework/src/Illuminate/Routing/Router.php(807): Illuminate/Pipeline/Pipeline->then(Object(Closure))
#38 C:/Users/Lidiya Getale/Herd/immigrationknowhow/vendor/laravel/framework/src/Illuminate/Routing/Router.php(786): Illuminate/Routing/Router->runRouteWithinStack(Object(Illuminate/Routing/Route), Object(Illuminate/Http/Request))
#39 C:/Users/Lidiya Getale/Herd/immigrationknowhow/vendor/laravel/framework/src/Illuminate/Routing/Router.php(750): Illuminate/Routing/Router->runRoute(Object(Illuminate/Http/Request), Object(Illuminate/Routing/Route))
#40 C:/Users/Lidiya Getale/Herd/immigrationknowhow/vendor/laravel/framework/src/Illuminate/Routing/Router.php(739): Illuminate/Routing/Router->dispatchToRoute(Object(Illuminate/Http/Request))
#41 C:/Users/Lidiya Getale/Herd/immigrationknowhow/vendor/laravel/framework/src/Illuminate/Foundation/Http/Kernel.php(201): Illuminate/Routing/Router->dispatch(Object(Illuminate/Http/Request))
#42 C:/Users/Lidiya Getale/Herd/immigrationknowhow/vendor/laravel/framework/src/Illuminate/Pipeline/Pipeline.php(170): Illuminate/Foundation/Http/Kernel->{closure:Illuminate/Foundation/Http/Kernel::dispatchToRouter():198}(Object(Illuminate/Http/Request))
#43 C:/Users/Lidiya Getale/Herd/immigrationknowhow/vendor/laravel/framework/src/Illuminate/Foundation/Http/Middleware/TransformsRequest.php(21): Illuminate/Pipeline/Pipeline->{closure:Illuminate/Pipeline/Pipeline::prepareDestination():168}(Object(Illuminate/Http/Request))
#44 C:/Users/Lidiya Getale/Herd/immigrationknowhow/vendor/laravel/framework/src/Illuminate/Foundation/Http/Middleware/ConvertEmptyStringsToNull.php(31): Illuminate/Foundation/Http/Middleware/TransformsRequest->handle(Object(Illuminate/Http/Request), Object(Closure))
#45 C:/Users/Lidiya Getale/Herd/immigrationknowhow/vendor/laravel/framework/src/Illuminate/Pipeline/Pipeline.php(209): Illuminate/Foundation/Http/Middleware/ConvertEmptyStringsToNull->handle(Object(Illuminate/Http/Request), Object(Closure))
#46 C:/Users/Lidiya Getale/Herd/immigrationknowhow/vendor/laravel/framework/src/Illuminate/Foundation/Http/Middleware/TransformsRequest.php(21): Illuminate/Pipeline/Pipeline->{closure:{closure:Illuminate/Pipeline/Pipeline::carry():184}:185}(Object(Illuminate/Http/Request))
#47 C:/Users/Lidiya Getale/Herd/immigrationknowhow/vendor/laravel/framework/src/Illuminate/Foundation/Http/Middleware/TrimStrings.php(51): Illuminate/Foundation/Http/Middleware/TransformsRequest->handle(Object(Illuminate/Http/Request), Object(Closure))
#48 C:/Users/Lidiya Getale/Herd/immigrationknowhow/vendor/laravel/framework/src/Illuminate/Pipeline/Pipeline.php(209): Illuminate/Foundation/Http/Middleware/TrimStrings->handle(Object(Illuminate/Http/Request), Object(Closure))
#49 C:/Users/Lidiya Getale/Herd/immigrationknowhow/vendor/laravel/framework/src/Illuminate/Http/Middleware/ValidatePostSize.php(27): Illuminate/Pipeline/Pipeline->{closure:{closure:Illuminate/Pipeline/Pipeline::carry():184}:185}(Object(Illuminate/Http/Request))
#50 C:/Users/Lidiya Getale/Herd/immigrationknowhow/vendor/laravel/framework/src/Illuminate/Pipeline/Pipeline.php(209): Illuminate/Http/Middleware/ValidatePostSize->handle(Object(Illuminate/Http/Request), Object(Closure))
#51 C:/Users/Lidiya Getale/Herd/immigrationknowhow/vendor/laravel/framework/src/Illuminate/Foundation/Http/Middleware/PreventRequestsDuringMaintenance.php(110): Illuminate/Pipeline/Pipeline->{closure:{closure:Illuminate/Pipeline/Pipeline::carry():184}:185}(Object(Illuminate/Http/Request))
#52 C:/Users/Lidiya Getale/Herd/immigrationknowhow/vendor/laravel/framework/src/Illuminate/Pipeline/Pipeline.php(209): Illuminate/Foundation/Http/Middleware/PreventRequestsDuringMaintenance->handle(Object(Illuminate/Http/Request), Object(Closure))
#53 C:/Users/Lidiya Getale/Herd/immigrationknowhow/vendor/laravel/framework/src/Illuminate/Http/Middleware/HandleCors.php(49): Illuminate/Pipeline/Pipeline->{closure:{closure:Illuminate/Pipeline/Pipeline::carry():184}:185}(Object(Illuminate/Http/Request))
#54 C:/Users/Lidiya Getale/Herd/immigrationknowhow/vendor/laravel/framework/src/Illuminate/Pipeline/Pipeline.php(209): Illuminate/Http/Middleware/HandleCors->handle(Object(Illuminate/Http/Request), Object(Closure))
#55 C:/Users/Lidiya Getale/Herd/immigrationknowhow/vendor/laravel/framework/src/Illuminate/Http/Middleware/TrustProxies.php(58): Illuminate/Pipeline/Pipeline->{closure:{closure:Illuminate/Pipeline/Pipeline::carry():184}:185}(Object(Illuminate/Http/Request))
#56 C:/Users/Lidiya Getale/Herd/immigrationknowhow/vendor/laravel/framework/src/Illuminate/Pipeline/Pipeline.php(209): Illuminate/Http/Middleware/TrustProxies->handle(Object(Illuminate/Http/Request), Object(Closure))
#57 C:/Users/Lidiya Getale/Herd/immigrationknowhow/vendor/laravel/framework/src/Illuminate/Foundation/Http/Middleware/InvokeDeferredCallbacks.php(22): Illuminate/Pipeline/Pipeline->{closure:{closure:Illuminate/Pipeline/Pipeline::carry():184}:185}(Object(Illuminate/Http/Request))
#58 C:/Users/Lidiya Getale/Herd/immigrationknowhow/vendor/laravel/framework/src/Illuminate/Pipeline/Pipeline.php(209): Illuminate/Foundation/Http/Middleware/InvokeDeferredCallbacks->handle(Object(Illuminate/Http/Request), Object(Closure))
#59 C:/Users/Lidiya Getale/Herd/immigrationknowhow/vendor/laravel/framework/src/Illuminate/Pipeline/Pipeline.php(127): Illuminate/Pipeline/Pipeline->{closure:{closure:Illuminate/Pipeline/Pipeline::carry():184}:185}(Object(Illuminate/Http/Request))
#60 C:/Users/Lidiya Getale/Herd/immigrationknowhow/vendor/laravel/framework/src/Illuminate/Foundation/Http/Kernel.php(176): Illuminate/Pipeline/Pipeline->then(Object(Closure))
#61 C:/Users/Lidiya Getale/Herd/immigrationknowhow/vendor/laravel/framework/src/Illuminate/Foundation/Http/Kernel.php(145): Illuminate/Foundation/Http/Kernel->sendRequestThroughRouter(Object(Illuminate/Http/Request))
#62 C:/Users/Lidiya Getale/Herd/immigrationknowhow/vendor/laravel/framework/src/Illuminate/Foundation/Application.php(1220): Illuminate/Foundation/Http/Kernel->handle(Object(Illuminate/Http/Request))
#63 C:/Users/Lidiya Getale/Herd/immigrationknowhow/public/index.php(17): Illuminate/Foundation/Application->handleRequest(Object(Illuminate/Http/Request))
#64 C:/Program Files/Herd/resources/app.asar.unpacked/resources/valet/server.php(139): require('C://Users//Lidiya...')
#65 {main}

[previous exception] [object] (PDOException(code: 42S22): SQLSTATE[42S22]: Column not found: 1054 Unknown column 'is_flagged' in 'where clause' at C:/Users/Lidiya Getale/Herd/immigrationknowhow/vendor/laravel/framework/src/Illuminate/Database/Connection.php:407)
[stacktrace]
#0 C:/Users/Lidiya Getale/Herd/immigrationknowhow/vendor/laravel/framework/src/Illuminate/Database/Connection.php(407): PDO->prepare('select count(*)...')
#1 C:/Users/Lidiya Getale/Herd/immigrationknowhow/vendor/laravel/framework/src/Illuminate/Database/Connection.php(812): Illuminate/Database/Connection->{closure:Illuminate/Database/Connection::select():398}('select count(*)...', Array)
#2 C:/Users/Lidiya Getale/Herd/immigrationknowhow/vendor/laravel/framework/src/Illuminate/Database/Connection.php(779): Illuminate/Database/Connection->runQueryCallback('select count(*)...', Array, Object(Closure))
#3 C:/Users/Lidiya Getale/Herd/immigrationknowhow/vendor/laravel/framework/src/Illuminate/Database/Connection.php(398): Illuminate/Database/Connection->run('select count(*)...', Array, Object(Closure))
#4 C:/Users/Lidiya Getale/Herd/immigrationknowhow/vendor/laravel/framework/src/Illuminate/Database/Query/Builder.php(3106): Illuminate/Database/Connection->select('select count(*)...', Array, true)
#5 C:/Users/Lidiya Getale/Herd/immigrationknowhow/vendor/laravel/framework/src/Illuminate/Database/Query/Builder.php(3091): Illuminate/Database/Query/Builder->runSelect()
#6 C:/Users/Lidiya Getale/Herd/immigrationknowhow/vendor/laravel/framework/src/Illuminate/Database/Query/Builder.php(3676): Illuminate/Database/Query/Builder->{closure:Illuminate/Database/Query/Builder::get():3090}()
#7 C:/Users/Lidiya Getale/Herd/immigrationknowhow/vendor/laravel/framework/src/Illuminate/Database/Query/Builder.php(3090): Illuminate/Database/Query/Builder->onceWithColumns(Array, Object(Closure))
#8 C:/Users/Lidiya Getale/Herd/immigrationknowhow/vendor/laravel/framework/src/Illuminate/Database/Query/Builder.php(3603): Illuminate/Database/Query/Builder->get(Array)
#9 C:/Users/Lidiya Getale/Herd/immigrationknowhow/vendor/laravel/framework/src/Illuminate/Database/Query/Builder.php(3531): Illuminate/Database/Query/Builder->aggregate('count', Array)
#10 C:/Users/Lidiya Getale/Herd/immigrationknowhow/vendor/laravel/framework/src/Illuminate/Database/Eloquent/Builder.php(2120): Illuminate/Database/Query/Builder->count()
#11 C:/Users/Lidiya Getale/Herd/immigrationknowhow/app/Http/Controllers/Admin/ReviewController.php(49): Illuminate/Database/Eloquent/Builder->__call('count', Array)
#12 C:/Users/Lidiya Getale/Herd/immigrationknowhow/vendor/laravel/framework/src/Illuminate/Routing/ControllerDispatcher.php(47): App/Http/Controllers/Admin/ReviewController->index(Object(Illuminate/Http/Request))
#13 C:/Users/Lidiya Getale/Herd/immigrationknowhow/vendor/laravel/framework/src/Illuminate/Routing/Route.php(266): Illuminate/Routing/ControllerDispatcher->dispatch(Object(Illuminate/Routing/Route), Object(App/Http/Controllers/Admin/ReviewController), 'index')
#14 C:/Users/Lidiya Getale/Herd/immigrationknowhow/vendor/laravel/framework/src/Illuminate/Routing/Route.php(212): Illuminate/Routing/Route->runController()
#15 C:/Users/Lidiya Getale/Herd/immigrationknowhow/vendor/laravel/framework/src/Illuminate/Routing/Router.php(808): Illuminate/Routing/Route->run()
#16 C:/Users/Lidiya Getale/Herd/immigrationknowhow/vendor/laravel/framework/src/Illuminate/Pipeline/Pipeline.php(170): Illuminate/Routing/Router->{closure:Illuminate/Routing/Router::runRouteWithinStack():807}(Object(Illuminate/Http/Request))
#17 C:/Users/Lidiya Getale/Herd/immigrationknowhow/app/Http/Middleware/EnsureOnboardingComplete.php(30): Illuminate/Pipeline/Pipeline->{closure:Illuminate/Pipeline/Pipeline::prepareDestination():168}(Object(Illuminate/Http/Request))
#18 C:/Users/Lidiya Getale/Herd/immigrationknowhow/vendor/laravel/framework/src/Illuminate/Pipeline/Pipeline.php(209): App/Http/Middleware/EnsureOnboardingComplete->handle(Object(Illuminate/Http/Request), Object(Closure))
#19 C:/Users/Lidiya Getale/Herd/immigrationknowhow/vendor/spatie/laravel-permission/src/Middleware/RoleMiddleware.php(37): Illuminate/Pipeline/Pipeline->{closure:{closure:Illuminate/Pipeline/Pipeline::carry():184}:185}(Object(Illuminate/Http/Request))
#20 C:/Users/Lidiya Getale/Herd/immigrationknowhow/vendor/laravel/framework/src/Illuminate/Pipeline/Pipeline.php(209): Spatie/Permission/Middleware/RoleMiddleware->handle(Object(Illuminate/Http/Request), Object(Closure), 'admin|super_adm...')
#21 C:/Users/Lidiya Getale/Herd/immigrationknowhow/vendor/inertiajs/inertia-laravel/src/Middleware.php(87): Illuminate/Pipeline/Pipeline->{closure:{closure:Illuminate/Pipeline/Pipeline::carry():184}:185}(Object(Illuminate/Http/Request))
#22 C:/Users/Lidiya Getale/Herd/immigrationknowhow/vendor/laravel/framework/src/Illuminate/Pipeline/Pipeline.php(209): Inertia/Middleware->handle(Object(Illuminate/Http/Request), Object(Closure))
#23 C:/Users/Lidiya Getale/Herd/immigrationknowhow/vendor/laravel/framework/src/Illuminate/Routing/Middleware/SubstituteBindings.php(51): Illuminate/Pipeline/Pipeline->{closure:{closure:Illuminate/Pipeline/Pipeline::carry():184}:185}(Object(Illuminate/Http/Request))
#24 C:/Users/Lidiya Getale/Herd/immigrationknowhow/vendor/laravel/framework/src/Illuminate/Pipeline/Pipeline.php(209): Illuminate/Routing/Middleware/SubstituteBindings->handle(Object(Illuminate/Http/Request), Object(Closure))
#25 C:/Users/Lidiya Getale/Herd/immigrationknowhow/vendor/laravel/framework/src/Illuminate/Auth/Middleware/Authenticate.php(64): Illuminate/Pipeline/Pipeline->{closure:{closure:Illuminate/Pipeline/Pipeline::carry():184}:185}(Object(Illuminate/Http/Request))
#26 C:/Users/Lidiya Getale/Herd/immigrationknowhow/vendor/laravel/framework/src/Illuminate/Pipeline/Pipeline.php(209): Illuminate/Auth/Middleware/Authenticate->handle(Object(Illuminate/Http/Request), Object(Closure))
#27 C:/Users/Lidiya Getale/Herd/immigrationknowhow/vendor/laravel/framework/src/Illuminate/Foundation/Http/Middleware/VerifyCsrfToken.php(88): Illuminate/Pipeline/Pipeline->{closure:{closure:Illuminate/Pipeline/Pipeline::carry():184}:185}(Object(Illuminate/Http/Request))
#28 C:/Users/Lidiya Getale/Herd/immigrationknowhow/vendor/laravel/framework/src/Illuminate/Pipeline/Pipeline.php(209): Illuminate/Foundation/Http/Middleware/VerifyCsrfToken->handle(Object(Illuminate/Http/Request), Object(Closure))
#29 C:/Users/Lidiya Getale/Herd/immigrationknowhow/vendor/laravel/framework/src/Illuminate/View/Middleware/ShareErrorsFromSession.php(49): Illuminate/Pipeline/Pipeline->{closure:{closure:Illuminate/Pipeline/Pipeline::carry():184}:185}(Object(Illuminate/Http/Request))
#30 C:/Users/Lidiya Getale/Herd/immigrationknowhow/vendor/laravel/framework/src/Illuminate/Pipeline/Pipeline.php(209): Illuminate/View/Middleware/ShareErrorsFromSession->handle(Object(Illuminate/Http/Request), Object(Closure))
#31 C:/Users/Lidiya Getale/Herd/immigrationknowhow/vendor/laravel/framework/src/Illuminate/Session/Middleware/StartSession.php(121): Illuminate/Pipeline/Pipeline->{closure:{closure:Illuminate/Pipeline/Pipeline::carry():184}:185}(Object(Illuminate/Http/Request))
#32 C:/Users/Lidiya Getale/Herd/immigrationknowhow/vendor/laravel/framework/src/Illuminate/Session/Middleware/StartSession.php(64): Illuminate/Session/Middleware/StartSession->handleStatefulRequest(Object(Illuminate/Http/Request), Object(Illuminate/Session/Store), Object(Closure))
#33 C:/Users/Lidiya Getale/Herd/immigrationknowhow/vendor/laravel/framework/src/Illuminate/Pipeline/Pipeline.php(209): Illuminate/Session/Middleware/StartSession->handle(Object(Illuminate/Http/Request), Object(Closure))
#34 C:/Users/Lidiya Getale/Herd/immigrationknowhow/vendor/laravel/framework/src/Illuminate/Cookie/Middleware/AddQueuedCookiesToResponse.php(37): Illuminate/Pipeline/Pipeline->{closure:{closure:Illuminate/Pipeline/Pipeline::carry():184}:185}(Object(Illuminate/Http/Request))
#35 C:/Users/Lidiya Getale/Herd/immigrationknowhow/vendor/laravel/framework/src/Illuminate/Pipeline/Pipeline.php(209): Illuminate/Cookie/Middleware/AddQueuedCookiesToResponse->handle(Object(Illuminate/Http/Request), Object(Closure))
#36 C:/Users/Lidiya Getale/Herd/immigrationknowhow/vendor/laravel/framework/src/Illuminate/Cookie/Middleware/EncryptCookies.php(75): Illuminate/Pipeline/Pipeline->{closure:{closure:Illuminate/Pipeline/Pipeline::carry():184}:185}(Object(Illuminate/Http/Request))
#37 C:/Users/Lidiya Getale/Herd/immigrationknowhow/vendor/laravel/framework/src/Illuminate/Pipeline/Pipeline.php(209): Illuminate/Cookie/Middleware/EncryptCookies->handle(Object(Illuminate/Http/Request), Object(Closure))
#38 C:/Users/Lidiya Getale/Herd/immigrationknowhow/vendor/laravel/framework/src/Illuminate/Pipeline/Pipeline.php(127): Illuminate/Pipeline/Pipeline->{closure:{closure:Illuminate/Pipeline/Pipeline::carry():184}:185}(Object(Illuminate/Http/Request))
#39 C:/Users/Lidiya Getale/Herd/immigrationknowhow/vendor/laravel/framework/src/Illuminate/Routing/Router.php(807): Illuminate/Pipeline/Pipeline->then(Object(Closure))
#40 C:/Users/Lidiya Getale/Herd/immigrationknowhow/vendor/laravel/framework/src/Illuminate/Routing/Router.php(786): Illuminate/Routing/Router->runRouteWithinStack(Object(Illuminate/Routing/Route), Object(Illuminate/Http/Request))
#41 C:/Users/Lidiya Getale/Herd/immigrationknowhow/vendor/laravel/framework/src/Illuminate/Routing/Router.php(750): Illuminate/Routing/Router->runRoute(Object(Illuminate/Http/Request), Object(Illuminate/Routing/Route))
#42 C:/Users/Lidiya Getale/Herd/immigrationknowhow/vendor/laravel/framework/src/Illuminate/Routing/Router.php(739): Illuminate/Routing/Router->dispatchToRoute(Object(Illuminate/Http/Request))
#43 C:/Users/Lidiya Getale/Herd/immigrationknowhow/vendor/laravel/framework/src/Illuminate/Foundation/Http/Kernel.php(201): Illuminate/Routing/Router->dispatch(Object(Illuminate/Http/Request))
#44 C:/Users/Lidiya Getale/Herd/immigrationknowhow/vendor/laravel/framework/src/Illuminate/Pipeline/Pipeline.php(170): Illuminate/Foundation/Http/Kernel->{closure:Illuminate/Foundation/Http/Kernel::dispatchToRouter():198}(Object(Illuminate/Http/Request))
#45 C:/Users/Lidiya Getale/Herd/immigrationknowhow/vendor/laravel/framework/src/Illuminate/Foundation/Http/Middleware/TransformsRequest.php(21): Illuminate/Pipeline/Pipeline->{closure:Illuminate/Pipeline/Pipeline::prepareDestination():168}(Object(Illuminate/Http/Request))
#46 C:/Users/Lidiya Getale/Herd/immigrationknowhow/vendor/laravel/framework/src/Illuminate/Foundation/Http/Middleware/ConvertEmptyStringsToNull.php(31): Illuminate/Foundation/Http/Middleware/TransformsRequest->handle(Object(Illuminate/Http/Request), Object(Closure))
#47 C:/Users/Lidiya Getale/Herd/immigrationknowhow/vendor/laravel/framework/src/Illuminate/Pipeline/Pipeline.php(209): Illuminate/Foundation/Http/Middleware/ConvertEmptyStringsToNull->handle(Object(Illuminate/Http/Request), Object(Closure))
#48 C:/Users/Lidiya Getale/Herd/immigrationknowhow/vendor/laravel/framework/src/Illuminate/Foundation/Http/Middleware/TransformsRequest.php(21): Illuminate/Pipeline/Pipeline->{closure:{closure:Illuminate/Pipeline/Pipeline::carry():184}:185}(Object(Illuminate/Http/Request))
#49 C:/Users/Lidiya Getale/Herd/immigrationknowhow/vendor/laravel/framework/src/Illuminate/Foundation/Http/Middleware/TrimStrings.php(51): Illuminate/Foundation/Http/Middleware/TransformsRequest->handle(Object(Illuminate/Http/Request), Object(Closure))
#50 C:/Users/Lidiya Getale/Herd/immigrationknowhow/vendor/laravel/framework/src/Illuminate/Pipeline/Pipeline.php(209): Illuminate/Foundation/Http/Middleware/TrimStrings->handle(Object(Illuminate/Http/Request), Object(Closure))
#51 C:/Users/Lidiya Getale/Herd/immigrationknowhow/vendor/laravel/framework/src/Illuminate/Http/Middleware/ValidatePostSize.php(27): Illuminate/Pipeline/Pipeline->{closure:{closure:Illuminate/Pipeline/Pipeline::carry():184}:185}(Object(Illuminate/Http/Request))
#52 C:/Users/Lidiya Getale/Herd/immigrationknowhow/vendor/laravel/framework/src/Illuminate/Pipeline/Pipeline.php(209): Illuminate/Http/Middleware/ValidatePostSize->handle(Object(Illuminate/Http/Request), Object(Closure))
#53 C:/Users/Lidiya Getale/Herd/immigrationknowhow/vendor/laravel/framework/src/Illuminate/Foundation/Http/Middleware/PreventRequestsDuringMaintenance.php(110): Illuminate/Pipeline/Pipeline->{closure:{closure:Illuminate/Pipeline/Pipeline::carry():184}:185}(Object(Illuminate/Http/Request))
#54 C:/Users/Lidiya Getale/Herd/immigrationknowhow/vendor/laravel/framework/src/Illuminate/Pipeline/Pipeline.php(209): Illuminate/Foundation/Http/Middleware/PreventRequestsDuringMaintenance->handle(Object(Illuminate/Http/Request), Object(Closure))
#55 C:/Users/Lidiya Getale/Herd/immigrationknowhow/vendor/laravel/framework/src/Illuminate/Http/Middleware/HandleCors.php(49): Illuminate/Pipeline/Pipeline->{closure:{closure:Illuminate/Pipeline/Pipeline::carry():184}:185}(Object(Illuminate/Http/Request))
#56 C:/Users/Lidiya Getale/Herd/immigrationknowhow/vendor/laravel/framework/src/Illuminate/Pipeline/Pipeline.php(209): Illuminate/Http/Middleware/HandleCors->handle(Object(Illuminate/Http/Request), Object(Closure))
#57 C:/Users/Lidiya Getale/Herd/immigrationknowhow/vendor/laravel/framework/src/Illuminate/Http/Middleware/TrustProxies.php(58): Illuminate/Pipeline/Pipeline->{closure:{closure:Illuminate/Pipeline/Pipeline::carry():184}:185}(Object(Illuminate/Http/Request))
#58 C:/Users/Lidiya Getale/Herd/immigrationknowhow/vendor/laravel/framework/src/Illuminate/Pipeline/Pipeline.php(209): Illuminate/Http/Middleware/TrustProxies->handle(Object(Illuminate/Http/Request), Object(Closure))
#59 C:/Users/Lidiya Getale/Herd/immigrationknowhow/vendor/laravel/framework/src/Illuminate/Foundation/Http/Middleware/InvokeDeferredCallbacks.php(22): Illuminate/Pipeline/Pipeline->{closure:{closure:Illuminate/Pipeline/Pipeline::carry():184}:185}(Object(Illuminate/Http/Request))
#60 C:/Users/Lidiya Getale/Herd/immigrationknowhow/vendor/laravel/framework/src/Illuminate/Pipeline/Pipeline.php(209): Illuminate/Foundation/Http/Middleware/InvokeDeferredCallbacks->handle(Object(Illuminate/Http/Request), Object(Closure))
#61 C:/Users/Lidiya Getale/Herd/immigrationknowhow/vendor/laravel/framework/src/Illuminate/Pipeline/Pipeline.php(127): Illuminate/Pipeline/Pipeline->{closure:{closure:Illuminate/Pipeline/Pipeline::carry():184}:185}(Object(Illuminate/Http/Request))
#62 C:/Users/Lidiya Getale/Herd/immigrationknowhow/vendor/laravel/framework/src/Illuminate/Foundation/Http/Kernel.php(176): Illuminate/Pipeline/Pipeline->then(Object(Closure))
#63 C:/Users/Lidiya Getale/Herd/immigrationknowhow/vendor/laravel/framework/src/Illuminate/Foundation/Http/Kernel.php(145): Illuminate/Foundation/Http/Kernel->sendRequestThroughRouter(Object(Illuminate/Http/Request))
#64 C:/Users/Lidiya Getale/Herd/immigrationknowhow/vendor/laravel/framework/src/Illuminate/Foundation/Application.php(1220): Illuminate/Foundation/Http/Kernel->handle(Object(Illuminate/Http/Request))
#65 C:/Users/Lidiya Getale/Herd/immigrationknowhow/public/index.php(17): Illuminate/Foundation/Application->handleRequest(Object(Illuminate/Http/Request))
#66 C:/Program Files/Herd/resources/app.asar.unpacked/resources/valet/server.php(139): require('C://Users//Lidiya...')
#67 {main}
"} 
[2026-04-10 15:13:28] local.ERROR: SQLSTATE[42S22]: Column not found: 1054 Unknown column 'is_flagged' in 'where clause' (Connection: mysql, SQL: select count(*) as aggregate from `reviews` where `is_flagged` = 1 and `reviews`.`deleted_at` is null) {"userId":48,"exception":"[object] (Illuminate\\Database\\QueryException(code: 42S22): SQLSTATE[42S22]: Column not found: 1054 Unknown column 'is_flagged' in 'where clause' (Connection: mysql, SQL: select count(*) as aggregate from `reviews` where `is_flagged` = 1 and `reviews`.`deleted_at` is null) at C:/Users/Lidiya Getale/Herd/immigrationknowhow/vendor/laravel/framework/src/Illuminate/Database/Connection.php:825)
[stacktrace]
#0 C:/Users/Lidiya Getale/Herd/immigrationknowhow/vendor/laravel/framework/src/Illuminate/Database/Connection.php(779): Illuminate/Database/Connection->runQueryCallback('select count(*)...', Array, Object(Closure))
#1 C:/Users/Lidiya Getale/Herd/immigrationknowhow/vendor/laravel/framework/src/Illuminate/Database/Connection.php(398): Illuminate/Database/Connection->run('select count(*)...', Array, Object(Closure))
#2 C:/Users/Lidiya Getale/Herd/immigrationknowhow/vendor/laravel/framework/src/Illuminate/Database/Query/Builder.php(3106): Illuminate/Database/Connection->select('select count(*)...', Array, true)
#3 C:/Users/Lidiya Getale/Herd/immigrationknowhow/vendor/laravel/framework/src/Illuminate/Database/Query/Builder.php(3091): Illuminate/Database/Query/Builder->runSelect()
#4 C:/Users/Lidiya Getale/Herd/immigrationknowhow/vendor/laravel/framework/src/Illuminate/Database/Query/Builder.php(3676): Illuminate/Database/Query/Builder->{closure:Illuminate/Database/Query/Builder::get():3090}()
#5 C:/Users/Lidiya Getale/Herd/immigrationknowhow/vendor/laravel/framework/src/Illuminate/Database/Query/Builder.php(3090): Illuminate/Database/Query/Builder->onceWithColumns(Array, Object(Closure))
#6 C:/Users/Lidiya Getale/Herd/immigrationknowhow/vendor/laravel/framework/src/Illuminate/Database/Query/Builder.php(3603): Illuminate/Database/Query/Builder->get(Array)
#7 C:/Users/Lidiya Getale/Herd/immigrationknowhow/vendor/laravel/framework/src/Illuminate/Database/Query/Builder.php(3531): Illuminate/Database/Query/Builder->aggregate('count', Array)
#8 C:/Users/Lidiya Getale/Herd/immigrationknowhow/vendor/laravel/framework/src/Illuminate/Database/Eloquent/Builder.php(2120): Illuminate/Database/Query/Builder->count()
#9 C:/Users/Lidiya Getale/Herd/immigrationknowhow/app/Http/Controllers/Admin/ReviewController.php(49): Illuminate/Database/Eloquent/Builder->__call('count', Array)
#10 C:/Users/Lidiya Getale/Herd/immigrationknowhow/vendor/laravel/framework/src/Illuminate/Routing/ControllerDispatcher.php(47): App/Http/Controllers/Admin/ReviewController->index(Object(Illuminate/Http/Request))
#11 C:/Users/Lidiya Getale/Herd/immigrationknowhow/vendor/laravel/framework/src/Illuminate/Routing/Route.php(266): Illuminate/Routing/ControllerDispatcher->dispatch(Object(Illuminate/Routing/Route), Object(App/Http/Controllers/Admin/ReviewController), 'index')
#12 C:/Users/Lidiya Getale/Herd/immigrationknowhow/vendor/laravel/framework/src/Illuminate/Routing/Route.php(212): Illuminate/Routing/Route->runController()
#13 C:/Users/Lidiya Getale/Herd/immigrationknowhow/vendor/laravel/framework/src/Illuminate/Routing/Router.php(808): Illuminate/Routing/Route->run()
#14 C:/Users/Lidiya Getale/Herd/immigrationknowhow/vendor/laravel/framework/src/Illuminate/Pipeline/Pipeline.php(170): Illuminate/Routing/Router->{closure:Illuminate/Routing/Router::runRouteWithinStack():807}(Object(Illuminate/Http/Request))
#15 C:/Users/Lidiya Getale/Herd/immigrationknowhow/app/Http/Middleware/EnsureOnboardingComplete.php(30): Illuminate/Pipeline/Pipeline->{closure:Illuminate/Pipeline/Pipeline::prepareDestination():168}(Object(Illuminate/Http/Request))
#16 C:/Users/Lidiya Getale/Herd/immigrationknowhow/vendor/laravel/framework/src/Illuminate/Pipeline/Pipeline.php(209): App/Http/Middleware/EnsureOnboardingComplete->handle(Object(Illuminate/Http/Request), Object(Closure))
#17 C:/Users/Lidiya Getale/Herd/immigrationknowhow/vendor/spatie/laravel-permission/src/Middleware/RoleMiddleware.php(37): Illuminate/Pipeline/Pipeline->{closure:{closure:Illuminate/Pipeline/Pipeline::carry():184}:185}(Object(Illuminate/Http/Request))
#18 C:/Users/Lidiya Getale/Herd/immigrationknowhow/vendor/laravel/framework/src/Illuminate/Pipeline/Pipeline.php(209): Spatie/Permission/Middleware/RoleMiddleware->handle(Object(Illuminate/Http/Request), Object(Closure), 'admin|super_adm...')
#19 C:/Users/Lidiya Getale/Herd/immigrationknowhow/vendor/inertiajs/inertia-laravel/src/Middleware.php(87): Illuminate/Pipeline/Pipeline->{closure:{closure:Illuminate/Pipeline/Pipeline::carry():184}:185}(Object(Illuminate/Http/Request))
#20 C:/Users/Lidiya Getale/Herd/immigrationknowhow/vendor/laravel/framework/src/Illuminate/Pipeline/Pipeline.php(209): Inertia/Middleware->handle(Object(Illuminate/Http/Request), Object(Closure))
#21 C:/Users/Lidiya Getale/Herd/immigrationknowhow/vendor/laravel/framework/src/Illuminate/Routing/Middleware/SubstituteBindings.php(51): Illuminate/Pipeline/Pipeline->{closure:{closure:Illuminate/Pipeline/Pipeline::carry():184}:185}(Object(Illuminate/Http/Request))
#22 C:/Users/Lidiya Getale/Herd/immigrationknowhow/vendor/laravel/framework/src/Illuminate/Pipeline/Pipeline.php(209): Illuminate/Routing/Middleware/SubstituteBindings->handle(Object(Illuminate/Http/Request), Object(Closure))
#23 C:/Users/Lidiya Getale/Herd/immigrationknowhow/vendor/laravel/framework/src/Illuminate/Auth/Middleware/Authenticate.php(64): Illuminate/Pipeline/Pipeline->{closure:{closure:Illuminate/Pipeline/Pipeline::carry():184}:185}(Object(Illuminate/Http/Request))
#24 C:/Users/Lidiya Getale/Herd/immigrationknowhow/vendor/laravel/framework/src/Illuminate/Pipeline/Pipeline.php(209): Illuminate/Auth/Middleware/Authenticate->handle(Object(Illuminate/Http/Request), Object(Closure))
#25 C:/Users/Lidiya Getale/Herd/immigrationknowhow/vendor/laravel/framework/src/Illuminate/Foundation/Http/Middleware/VerifyCsrfToken.php(88): Illuminate/Pipeline/Pipeline->{closure:{closure:Illuminate/Pipeline/Pipeline::carry():184}:185}(Object(Illuminate/Http/Request))
#26 C:/Users/Lidiya Getale/Herd/immigrationknowhow/vendor/laravel/framework/src/Illuminate/Pipeline/Pipeline.php(209): Illuminate/Foundation/Http/Middleware/VerifyCsrfToken->handle(Object(Illuminate/Http/Request), Object(Closure))
#27 C:/Users/Lidiya Getale/Herd/immigrationknowhow/vendor/laravel/framework/src/Illuminate/View/Middleware/ShareErrorsFromSession.php(49): Illuminate/Pipeline/Pipeline->{closure:{closure:Illuminate/Pipeline/Pipeline::carry():184}:185}(Object(Illuminate/Http/Request))
#28 C:/Users/Lidiya Getale/Herd/immigrationknowhow/vendor/laravel/framework/src/Illuminate/Pipeline/Pipeline.php(209): Illuminate/View/Middleware/ShareErrorsFromSession->handle(Object(Illuminate/Http/Request), Object(Closure))
#29 C:/Users/Lidiya Getale/Herd/immigrationknowhow/vendor/laravel/framework/src/Illuminate/Session/Middleware/StartSession.php(121): Illuminate/Pipeline/Pipeline->{closure:{closure:Illuminate/Pipeline/Pipeline::carry():184}:185}(Object(Illuminate/Http/Request))
#30 C:/Users/Lidiya Getale/Herd/immigrationknowhow/vendor/laravel/framework/src/Illuminate/Session/Middleware/StartSession.php(64): Illuminate/Session/Middleware/StartSession->handleStatefulRequest(Object(Illuminate/Http/Request), Object(Illuminate/Session/Store), Object(Closure))
#31 C:/Users/Lidiya Getale/Herd/immigrationknowhow/vendor/laravel/framework/src/Illuminate/Pipeline/Pipeline.php(209): Illuminate/Session/Middleware/StartSession->handle(Object(Illuminate/Http/Request), Object(Closure))
#32 C:/Users/Lidiya Getale/Herd/immigrationknowhow/vendor/laravel/framework/src/Illuminate/Cookie/Middleware/AddQueuedCookiesToResponse.php(37): Illuminate/Pipeline/Pipeline->{closure:{closure:Illuminate/Pipeline/Pipeline::carry():184}:185}(Object(Illuminate/Http/Request))
#33 C:/Users/Lidiya Getale/Herd/immigrationknowhow/vendor/laravel/framework/src/Illuminate/Pipeline/Pipeline.php(209): Illuminate/Cookie/Middleware/AddQueuedCookiesToResponse->handle(Object(Illuminate/Http/Request), Object(Closure))
#34 C:/Users/Lidiya Getale/Herd/immigrationknowhow/vendor/laravel/framework/src/Illuminate/Cookie/Middleware/EncryptCookies.php(75): Illuminate/Pipeline/Pipeline->{closure:{closure:Illuminate/Pipeline/Pipeline::carry():184}:185}(Object(Illuminate/Http/Request))
#35 C:/Users/Lidiya Getale/Herd/immigrationknowhow/vendor/laravel/framework/src/Illuminate/Pipeline/Pipeline.php(209): Illuminate/Cookie/Middleware/EncryptCookies->handle(Object(Illuminate/Http/Request), Object(Closure))
#36 C:/Users/Lidiya Getale/Herd/immigrationknowhow/vendor/laravel/framework/src/Illuminate/Pipeline/Pipeline.php(127): Illuminate/Pipeline/Pipeline->{closure:{closure:Illuminate/Pipeline/Pipeline::carry():184}:185}(Object(Illuminate/Http/Request))
#37 C:/Users/Lidiya Getale/Herd/immigrationknowhow/vendor/laravel/framework/src/Illuminate/Routing/Router.php(807): Illuminate/Pipeline/Pipeline->then(Object(Closure))
#38 C:/Users/Lidiya Getale/Herd/immigrationknowhow/vendor/laravel/framework/src/Illuminate/Routing/Router.php(786): Illuminate/Routing/Router->runRouteWithinStack(Object(Illuminate/Routing/Route), Object(Illuminate/Http/Request))
#39 C:/Users/Lidiya Getale/Herd/immigrationknowhow/vendor/laravel/framework/src/Illuminate/Routing/Router.php(750): Illuminate/Routing/Router->runRoute(Object(Illuminate/Http/Request), Object(Illuminate/Routing/Route))
#40 C:/Users/Lidiya Getale/Herd/immigrationknowhow/vendor/laravel/framework/src/Illuminate/Routing/Router.php(739): Illuminate/Routing/Router->dispatchToRoute(Object(Illuminate/Http/Request))
#41 C:/Users/Lidiya Getale/Herd/immigrationknowhow/vendor/laravel/framework/src/Illuminate/Foundation/Http/Kernel.php(201): Illuminate/Routing/Router->dispatch(Object(Illuminate/Http/Request))
#42 C:/Users/Lidiya Getale/Herd/immigrationknowhow/vendor/laravel/framework/src/Illuminate/Pipeline/Pipeline.php(170): Illuminate/Foundation/Http/Kernel->{closure:Illuminate/Foundation/Http/Kernel::dispatchToRouter():198}(Object(Illuminate/Http/Request))
#43 C:/Users/Lidiya Getale/Herd/immigrationknowhow/vendor/laravel/framework/src/Illuminate/Foundation/Http/Middleware/TransformsRequest.php(21): Illuminate/Pipeline/Pipeline->{closure:Illuminate/Pipeline/Pipeline::prepareDestination():168}(Object(Illuminate/Http/Request))
#44 C:/Users/Lidiya Getale/Herd/immigrationknowhow/vendor/laravel/framework/src/Illuminate/Foundation/Http/Middleware/ConvertEmptyStringsToNull.php(31): Illuminate/Foundation/Http/Middleware/TransformsRequest->handle(Object(Illuminate/Http/Request), Object(Closure))
#45 C:/Users/Lidiya Getale/Herd/immigrationknowhow/vendor/laravel/framework/src/Illuminate/Pipeline/Pipeline.php(209): Illuminate/Foundation/Http/Middleware/ConvertEmptyStringsToNull->handle(Object(Illuminate/Http/Request), Object(Closure))
#46 C:/Users/Lidiya Getale/Herd/immigrationknowhow/vendor/laravel/framework/src/Illuminate/Foundation/Http/Middleware/TransformsRequest.php(21): Illuminate/Pipeline/Pipeline->{closure:{closure:Illuminate/Pipeline/Pipeline::carry():184}:185}(Object(Illuminate/Http/Request))
#47 C:/Users/Lidiya Getale/Herd/immigrationknowhow/vendor/laravel/framework/src/Illuminate/Foundation/Http/Middleware/TrimStrings.php(51): Illuminate/Foundation/Http/Middleware/TransformsRequest->handle(Object(Illuminate/Http/Request), Object(Closure))
#48 C:/Users/Lidiya Getale/Herd/immigrationknowhow/vendor/laravel/framework/src/Illuminate/Pipeline/Pipeline.php(209): Illuminate/Foundation/Http/Middleware/TrimStrings->handle(Object(Illuminate/Http/Request), Object(Closure))
#49 C:/Users/Lidiya Getale/Herd/immigrationknowhow/vendor/laravel/framework/src/Illuminate/Http/Middleware/ValidatePostSize.php(27): Illuminate/Pipeline/Pipeline->{closure:{closure:Illuminate/Pipeline/Pipeline::carry():184}:185}(Object(Illuminate/Http/Request))
#50 C:/Users/Lidiya Getale/Herd/immigrationknowhow/vendor/laravel/framework/src/Illuminate/Pipeline/Pipeline.php(209): Illuminate/Http/Middleware/ValidatePostSize->handle(Object(Illuminate/Http/Request), Object(Closure))
#51 C:/Users/Lidiya Getale/Herd/immigrationknowhow/vendor/laravel/framework/src/Illuminate/Foundation/Http/Middleware/PreventRequestsDuringMaintenance.php(110): Illuminate/Pipeline/Pipeline->{closure:{closure:Illuminate/Pipeline/Pipeline::carry():184}:185}(Object(Illuminate/Http/Request))
#52 C:/Users/Lidiya Getale/Herd/immigrationknowhow/vendor/laravel/framework/src/Illuminate/Pipeline/Pipeline.php(209): Illuminate/Foundation/Http/Middleware/PreventRequestsDuringMaintenance->handle(Object(Illuminate/Http/Request), Object(Closure))
#53 C:/Users/Lidiya Getale/Herd/immigrationknowhow/vendor/laravel/framework/src/Illuminate/Http/Middleware/HandleCors.php(49): Illuminate/Pipeline/Pipeline->{closure:{closure:Illuminate/Pipeline/Pipeline::carry():184}:185}(Object(Illuminate/Http/Request))
#54 C:/Users/Lidiya Getale/Herd/immigrationknowhow/vendor/laravel/framework/src/Illuminate/Pipeline/Pipeline.php(209): Illuminate/Http/Middleware/HandleCors->handle(Object(Illuminate/Http/Request), Object(Closure))
#55 C:/Users/Lidiya Getale/Herd/immigrationknowhow/vendor/laravel/framework/src/Illuminate/Http/Middleware/TrustProxies.php(58): Illuminate/Pipeline/Pipeline->{closure:{closure:Illuminate/Pipeline/Pipeline::carry():184}:185}(Object(Illuminate/Http/Request))
#56 C:/Users/Lidiya Getale/Herd/immigrationknowhow/vendor/laravel/framework/src/Illuminate/Pipeline/Pipeline.php(209): Illuminate/Http/Middleware/TrustProxies->handle(Object(Illuminate/Http/Request), Object(Closure))
#57 C:/Users/Lidiya Getale/Herd/immigrationknowhow/vendor/laravel/framework/src/Illuminate/Foundation/Http/Middleware/InvokeDeferredCallbacks.php(22): Illuminate/Pipeline/Pipeline->{closure:{closure:Illuminate/Pipeline/Pipeline::carry():184}:185}(Object(Illuminate/Http/Request))
#58 C:/Users/Lidiya Getale/Herd/immigrationknowhow/vendor/laravel/framework/src/Illuminate/Pipeline/Pipeline.php(209): Illuminate/Foundation/Http/Middleware/InvokeDeferredCallbacks->handle(Object(Illuminate/Http/Request), Object(Closure))
#59 C:/Users/Lidiya Getale/Herd/immigrationknowhow/vendor/laravel/framework/src/Illuminate/Pipeline/Pipeline.php(127): Illuminate/Pipeline/Pipeline->{closure:{closure:Illuminate/Pipeline/Pipeline::carry():184}:185}(Object(Illuminate/Http/Request))
#60 C:/Users/Lidiya Getale/Herd/immigrationknowhow/vendor/laravel/framework/src/Illuminate/Foundation/Http/Kernel.php(176): Illuminate/Pipeline/Pipeline->then(Object(Closure))
#61 C:/Users/Lidiya Getale/Herd/immigrationknowhow/vendor/laravel/framework/src/Illuminate/Foundation/Http/Kernel.php(145): Illuminate/Foundation/Http/Kernel->sendRequestThroughRouter(Object(Illuminate/Http/Request))
#62 C:/Users/Lidiya Getale/Herd/immigrationknowhow/vendor/laravel/framework/src/Illuminate/Foundation/Application.php(1220): Illuminate/Foundation/Http/Kernel->handle(Object(Illuminate/Http/Request))
#63 C:/Users/Lidiya Getale/Herd/immigrationknowhow/public/index.php(17): Illuminate/Foundation/Application->handleRequest(Object(Illuminate/Http/Request))
#64 C:/Program Files/Herd/resources/app.asar.unpacked/resources/valet/server.php(139): require('C://Users//Lidiya...')
#65 {main}

[previous exception] [object] (PDOException(code: 42S22): SQLSTATE[42S22]: Column not found: 1054 Unknown column 'is_flagged' in 'where clause' at C:/Users/Lidiya Getale/Herd/immigrationknowhow/vendor/laravel/framework/src/Illuminate/Database/Connection.php:407)
[stacktrace]
#0 C:/Users/Lidiya Getale/Herd/immigrationknowhow/vendor/laravel/framework/src/Illuminate/Database/Connection.php(407): PDO->prepare('select count(*)...')
#1 C:/Users/Lidiya Getale/Herd/immigrationknowhow/vendor/laravel/framework/src/Illuminate/Database/Connection.php(812): Illuminate/Database/Connection->{closure:Illuminate/Database/Connection::select():398}('select count(*)...', Array)
#2 C:/Users/Lidiya Getale/Herd/immigrationknowhow/vendor/laravel/framework/src/Illuminate/Database/Connection.php(779): Illuminate/Database/Connection->runQueryCallback('select count(*)...', Array, Object(Closure))
#3 C:/Users/Lidiya Getale/Herd/immigrationknowhow/vendor/laravel/framework/src/Illuminate/Database/Connection.php(398): Illuminate/Database/Connection->run('select count(*)...', Array, Object(Closure))
#4 C:/Users/Lidiya Getale/Herd/immigrationknowhow/vendor/laravel/framework/src/Illuminate/Database/Query/Builder.php(3106): Illuminate/Database/Connection->select('select count(*)...', Array, true)
#5 C:/Users/Lidiya Getale/Herd/immigrationknowhow/vendor/laravel/framework/src/Illuminate/Database/Query/Builder.php(3091): Illuminate/Database/Query/Builder->runSelect()
#6 C:/Users/Lidiya Getale/Herd/immigrationknowhow/vendor/laravel/framework/src/Illuminate/Database/Query/Builder.php(3676): Illuminate/Database/Query/Builder->{closure:Illuminate/Database/Query/Builder::get():3090}()
#7 C:/Users/Lidiya Getale/Herd/immigrationknowhow/vendor/laravel/framework/src/Illuminate/Database/Query/Builder.php(3090): Illuminate/Database/Query/Builder->onceWithColumns(Array, Object(Closure))
#8 C:/Users/Lidiya Getale/Herd/immigrationknowhow/vendor/laravel/framework/src/Illuminate/Database/Query/Builder.php(3603): Illuminate/Database/Query/Builder->get(Array)
#9 C:/Users/Lidiya Getale/Herd/immigrationknowhow/vendor/laravel/framework/src/Illuminate/Database/Query/Builder.php(3531): Illuminate/Database/Query/Builder->aggregate('count', Array)
#10 C:/Users/Lidiya Getale/Herd/immigrationknowhow/vendor/laravel/framework/src/Illuminate/Database/Eloquent/Builder.php(2120): Illuminate/Database/Query/Builder->count()
#11 C:/Users/Lidiya Getale/Herd/immigrationknowhow/app/Http/Controllers/Admin/ReviewController.php(49): Illuminate/Database/Eloquent/Builder->__call('count', Array)
#12 C:/Users/Lidiya Getale/Herd/immigrationknowhow/vendor/laravel/framework/src/Illuminate/Routing/ControllerDispatcher.php(47): App/Http/Controllers/Admin/ReviewController->index(Object(Illuminate/Http/Request))
#13 C:/Users/Lidiya Getale/Herd/immigrationknowhow/vendor/laravel/framework/src/Illuminate/Routing/Route.php(266): Illuminate/Routing/ControllerDispatcher->dispatch(Object(Illuminate/Routing/Route), Object(App/Http/Controllers/Admin/ReviewController), 'index')
#14 C:/Users/Lidiya Getale/Herd/immigrationknowhow/vendor/laravel/framework/src/Illuminate/Routing/Route.php(212): Illuminate/Routing/Route->runController()
#15 C:/Users/Lidiya Getale/Herd/immigrationknowhow/vendor/laravel/framework/src/Illuminate/Routing/Router.php(808): Illuminate/Routing/Route->run()
#16 C:/Users/Lidiya Getale/Herd/immigrationknowhow/vendor/laravel/framework/src/Illuminate/Pipeline/Pipeline.php(170): Illuminate/Routing/Router->{closure:Illuminate/Routing/Router::runRouteWithinStack():807}(Object(Illuminate/Http/Request))
#17 C:/Users/Lidiya Getale/Herd/immigrationknowhow/app/Http/Middleware/EnsureOnboardingComplete.php(30): Illuminate/Pipeline/Pipeline->{closure:Illuminate/Pipeline/Pipeline::prepareDestination():168}(Object(Illuminate/Http/Request))
#18 C:/Users/Lidiya Getale/Herd/immigrationknowhow/vendor/laravel/framework/src/Illuminate/Pipeline/Pipeline.php(209): App/Http/Middleware/EnsureOnboardingComplete->handle(Object(Illuminate/Http/Request), Object(Closure))
#19 C:/Users/Lidiya Getale/Herd/immigrationknowhow/vendor/spatie/laravel-permission/src/Middleware/RoleMiddleware.php(37): Illuminate/Pipeline/Pipeline->{closure:{closure:Illuminate/Pipeline/Pipeline::carry():184}:185}(Object(Illuminate/Http/Request))
#20 C:/Users/Lidiya Getale/Herd/immigrationknowhow/vendor/laravel/framework/src/Illuminate/Pipeline/Pipeline.php(209): Spatie/Permission/Middleware/RoleMiddleware->handle(Object(Illuminate/Http/Request), Object(Closure), 'admin|super_adm...')
#21 C:/Users/Lidiya Getale/Herd/immigrationknowhow/vendor/inertiajs/inertia-laravel/src/Middleware.php(87): Illuminate/Pipeline/Pipeline->{closure:{closure:Illuminate/Pipeline/Pipeline::carry():184}:185}(Object(Illuminate/Http/Request))
#22 C:/Users/Lidiya Getale/Herd/immigrationknowhow/vendor/laravel/framework/src/Illuminate/Pipeline/Pipeline.php(209): Inertia/Middleware->handle(Object(Illuminate/Http/Request), Object(Closure))
#23 C:/Users/Lidiya Getale/Herd/immigrationknowhow/vendor/laravel/framework/src/Illuminate/Routing/Middleware/SubstituteBindings.php(51): Illuminate/Pipeline/Pipeline->{closure:{closure:Illuminate/Pipeline/Pipeline::carry():184}:185}(Object(Illuminate/Http/Request))
#24 C:/Users/Lidiya Getale/Herd/immigrationknowhow/vendor/laravel/framework/src/Illuminate/Pipeline/Pipeline.php(209): Illuminate/Routing/Middleware/SubstituteBindings->handle(Object(Illuminate/Http/Request), Object(Closure))
#25 C:/Users/Lidiya Getale/Herd/immigrationknowhow/vendor/laravel/framework/src/Illuminate/Auth/Middleware/Authenticate.php(64): Illuminate/Pipeline/Pipeline->{closure:{closure:Illuminate/Pipeline/Pipeline::carry():184}:185}(Object(Illuminate/Http/Request))
#26 C:/Users/Lidiya Getale/Herd/immigrationknowhow/vendor/laravel/framework/src/Illuminate/Pipeline/Pipeline.php(209): Illuminate/Auth/Middleware/Authenticate->handle(Object(Illuminate/Http/Request), Object(Closure))
#27 C:/Users/Lidiya Getale/Herd/immigrationknowhow/vendor/laravel/framework/src/Illuminate/Foundation/Http/Middleware/VerifyCsrfToken.php(88): Illuminate/Pipeline/Pipeline->{closure:{closure:Illuminate/Pipeline/Pipeline::carry():184}:185}(Object(Illuminate/Http/Request))
#28 C:/Users/Lidiya Getale/Herd/immigrationknowhow/vendor/laravel/framework/src/Illuminate/Pipeline/Pipeline.php(209): Illuminate/Foundation/Http/Middleware/VerifyCsrfToken->handle(Object(Illuminate/Http/Request), Object(Closure))
#29 C:/Users/Lidiya Getale/Herd/immigrationknowhow/vendor/laravel/framework/src/Illuminate/View/Middleware/ShareErrorsFromSession.php(49): Illuminate/Pipeline/Pipeline->{closure:{closure:Illuminate/Pipeline/Pipeline::carry():184}:185}(Object(Illuminate/Http/Request))
#30 C:/Users/Lidiya Getale/Herd/immigrationknowhow/vendor/laravel/framework/src/Illuminate/Pipeline/Pipeline.php(209): Illuminate/View/Middleware/ShareErrorsFromSession->handle(Object(Illuminate/Http/Request), Object(Closure))
#31 C:/Users/Lidiya Getale/Herd/immigrationknowhow/vendor/laravel/framework/src/Illuminate/Session/Middleware/StartSession.php(121): Illuminate/Pipeline/Pipeline->{closure:{closure:Illuminate/Pipeline/Pipeline::carry():184}:185}(Object(Illuminate/Http/Request))
#32 C:/Users/Lidiya Getale/Herd/immigrationknowhow/vendor/laravel/framework/src/Illuminate/Session/Middleware/StartSession.php(64): Illuminate/Session/Middleware/StartSession->handleStatefulRequest(Object(Illuminate/Http/Request), Object(Illuminate/Session/Store), Object(Closure))
#33 C:/Users/Lidiya Getale/Herd/immigrationknowhow/vendor/laravel/framework/src/Illuminate/Pipeline/Pipeline.php(209): Illuminate/Session/Middleware/StartSession->handle(Object(Illuminate/Http/Request), Object(Closure))
#34 C:/Users/Lidiya Getale/Herd/immigrationknowhow/vendor/laravel/framework/src/Illuminate/Cookie/Middleware/AddQueuedCookiesToResponse.php(37): Illuminate/Pipeline/Pipeline->{closure:{closure:Illuminate/Pipeline/Pipeline::carry():184}:185}(Object(Illuminate/Http/Request))
#35 C:/Users/Lidiya Getale/Herd/immigrationknowhow/vendor/laravel/framework/src/Illuminate/Pipeline/Pipeline.php(209): Illuminate/Cookie/Middleware/AddQueuedCookiesToResponse->handle(Object(Illuminate/Http/Request), Object(Closure))
#36 C:/Users/Lidiya Getale/Herd/immigrationknowhow/vendor/laravel/framework/src/Illuminate/Cookie/Middleware/EncryptCookies.php(75): Illuminate/Pipeline/Pipeline->{closure:{closure:Illuminate/Pipeline/Pipeline::carry():184}:185}(Object(Illuminate/Http/Request))
#37 C:/Users/Lidiya Getale/Herd/immigrationknowhow/vendor/laravel/framework/src/Illuminate/Pipeline/Pipeline.php(209): Illuminate/Cookie/Middleware/EncryptCookies->handle(Object(Illuminate/Http/Request), Object(Closure))
#38 C:/Users/Lidiya Getale/Herd/immigrationknowhow/vendor/laravel/framework/src/Illuminate/Pipeline/Pipeline.php(127): Illuminate/Pipeline/Pipeline->{closure:{closure:Illuminate/Pipeline/Pipeline::carry():184}:185}(Object(Illuminate/Http/Request))
#39 C:/Users/Lidiya Getale/Herd/immigrationknowhow/vendor/laravel/framework/src/Illuminate/Routing/Router.php(807): Illuminate/Pipeline/Pipeline->then(Object(Closure))
#40 C:/Users/Lidiya Getale/Herd/immigrationknowhow/vendor/laravel/framework/src/Illuminate/Routing/Router.php(786): Illuminate/Routing/Router->runRouteWithinStack(Object(Illuminate/Routing/Route), Object(Illuminate/Http/Request))
#41 C:/Users/Lidiya Getale/Herd/immigrationknowhow/vendor/laravel/framework/src/Illuminate/Routing/Router.php(750): Illuminate/Routing/Router->runRoute(Object(Illuminate/Http/Request), Object(Illuminate/Routing/Route))
#42 C:/Users/Lidiya Getale/Herd/immigrationknowhow/vendor/laravel/framework/src/Illuminate/Routing/Router.php(739): Illuminate/Routing/Router->dispatchToRoute(Object(Illuminate/Http/Request))
#43 C:/Users/Lidiya Getale/Herd/immigrationknowhow/vendor/laravel/framework/src/Illuminate/Foundation/Http/Kernel.php(201): Illuminate/Routing/Router->dispatch(Object(Illuminate/Http/Request))
#44 C:/Users/Lidiya Getale/Herd/immigrationknowhow/vendor/laravel/framework/src/Illuminate/Pipeline/Pipeline.php(170): Illuminate/Foundation/Http/Kernel->{closure:Illuminate/Foundation/Http/Kernel::dispatchToRouter():198}(Object(Illuminate/Http/Request))
#45 C:/Users/Lidiya Getale/Herd/immigrationknowhow/vendor/laravel/framework/src/Illuminate/Foundation/Http/Middleware/TransformsRequest.php(21): Illuminate/Pipeline/Pipeline->{closure:Illuminate/Pipeline/Pipeline::prepareDestination():168}(Object(Illuminate/Http/Request))
#46 C:/Users/Lidiya Getale/Herd/immigrationknowhow/vendor/laravel/framework/src/Illuminate/Foundation/Http/Middleware/ConvertEmptyStringsToNull.php(31): Illuminate/Foundation/Http/Middleware/TransformsRequest->handle(Object(Illuminate/Http/Request), Object(Closure))
#47 C:/Users/Lidiya Getale/Herd/immigrationknowhow/vendor/laravel/framework/src/Illuminate/Pipeline/Pipeline.php(209): Illuminate/Foundation/Http/Middleware/ConvertEmptyStringsToNull->handle(Object(Illuminate/Http/Request), Object(Closure))
#48 C:/Users/Lidiya Getale/Herd/immigrationknowhow/vendor/laravel/framework/src/Illuminate/Foundation/Http/Middleware/TransformsRequest.php(21): Illuminate/Pipeline/Pipeline->{closure:{closure:Illuminate/Pipeline/Pipeline::carry():184}:185}(Object(Illuminate/Http/Request))
#49 C:/Users/Lidiya Getale/Herd/immigrationknowhow/vendor/laravel/framework/src/Illuminate/Foundation/Http/Middleware/TrimStrings.php(51): Illuminate/Foundation/Http/Middleware/TransformsRequest->handle(Object(Illuminate/Http/Request), Object(Closure))
#50 C:/Users/Lidiya Getale/Herd/immigrationknowhow/vendor/laravel/framework/src/Illuminate/Pipeline/Pipeline.php(209): Illuminate/Foundation/Http/Middleware/TrimStrings->handle(Object(Illuminate/Http/Request), Object(Closure))
#51 C:/Users/Lidiya Getale/Herd/immigrationknowhow/vendor/laravel/framework/src/Illuminate/Http/Middleware/ValidatePostSize.php(27): Illuminate/Pipeline/Pipeline->{closure:{closure:Illuminate/Pipeline/Pipeline::carry():184}:185}(Object(Illuminate/Http/Request))
#52 C:/Users/Lidiya Getale/Herd/immigrationknowhow/vendor/laravel/framework/src/Illuminate/Pipeline/Pipeline.php(209): Illuminate/Http/Middleware/ValidatePostSize->handle(Object(Illuminate/Http/Request), Object(Closure))
#53 C:/Users/Lidiya Getale/Herd/immigrationknowhow/vendor/laravel/framework/src/Illuminate/Foundation/Http/Middleware/PreventRequestsDuringMaintenance.php(110): Illuminate/Pipeline/Pipeline->{closure:{closure:Illuminate/Pipeline/Pipeline::carry():184}:185}(Object(Illuminate/Http/Request))
#54 C:/Users/Lidiya Getale/Herd/immigrationknowhow/vendor/laravel/framework/src/Illuminate/Pipeline/Pipeline.php(209): Illuminate/Foundation/Http/Middleware/PreventRequestsDuringMaintenance->handle(Object(Illuminate/Http/Request), Object(Closure))
#55 C:/Users/Lidiya Getale/Herd/immigrationknowhow/vendor/laravel/framework/src/Illuminate/Http/Middleware/HandleCors.php(49): Illuminate/Pipeline/Pipeline->{closure:{closure:Illuminate/Pipeline/Pipeline::carry():184}:185}(Object(Illuminate/Http/Request))
#56 C:/Users/Lidiya Getale/Herd/immigrationknowhow/vendor/laravel/framework/src/Illuminate/Pipeline/Pipeline.php(209): Illuminate/Http/Middleware/HandleCors->handle(Object(Illuminate/Http/Request), Object(Closure))
#57 C:/Users/Lidiya Getale/Herd/immigrationknowhow/vendor/laravel/framework/src/Illuminate/Http/Middleware/TrustProxies.php(58): Illuminate/Pipeline/Pipeline->{closure:{closure:Illuminate/Pipeline/Pipeline::carry():184}:185}(Object(Illuminate/Http/Request))
#58 C:/Users/Lidiya Getale/Herd/immigrationknowhow/vendor/laravel/framework/src/Illuminate/Pipeline/Pipeline.php(209): Illuminate/Http/Middleware/TrustProxies->handle(Object(Illuminate/Http/Request), Object(Closure))
#59 C:/Users/Lidiya Getale/Herd/immigrationknowhow/vendor/laravel/framework/src/Illuminate/Foundation/Http/Middleware/InvokeDeferredCallbacks.php(22): Illuminate/Pipeline/Pipeline->{closure:{closure:Illuminate/Pipeline/Pipeline::carry():184}:185}(Object(Illuminate/Http/Request))
#60 C:/Users/Lidiya Getale/Herd/immigrationknowhow/vendor/laravel/framework/src/Illuminate/Pipeline/Pipeline.php(209): Illuminate/Foundation/Http/Middleware/InvokeDeferredCallbacks->handle(Object(Illuminate/Http/Request), Object(Closure))
#61 C:/Users/Lidiya Getale/Herd/immigrationknowhow/vendor/laravel/framework/src/Illuminate/Pipeline/Pipeline.php(127): Illuminate/Pipeline/Pipeline->{closure:{closure:Illuminate/Pipeline/Pipeline::carry():184}:185}(Object(Illuminate/Http/Request))
#62 C:/Users/Lidiya Getale/Herd/immigrationknowhow/vendor/laravel/framework/src/Illuminate/Foundation/Http/Kernel.php(176): Illuminate/Pipeline/Pipeline->then(Object(Closure))
#63 C:/Users/Lidiya Getale/Herd/immigrationknowhow/vendor/laravel/framework/src/Illuminate/Foundation/Http/Kernel.php(145): Illuminate/Foundation/Http/Kernel->sendRequestThroughRouter(Object(Illuminate/Http/Request))
#64 C:/Users/Lidiya Getale/Herd/immigrationknowhow/vendor/laravel/framework/src/Illuminate/Foundation/Application.php(1220): Illuminate/Foundation/Http/Kernel->handle(Object(Illuminate/Http/Request))
#65 C:/Users/Lidiya Getale/Herd/immigrationknowhow/public/index.php(17): Illuminate/Foundation/Application->handleRequest(Object(Illuminate/Http/Request))
#66 C:/Program Files/Herd/resources/app.asar.unpacked/resources/valet/server.php(139): require('C://Users//Lidiya...')
#67 {main}
"} 
[2026-04-10 15:30:33] local.ERROR: SQLSTATE[42S22]: Column not found: 1054 Unknown column 'is_flagged' in 'where clause' (Connection: mysql, SQL: select count(*) as aggregate from `reviews` where `is_flagged` = 1 and `reviews`.`deleted_at` is null) {"userId":48,"exception":"[object] (Illuminate\\Database\\QueryException(code: 42S22): SQLSTATE[42S22]: Column not found: 1054 Unknown column 'is_flagged' in 'where clause' (Connection: mysql, SQL: select count(*) as aggregate from `reviews` where `is_flagged` = 1 and `reviews`.`deleted_at` is null) at C:/Users/Lidiya Getale/Herd/immigrationknowhow/vendor/laravel/framework/src/Illuminate/Database/Connection.php:825)
[stacktrace]
#0 C:/Users/Lidiya Getale/Herd/immigrationknowhow/vendor/laravel/framework/src/Illuminate/Database/Connection.php(779): Illuminate/Database/Connection->runQueryCallback('select count(*)...', Array, Object(Closure))
#1 C:/Users/Lidiya Getale/Herd/immigrationknowhow/vendor/laravel/framework/src/Illuminate/Database/Connection.php(398): Illuminate/Database/Connection->run('select count(*)...', Array, Object(Closure))
#2 C:/Users/Lidiya Getale/Herd/immigrationknowhow/vendor/laravel/framework/src/Illuminate/Database/Query/Builder.php(3106): Illuminate/Database/Connection->select('select count(*)...', Array, true)
#3 C:/Users/Lidiya Getale/Herd/immigrationknowhow/vendor/laravel/framework/src/Illuminate/Database/Query/Builder.php(3091): Illuminate/Database/Query/Builder->runSelect()
#4 C:/Users/Lidiya Getale/Herd/immigrationknowhow/vendor/laravel/framework/src/Illuminate/Database/Query/Builder.php(3676): Illuminate/Database/Query/Builder->{closure:Illuminate/Database/Query/Builder::get():3090}()
#5 C:/Users/Lidiya Getale/Herd/immigrationknowhow/vendor/laravel/framework/src/Illuminate/Database/Query/Builder.php(3090): Illuminate/Database/Query/Builder->onceWithColumns(Array, Object(Closure))
#6 C:/Users/Lidiya Getale/Herd/immigrationknowhow/vendor/laravel/framework/src/Illuminate/Database/Query/Builder.php(3603): Illuminate/Database/Query/Builder->get(Array)
#7 C:/Users/Lidiya Getale/Herd/immigrationknowhow/vendor/laravel/framework/src/Illuminate/Database/Query/Builder.php(3531): Illuminate/Database/Query/Builder->aggregate('count', Array)
#8 C:/Users/Lidiya Getale/Herd/immigrationknowhow/vendor/laravel/framework/src/Illuminate/Database/Eloquent/Builder.php(2120): Illuminate/Database/Query/Builder->count()
#9 C:/Users/Lidiya Getale/Herd/immigrationknowhow/app/Http/Controllers/Admin/ReviewController.php(49): Illuminate/Database/Eloquent/Builder->__call('count', Array)
#10 C:/Users/Lidiya Getale/Herd/immigrationknowhow/vendor/laravel/framework/src/Illuminate/Routing/ControllerDispatcher.php(47): App/Http/Controllers/Admin/ReviewController->index(Object(Illuminate/Http/Request))
#11 C:/Users/Lidiya Getale/Herd/immigrationknowhow/vendor/laravel/framework/src/Illuminate/Routing/Route.php(266): Illuminate/Routing/ControllerDispatcher->dispatch(Object(Illuminate/Routing/Route), Object(App/Http/Controllers/Admin/ReviewController), 'index')
#12 C:/Users/Lidiya Getale/Herd/immigrationknowhow/vendor/laravel/framework/src/Illuminate/Routing/Route.php(212): Illuminate/Routing/Route->runController()
#13 C:/Users/Lidiya Getale/Herd/immigrationknowhow/vendor/laravel/framework/src/Illuminate/Routing/Router.php(808): Illuminate/Routing/Route->run()
#14 C:/Users/Lidiya Getale/Herd/immigrationknowhow/vendor/laravel/framework/src/Illuminate/Pipeline/Pipeline.php(170): Illuminate/Routing/Router->{closure:Illuminate/Routing/Router::runRouteWithinStack():807}(Object(Illuminate/Http/Request))
#15 C:/Users/Lidiya Getale/Herd/immigrationknowhow/app/Http/Middleware/EnsureOnboardingComplete.php(30): Illuminate/Pipeline/Pipeline->{closure:Illuminate/Pipeline/Pipeline::prepareDestination():168}(Object(Illuminate/Http/Request))
#16 C:/Users/Lidiya Getale/Herd/immigrationknowhow/vendor/laravel/framework/src/Illuminate/Pipeline/Pipeline.php(209): App/Http/Middleware/EnsureOnboardingComplete->handle(Object(Illuminate/Http/Request), Object(Closure))
#17 C:/Users/Lidiya Getale/Herd/immigrationknowhow/vendor/spatie/laravel-permission/src/Middleware/RoleMiddleware.php(37): Illuminate/Pipeline/Pipeline->{closure:{closure:Illuminate/Pipeline/Pipeline::carry():184}:185}(Object(Illuminate/Http/Request))
#18 C:/Users/Lidiya Getale/Herd/immigrationknowhow/vendor/laravel/framework/src/Illuminate/Pipeline/Pipeline.php(209): Spatie/Permission/Middleware/RoleMiddleware->handle(Object(Illuminate/Http/Request), Object(Closure), 'admin|super_adm...')
#19 C:/Users/Lidiya Getale/Herd/immigrationknowhow/vendor/inertiajs/inertia-laravel/src/Middleware.php(87): Illuminate/Pipeline/Pipeline->{closure:{closure:Illuminate/Pipeline/Pipeline::carry():184}:185}(Object(Illuminate/Http/Request))
#20 C:/Users/Lidiya Getale/Herd/immigrationknowhow/vendor/laravel/framework/src/Illuminate/Pipeline/Pipeline.php(209): Inertia/Middleware->handle(Object(Illuminate/Http/Request), Object(Closure))
#21 C:/Users/Lidiya Getale/Herd/immigrationknowhow/vendor/laravel/framework/src/Illuminate/Routing/Middleware/SubstituteBindings.php(51): Illuminate/Pipeline/Pipeline->{closure:{closure:Illuminate/Pipeline/Pipeline::carry():184}:185}(Object(Illuminate/Http/Request))
#22 C:/Users/Lidiya Getale/Herd/immigrationknowhow/vendor/laravel/framework/src/Illuminate/Pipeline/Pipeline.php(209): Illuminate/Routing/Middleware/SubstituteBindings->handle(Object(Illuminate/Http/Request), Object(Closure))
#23 C:/Users/Lidiya Getale/Herd/immigrationknowhow/vendor/laravel/framework/src/Illuminate/Auth/Middleware/Authenticate.php(64): Illuminate/Pipeline/Pipeline->{closure:{closure:Illuminate/Pipeline/Pipeline::carry():184}:185}(Object(Illuminate/Http/Request))
#24 C:/Users/Lidiya Getale/Herd/immigrationknowhow/vendor/laravel/framework/src/Illuminate/Pipeline/Pipeline.php(209): Illuminate/Auth/Middleware/Authenticate->handle(Object(Illuminate/Http/Request), Object(Closure))
#25 C:/Users/Lidiya Getale/Herd/immigrationknowhow/vendor/laravel/framework/src/Illuminate/Foundation/Http/Middleware/VerifyCsrfToken.php(88): Illuminate/Pipeline/Pipeline->{closure:{closure:Illuminate/Pipeline/Pipeline::carry():184}:185}(Object(Illuminate/Http/Request))
#26 C:/Users/Lidiya Getale/Herd/immigrationknowhow/vendor/laravel/framework/src/Illuminate/Pipeline/Pipeline.php(209): Illuminate/Foundation/Http/Middleware/VerifyCsrfToken->handle(Object(Illuminate/Http/Request), Object(Closure))
#27 C:/Users/Lidiya Getale/Herd/immigrationknowhow/vendor/laravel/framework/src/Illuminate/View/Middleware/ShareErrorsFromSession.php(49): Illuminate/Pipeline/Pipeline->{closure:{closure:Illuminate/Pipeline/Pipeline::carry():184}:185}(Object(Illuminate/Http/Request))
#28 C:/Users/Lidiya Getale/Herd/immigrationknowhow/vendor/laravel/framework/src/Illuminate/Pipeline/Pipeline.php(209): Illuminate/View/Middleware/ShareErrorsFromSession->handle(Object(Illuminate/Http/Request), Object(Closure))
#29 C:/Users/Lidiya Getale/Herd/immigrationknowhow/vendor/laravel/framework/src/Illuminate/Session/Middleware/StartSession.php(121): Illuminate/Pipeline/Pipeline->{closure:{closure:Illuminate/Pipeline/Pipeline::carry():184}:185}(Object(Illuminate/Http/Request))
#30 C:/Users/Lidiya Getale/Herd/immigrationknowhow/vendor/laravel/framework/src/Illuminate/Session/Middleware/StartSession.php(64): Illuminate/Session/Middleware/StartSession->handleStatefulRequest(Object(Illuminate/Http/Request), Object(Illuminate/Session/Store), Object(Closure))
#31 C:/Users/Lidiya Getale/Herd/immigrationknowhow/vendor/laravel/framework/src/Illuminate/Pipeline/Pipeline.php(209): Illuminate/Session/Middleware/StartSession->handle(Object(Illuminate/Http/Request), Object(Closure))
#32 C:/Users/Lidiya Getale/Herd/immigrationknowhow/vendor/laravel/framework/src/Illuminate/Cookie/Middleware/AddQueuedCookiesToResponse.php(37): Illuminate/Pipeline/Pipeline->{closure:{closure:Illuminate/Pipeline/Pipeline::carry():184}:185}(Object(Illuminate/Http/Request))
#33 C:/Users/Lidiya Getale/Herd/immigrationknowhow/vendor/laravel/framework/src/Illuminate/Pipeline/Pipeline.php(209): Illuminate/Cookie/Middleware/AddQueuedCookiesToResponse->handle(Object(Illuminate/Http/Request), Object(Closure))
#34 C:/Users/Lidiya Getale/Herd/immigrationknowhow/vendor/laravel/framework/src/Illuminate/Cookie/Middleware/EncryptCookies.php(75): Illuminate/Pipeline/Pipeline->{closure:{closure:Illuminate/Pipeline/Pipeline::carry():184}:185}(Object(Illuminate/Http/Request))
#35 C:/Users/Lidiya Getale/Herd/immigrationknowhow/vendor/laravel/framework/src/Illuminate/Pipeline/Pipeline.php(209): Illuminate/Cookie/Middleware/EncryptCookies->handle(Object(Illuminate/Http/Request), Object(Closure))
#36 C:/Users/Lidiya Getale/Herd/immigrationknowhow/vendor/laravel/framework/src/Illuminate/Pipeline/Pipeline.php(127): Illuminate/Pipeline/Pipeline->{closure:{closure:Illuminate/Pipeline/Pipeline::carry():184}:185}(Object(Illuminate/Http/Request))
#37 C:/Users/Lidiya Getale/Herd/immigrationknowhow/vendor/laravel/framework/src/Illuminate/Routing/Router.php(807): Illuminate/Pipeline/Pipeline->then(Object(Closure))
#38 C:/Users/Lidiya Getale/Herd/immigrationknowhow/vendor/laravel/framework/src/Illuminate/Routing/Router.php(786): Illuminate/Routing/Router->runRouteWithinStack(Object(Illuminate/Routing/Route), Object(Illuminate/Http/Request))
#39 C:/Users/Lidiya Getale/Herd/immigrationknowhow/vendor/laravel/framework/src/Illuminate/Routing/Router.php(750): Illuminate/Routing/Router->runRoute(Object(Illuminate/Http/Request), Object(Illuminate/Routing/Route))
#40 C:/Users/Lidiya Getale/Herd/immigrationknowhow/vendor/laravel/framework/src/Illuminate/Routing/Router.php(739): Illuminate/Routing/Router->dispatchToRoute(Object(Illuminate/Http/Request))
#41 C:/Users/Lidiya Getale/Herd/immigrationknowhow/vendor/laravel/framework/src/Illuminate/Foundation/Http/Kernel.php(201): Illuminate/Routing/Router->dispatch(Object(Illuminate/Http/Request))
#42 C:/Users/Lidiya Getale/Herd/immigrationknowhow/vendor/laravel/framework/src/Illuminate/Pipeline/Pipeline.php(170): Illuminate/Foundation/Http/Kernel->{closure:Illuminate/Foundation/Http/Kernel::dispatchToRouter():198}(Object(Illuminate/Http/Request))
#43 C:/Users/Lidiya Getale/Herd/immigrationknowhow/vendor/laravel/framework/src/Illuminate/Foundation/Http/Middleware/TransformsRequest.php(21): Illuminate/Pipeline/Pipeline->{closure:Illuminate/Pipeline/Pipeline::prepareDestination():168}(Object(Illuminate/Http/Request))
#44 C:/Users/Lidiya Getale/Herd/immigrationknowhow/vendor/laravel/framework/src/Illuminate/Foundation/Http/Middleware/ConvertEmptyStringsToNull.php(31): Illuminate/Foundation/Http/Middleware/TransformsRequest->handle(Object(Illuminate/Http/Request), Object(Closure))
#45 C:/Users/Lidiya Getale/Herd/immigrationknowhow/vendor/laravel/framework/src/Illuminate/Pipeline/Pipeline.php(209): Illuminate/Foundation/Http/Middleware/ConvertEmptyStringsToNull->handle(Object(Illuminate/Http/Request), Object(Closure))
#46 C:/Users/Lidiya Getale/Herd/immigrationknowhow/vendor/laravel/framework/src/Illuminate/Foundation/Http/Middleware/TransformsRequest.php(21): Illuminate/Pipeline/Pipeline->{closure:{closure:Illuminate/Pipeline/Pipeline::carry():184}:185}(Object(Illuminate/Http/Request))
#47 C:/Users/Lidiya Getale/Herd/immigrationknowhow/vendor/laravel/framework/src/Illuminate/Foundation/Http/Middleware/TrimStrings.php(51): Illuminate/Foundation/Http/Middleware/TransformsRequest->handle(Object(Illuminate/Http/Request), Object(Closure))
#48 C:/Users/Lidiya Getale/Herd/immigrationknowhow/vendor/laravel/framework/src/Illuminate/Pipeline/Pipeline.php(209): Illuminate/Foundation/Http/Middleware/TrimStrings->handle(Object(Illuminate/Http/Request), Object(Closure))
#49 C:/Users/Lidiya Getale/Herd/immigrationknowhow/vendor/laravel/framework/src/Illuminate/Http/Middleware/ValidatePostSize.php(27): Illuminate/Pipeline/Pipeline->{closure:{closure:Illuminate/Pipeline/Pipeline::carry():184}:185}(Object(Illuminate/Http/Request))
#50 C:/Users/Lidiya Getale/Herd/immigrationknowhow/vendor/laravel/framework/src/Illuminate/Pipeline/Pipeline.php(209): Illuminate/Http/Middleware/ValidatePostSize->handle(Object(Illuminate/Http/Request), Object(Closure))
#51 C:/Users/Lidiya Getale/Herd/immigrationknowhow/vendor/laravel/framework/src/Illuminate/Foundation/Http/Middleware/PreventRequestsDuringMaintenance.php(110): Illuminate/Pipeline/Pipeline->{closure:{closure:Illuminate/Pipeline/Pipeline::carry():184}:185}(Object(Illuminate/Http/Request))
#52 C:/Users/Lidiya Getale/Herd/immigrationknowhow/vendor/laravel/framework/src/Illuminate/Pipeline/Pipeline.php(209): Illuminate/Foundation/Http/Middleware/PreventRequestsDuringMaintenance->handle(Object(Illuminate/Http/Request), Object(Closure))
#53 C:/Users/Lidiya Getale/Herd/immigrationknowhow/vendor/laravel/framework/src/Illuminate/Http/Middleware/HandleCors.php(49): Illuminate/Pipeline/Pipeline->{closure:{closure:Illuminate/Pipeline/Pipeline::carry():184}:185}(Object(Illuminate/Http/Request))
#54 C:/Users/Lidiya Getale/Herd/immigrationknowhow/vendor/laravel/framework/src/Illuminate/Pipeline/Pipeline.php(209): Illuminate/Http/Middleware/HandleCors->handle(Object(Illuminate/Http/Request), Object(Closure))
#55 C:/Users/Lidiya Getale/Herd/immigrationknowhow/vendor/laravel/framework/src/Illuminate/Http/Middleware/TrustProxies.php(58): Illuminate/Pipeline/Pipeline->{closure:{closure:Illuminate/Pipeline/Pipeline::carry():184}:185}(Object(Illuminate/Http/Request))
#56 C:/Users/Lidiya Getale/Herd/immigrationknowhow/vendor/laravel/framework/src/Illuminate/Pipeline/Pipeline.php(209): Illuminate/Http/Middleware/TrustProxies->handle(Object(Illuminate/Http/Request), Object(Closure))
#57 C:/Users/Lidiya Getale/Herd/immigrationknowhow/vendor/laravel/framework/src/Illuminate/Foundation/Http/Middleware/InvokeDeferredCallbacks.php(22): Illuminate/Pipeline/Pipeline->{closure:{closure:Illuminate/Pipeline/Pipeline::carry():184}:185}(Object(Illuminate/Http/Request))
#58 C:/Users/Lidiya Getale/Herd/immigrationknowhow/vendor/laravel/framework/src/Illuminate/Pipeline/Pipeline.php(209): Illuminate/Foundation/Http/Middleware/InvokeDeferredCallbacks->handle(Object(Illuminate/Http/Request), Object(Closure))
#59 C:/Users/Lidiya Getale/Herd/immigrationknowhow/vendor/laravel/framework/src/Illuminate/Pipeline/Pipeline.php(127): Illuminate/Pipeline/Pipeline->{closure:{closure:Illuminate/Pipeline/Pipeline::carry():184}:185}(Object(Illuminate/Http/Request))
#60 C:/Users/Lidiya Getale/Herd/immigrationknowhow/vendor/laravel/framework/src/Illuminate/Foundation/Http/Kernel.php(176): Illuminate/Pipeline/Pipeline->then(Object(Closure))
#61 C:/Users/Lidiya Getale/Herd/immigrationknowhow/vendor/laravel/framework/src/Illuminate/Foundation/Http/Kernel.php(145): Illuminate/Foundation/Http/Kernel->sendRequestThroughRouter(Object(Illuminate/Http/Request))
#62 C:/Users/Lidiya Getale/Herd/immigrationknowhow/vendor/laravel/framework/src/Illuminate/Foundation/Application.php(1220): Illuminate/Foundation/Http/Kernel->handle(Object(Illuminate/Http/Request))
#63 C:/Users/Lidiya Getale/Herd/immigrationknowhow/public/index.php(17): Illuminate/Foundation/Application->handleRequest(Object(Illuminate/Http/Request))
#64 C:/Program Files/Herd/resources/app.asar.unpacked/resources/valet/server.php(139): require('C://Users//Lidiya...')
#65 {main}

[previous exception] [object] (PDOException(code: 42S22): SQLSTATE[42S22]: Column not found: 1054 Unknown column 'is_flagged' in 'where clause' at C:/Users/Lidiya Getale/Herd/immigrationknowhow/vendor/laravel/framework/src/Illuminate/Database/Connection.php:407)
[stacktrace]
#0 C:/Users/Lidiya Getale/Herd/immigrationknowhow/vendor/laravel/framework/src/Illuminate/Database/Connection.php(407): PDO->prepare('select count(*)...')
#1 C:/Users/Lidiya Getale/Herd/immigrationknowhow/vendor/laravel/framework/src/Illuminate/Database/Connection.php(812): Illuminate/Database/Connection->{closure:Illuminate/Database/Connection::select():398}('select count(*)...', Array)
#2 C:/Users/Lidiya Getale/Herd/immigrationknowhow/vendor/laravel/framework/src/Illuminate/Database/Connection.php(779): Illuminate/Database/Connection->runQueryCallback('select count(*)...', Array, Object(Closure))
#3 C:/Users/Lidiya Getale/Herd/immigrationknowhow/vendor/laravel/framework/src/Illuminate/Database/Connection.php(398): Illuminate/Database/Connection->run('select count(*)...', Array, Object(Closure))
#4 C:/Users/Lidiya Getale/Herd/immigrationknowhow/vendor/laravel/framework/src/Illuminate/Database/Query/Builder.php(3106): Illuminate/Database/Connection->select('select count(*)...', Array, true)
#5 C:/Users/Lidiya Getale/Herd/immigrationknowhow/vendor/laravel/framework/src/Illuminate/Database/Query/Builder.php(3091): Illuminate/Database/Query/Builder->runSelect()
#6 C:/Users/Lidiya Getale/Herd/immigrationknowhow/vendor/laravel/framework/src/Illuminate/Database/Query/Builder.php(3676): Illuminate/Database/Query/Builder->{closure:Illuminate/Database/Query/Builder::get():3090}()
#7 C:/Users/Lidiya Getale/Herd/immigrationknowhow/vendor/laravel/framework/src/Illuminate/Database/Query/Builder.php(3090): Illuminate/Database/Query/Builder->onceWithColumns(Array, Object(Closure))
#8 C:/Users/Lidiya Getale/Herd/immigrationknowhow/vendor/laravel/framework/src/Illuminate/Database/Query/Builder.php(3603): Illuminate/Database/Query/Builder->get(Array)
#9 C:/Users/Lidiya Getale/Herd/immigrationknowhow/vendor/laravel/framework/src/Illuminate/Database/Query/Builder.php(3531): Illuminate/Database/Query/Builder->aggregate('count', Array)
#10 C:/Users/Lidiya Getale/Herd/immigrationknowhow/vendor/laravel/framework/src/Illuminate/Database/Eloquent/Builder.php(2120): Illuminate/Database/Query/Builder->count()
#11 C:/Users/Lidiya Getale/Herd/immigrationknowhow/app/Http/Controllers/Admin/ReviewController.php(49): Illuminate/Database/Eloquent/Builder->__call('count', Array)
#12 C:/Users/Lidiya Getale/Herd/immigrationknowhow/vendor/laravel/framework/src/Illuminate/Routing/ControllerDispatcher.php(47): App/Http/Controllers/Admin/ReviewController->index(Object(Illuminate/Http/Request))
#13 C:/Users/Lidiya Getale/Herd/immigrationknowhow/vendor/laravel/framework/src/Illuminate/Routing/Route.php(266): Illuminate/Routing/ControllerDispatcher->dispatch(Object(Illuminate/Routing/Route), Object(App/Http/Controllers/Admin/ReviewController), 'index')
#14 C:/Users/Lidiya Getale/Herd/immigrationknowhow/vendor/laravel/framework/src/Illuminate/Routing/Route.php(212): Illuminate/Routing/Route->runController()
#15 C:/Users/Lidiya Getale/Herd/immigrationknowhow/vendor/laravel/framework/src/Illuminate/Routing/Router.php(808): Illuminate/Routing/Route->run()
#16 C:/Users/Lidiya Getale/Herd/immigrationknowhow/vendor/laravel/framework/src/Illuminate/Pipeline/Pipeline.php(170): Illuminate/Routing/Router->{closure:Illuminate/Routing/Router::runRouteWithinStack():807}(Object(Illuminate/Http/Request))
#17 C:/Users/Lidiya Getale/Herd/immigrationknowhow/app/Http/Middleware/EnsureOnboardingComplete.php(30): Illuminate/Pipeline/Pipeline->{closure:Illuminate/Pipeline/Pipeline::prepareDestination():168}(Object(Illuminate/Http/Request))
#18 C:/Users/Lidiya Getale/Herd/immigrationknowhow/vendor/laravel/framework/src/Illuminate/Pipeline/Pipeline.php(209): App/Http/Middleware/EnsureOnboardingComplete->handle(Object(Illuminate/Http/Request), Object(Closure))
#19 C:/Users/Lidiya Getale/Herd/immigrationknowhow/vendor/spatie/laravel-permission/src/Middleware/RoleMiddleware.php(37): Illuminate/Pipeline/Pipeline->{closure:{closure:Illuminate/Pipeline/Pipeline::carry():184}:185}(Object(Illuminate/Http/Request))
#20 C:/Users/Lidiya Getale/Herd/immigrationknowhow/vendor/laravel/framework/src/Illuminate/Pipeline/Pipeline.php(209): Spatie/Permission/Middleware/RoleMiddleware->handle(Object(Illuminate/Http/Request), Object(Closure), 'admin|super_adm...')
#21 C:/Users/Lidiya Getale/Herd/immigrationknowhow/vendor/inertiajs/inertia-laravel/src/Middleware.php(87): Illuminate/Pipeline/Pipeline->{closure:{closure:Illuminate/Pipeline/Pipeline::carry():184}:185}(Object(Illuminate/Http/Request))
#22 C:/Users/Lidiya Getale/Herd/immigrationknowhow/vendor/laravel/framework/src/Illuminate/Pipeline/Pipeline.php(209): Inertia/Middleware->handle(Object(Illuminate/Http/Request), Object(Closure))
#23 C:/Users/Lidiya Getale/Herd/immigrationknowhow/vendor/laravel/framework/src/Illuminate/Routing/Middleware/SubstituteBindings.php(51): Illuminate/Pipeline/Pipeline->{closure:{closure:Illuminate/Pipeline/Pipeline::carry():184}:185}(Object(Illuminate/Http/Request))
#24 C:/Users/Lidiya Getale/Herd/immigrationknowhow/vendor/laravel/framework/src/Illuminate/Pipeline/Pipeline.php(209): Illuminate/Routing/Middleware/SubstituteBindings->handle(Object(Illuminate/Http/Request), Object(Closure))
#25 C:/Users/Lidiya Getale/Herd/immigrationknowhow/vendor/laravel/framework/src/Illuminate/Auth/Middleware/Authenticate.php(64): Illuminate/Pipeline/Pipeline->{closure:{closure:Illuminate/Pipeline/Pipeline::carry():184}:185}(Object(Illuminate/Http/Request))
#26 C:/Users/Lidiya Getale/Herd/immigrationknowhow/vendor/laravel/framework/src/Illuminate/Pipeline/Pipeline.php(209): Illuminate/Auth/Middleware/Authenticate->handle(Object(Illuminate/Http/Request), Object(Closure))
#27 C:/Users/Lidiya Getale/Herd/immigrationknowhow/vendor/laravel/framework/src/Illuminate/Foundation/Http/Middleware/VerifyCsrfToken.php(88): Illuminate/Pipeline/Pipeline->{closure:{closure:Illuminate/Pipeline/Pipeline::carry():184}:185}(Object(Illuminate/Http/Request))
#28 C:/Users/Lidiya Getale/Herd/immigrationknowhow/vendor/laravel/framework/src/Illuminate/Pipeline/Pipeline.php(209): Illuminate/Foundation/Http/Middleware/VerifyCsrfToken->handle(Object(Illuminate/Http/Request), Object(Closure))
#29 C:/Users/Lidiya Getale/Herd/immigrationknowhow/vendor/laravel/framework/src/Illuminate/View/Middleware/ShareErrorsFromSession.php(49): Illuminate/Pipeline/Pipeline->{closure:{closure:Illuminate/Pipeline/Pipeline::carry():184}:185}(Object(Illuminate/Http/Request))
#30 C:/Users/Lidiya Getale/Herd/immigrationknowhow/vendor/laravel/framework/src/Illuminate/Pipeline/Pipeline.php(209): Illuminate/View/Middleware/ShareErrorsFromSession->handle(Object(Illuminate/Http/Request), Object(Closure))
#31 C:/Users/Lidiya Getale/Herd/immigrationknowhow/vendor/laravel/framework/src/Illuminate/Session/Middleware/StartSession.php(121): Illuminate/Pipeline/Pipeline->{closure:{closure:Illuminate/Pipeline/Pipeline::carry():184}:185}(Object(Illuminate/Http/Request))
#32 C:/Users/Lidiya Getale/Herd/immigrationknowhow/vendor/laravel/framework/src/Illuminate/Session/Middleware/StartSession.php(64): Illuminate/Session/Middleware/StartSession->handleStatefulRequest(Object(Illuminate/Http/Request), Object(Illuminate/Session/Store), Object(Closure))
#33 C:/Users/Lidiya Getale/Herd/immigrationknowhow/vendor/laravel/framework/src/Illuminate/Pipeline/Pipeline.php(209): Illuminate/Session/Middleware/StartSession->handle(Object(Illuminate/Http/Request), Object(Closure))
#34 C:/Users/Lidiya Getale/Herd/immigrationknowhow/vendor/laravel/framework/src/Illuminate/Cookie/Middleware/AddQueuedCookiesToResponse.php(37): Illuminate/Pipeline/Pipeline->{closure:{closure:Illuminate/Pipeline/Pipeline::carry():184}:185}(Object(Illuminate/Http/Request))
#35 C:/Users/Lidiya Getale/Herd/immigrationknowhow/vendor/laravel/framework/src/Illuminate/Pipeline/Pipeline.php(209): Illuminate/Cookie/Middleware/AddQueuedCookiesToResponse->handle(Object(Illuminate/Http/Request), Object(Closure))
#36 C:/Users/Lidiya Getale/Herd/immigrationknowhow/vendor/laravel/framework/src/Illuminate/Cookie/Middleware/EncryptCookies.php(75): Illuminate/Pipeline/Pipeline->{closure:{closure:Illuminate/Pipeline/Pipeline::carry():184}:185}(Object(Illuminate/Http/Request))
#37 C:/Users/Lidiya Getale/Herd/immigrationknowhow/vendor/laravel/framework/src/Illuminate/Pipeline/Pipeline.php(209): Illuminate/Cookie/Middleware/EncryptCookies->handle(Object(Illuminate/Http/Request), Object(Closure))
#38 C:/Users/Lidiya Getale/Herd/immigrationknowhow/vendor/laravel/framework/src/Illuminate/Pipeline/Pipeline.php(127): Illuminate/Pipeline/Pipeline->{closure:{closure:Illuminate/Pipeline/Pipeline::carry():184}:185}(Object(Illuminate/Http/Request))
#39 C:/Users/Lidiya Getale/Herd/immigrationknowhow/vendor/laravel/framework/src/Illuminate/Routing/Router.php(807): Illuminate/Pipeline/Pipeline->then(Object(Closure))
#40 C:/Users/Lidiya Getale/Herd/immigrationknowhow/vendor/laravel/framework/src/Illuminate/Routing/Router.php(786): Illuminate/Routing/Router->runRouteWithinStack(Object(Illuminate/Routing/Route), Object(Illuminate/Http/Request))
#41 C:/Users/Lidiya Getale/Herd/immigrationknowhow/vendor/laravel/framework/src/Illuminate/Routing/Router.php(750): Illuminate/Routing/Router->runRoute(Object(Illuminate/Http/Request), Object(Illuminate/Routing/Route))
#42 C:/Users/Lidiya Getale/Herd/immigrationknowhow/vendor/laravel/framework/src/Illuminate/Routing/Router.php(739): Illuminate/Routing/Router->dispatchToRoute(Object(Illuminate/Http/Request))
#43 C:/Users/Lidiya Getale/Herd/immigrationknowhow/vendor/laravel/framework/src/Illuminate/Foundation/Http/Kernel.php(201): Illuminate/Routing/Router->dispatch(Object(Illuminate/Http/Request))
#44 C:/Users/Lidiya Getale/Herd/immigrationknowhow/vendor/laravel/framework/src/Illuminate/Pipeline/Pipeline.php(170): Illuminate/Foundation/Http/Kernel->{closure:Illuminate/Foundation/Http/Kernel::dispatchToRouter():198}(Object(Illuminate/Http/Request))
#45 C:/Users/Lidiya Getale/Herd/immigrationknowhow/vendor/laravel/framework/src/Illuminate/Foundation/Http/Middleware/TransformsRequest.php(21): Illuminate/Pipeline/Pipeline->{closure:Illuminate/Pipeline/Pipeline::prepareDestination():168}(Object(Illuminate/Http/Request))
#46 C:/Users/Lidiya Getale/Herd/immigrationknowhow/vendor/laravel/framework/src/Illuminate/Foundation/Http/Middleware/ConvertEmptyStringsToNull.php(31): Illuminate/Foundation/Http/Middleware/TransformsRequest->handle(Object(Illuminate/Http/Request), Object(Closure))
#47 C:/Users/Lidiya Getale/Herd/immigrationknowhow/vendor/laravel/framework/src/Illuminate/Pipeline/Pipeline.php(209): Illuminate/Foundation/Http/Middleware/ConvertEmptyStringsToNull->handle(Object(Illuminate/Http/Request), Object(Closure))
#48 C:/Users/Lidiya Getale/Herd/immigrationknowhow/vendor/laravel/framework/src/Illuminate/Foundation/Http/Middleware/TransformsRequest.php(21): Illuminate/Pipeline/Pipeline->{closure:{closure:Illuminate/Pipeline/Pipeline::carry():184}:185}(Object(Illuminate/Http/Request))
#49 C:/Users/Lidiya Getale/Herd/immigrationknowhow/vendor/laravel/framework/src/Illuminate/Foundation/Http/Middleware/TrimStrings.php(51): Illuminate/Foundation/Http/Middleware/TransformsRequest->handle(Object(Illuminate/Http/Request), Object(Closure))
#50 C:/Users/Lidiya Getale/Herd/immigrationknowhow/vendor/laravel/framework/src/Illuminate/Pipeline/Pipeline.php(209): Illuminate/Foundation/Http/Middleware/TrimStrings->handle(Object(Illuminate/Http/Request), Object(Closure))
#51 C:/Users/Lidiya Getale/Herd/immigrationknowhow/vendor/laravel/framework/src/Illuminate/Http/Middleware/ValidatePostSize.php(27): Illuminate/Pipeline/Pipeline->{closure:{closure:Illuminate/Pipeline/Pipeline::carry():184}:185}(Object(Illuminate/Http/Request))
#52 C:/Users/Lidiya Getale/Herd/immigrationknowhow/vendor/laravel/framework/src/Illuminate/Pipeline/Pipeline.php(209): Illuminate/Http/Middleware/ValidatePostSize->handle(Object(Illuminate/Http/Request), Object(Closure))
#53 C:/Users/Lidiya Getale/Herd/immigrationknowhow/vendor/laravel/framework/src/Illuminate/Foundation/Http/Middleware/PreventRequestsDuringMaintenance.php(110): Illuminate/Pipeline/Pipeline->{closure:{closure:Illuminate/Pipeline/Pipeline::carry():184}:185}(Object(Illuminate/Http/Request))
#54 C:/Users/Lidiya Getale/Herd/immigrationknowhow/vendor/laravel/framework/src/Illuminate/Pipeline/Pipeline.php(209): Illuminate/Foundation/Http/Middleware/PreventRequestsDuringMaintenance->handle(Object(Illuminate/Http/Request), Object(Closure))
#55 C:/Users/Lidiya Getale/Herd/immigrationknowhow/vendor/laravel/framework/src/Illuminate/Http/Middleware/HandleCors.php(49): Illuminate/Pipeline/Pipeline->{closure:{closure:Illuminate/Pipeline/Pipeline::carry():184}:185}(Object(Illuminate/Http/Request))
#56 C:/Users/Lidiya Getale/Herd/immigrationknowhow/vendor/laravel/framework/src/Illuminate/Pipeline/Pipeline.php(209): Illuminate/Http/Middleware/HandleCors->handle(Object(Illuminate/Http/Request), Object(Closure))
#57 C:/Users/Lidiya Getale/Herd/immigrationknowhow/vendor/laravel/framework/src/Illuminate/Http/Middleware/TrustProxies.php(58): Illuminate/Pipeline/Pipeline->{closure:{closure:Illuminate/Pipeline/Pipeline::carry():184}:185}(Object(Illuminate/Http/Request))
#58 C:/Users/Lidiya Getale/Herd/immigrationknowhow/vendor/laravel/framework/src/Illuminate/Pipeline/Pipeline.php(209): Illuminate/Http/Middleware/TrustProxies->handle(Object(Illuminate/Http/Request), Object(Closure))
#59 C:/Users/Lidiya Getale/Herd/immigrationknowhow/vendor/laravel/framework/src/Illuminate/Foundation/Http/Middleware/InvokeDeferredCallbacks.php(22): Illuminate/Pipeline/Pipeline->{closure:{closure:Illuminate/Pipeline/Pipeline::carry():184}:185}(Object(Illuminate/Http/Request))
#60 C:/Users/Lidiya Getale/Herd/immigrationknowhow/vendor/laravel/framework/src/Illuminate/Pipeline/Pipeline.php(209): Illuminate/Foundation/Http/Middleware/InvokeDeferredCallbacks->handle(Object(Illuminate/Http/Request), Object(Closure))
#61 C:/Users/Lidiya Getale/Herd/immigrationknowhow/vendor/laravel/framework/src/Illuminate/Pipeline/Pipeline.php(127): Illuminate/Pipeline/Pipeline->{closure:{closure:Illuminate/Pipeline/Pipeline::carry():184}:185}(Object(Illuminate/Http/Request))
#62 C:/Users/Lidiya Getale/Herd/immigrationknowhow/vendor/laravel/framework/src/Illuminate/Foundation/Http/Kernel.php(176): Illuminate/Pipeline/Pipeline->then(Object(Closure))
#63 C:/Users/Lidiya Getale/Herd/immigrationknowhow/vendor/laravel/framework/src/Illuminate/Foundation/Http/Kernel.php(145): Illuminate/Foundation/Http/Kernel->sendRequestThroughRouter(Object(Illuminate/Http/Request))
#64 C:/Users/Lidiya Getale/Herd/immigrationknowhow/vendor/laravel/framework/src/Illuminate/Foundation/Application.php(1220): Illuminate/Foundation/Http/Kernel->handle(Object(Illuminate/Http/Request))
#65 C:/Users/Lidiya Getale/Herd/immigrationknowhow/public/index.php(17): Illuminate/Foundation/Application->handleRequest(Object(Illuminate/Http/Request))
#66 C:/Program Files/Herd/resources/app.asar.unpacked/resources/valet/server.php(139): require('C://Users//Lidiya...')
#67 {main}
"} 
[2026-04-10 16:06:27] local.ERROR: Call to undefined relationship [identityVerifications] on model [App\Models\ServiceProvider]. {"userId":48,"exception":"[object] (Illuminate\\Database\\Eloquent\\RelationNotFoundException(code: 0): Call to undefined relationship [identityVerifications] on model [App\\Models\\ServiceProvider]. at C:/Users/Lidiya Getale/Herd/immigrationknowhow/vendor/laravel/framework/src/Illuminate/Database/Eloquent/RelationNotFoundException.php:35)
[stacktrace]
#0 C:/Users/Lidiya Getale/Herd/immigrationknowhow/vendor/laravel/framework/src/Illuminate/Database/Eloquent/Builder.php(878): Illuminate/Database/Eloquent/RelationNotFoundException::make(Object(App/Models/ServiceProvider), 'identityVerific...')
#1 C:/Users/Lidiya Getale/Herd/immigrationknowhow/vendor/laravel/framework/src/Illuminate/Database/Eloquent/Relations/Relation.php(120): Illuminate/Database/Eloquent/Builder->{closure:Illuminate/Database/Eloquent/Builder::getRelation():874}()
#2 C:/Users/Lidiya Getale/Herd/immigrationknowhow/vendor/laravel/framework/src/Illuminate/Database/Eloquent/Builder.php(874): Illuminate/Database/Eloquent/Relations/Relation::noConstraints(Object(Closure))
#3 C:/Users/Lidiya Getale/Herd/immigrationknowhow/vendor/laravel/framework/src/Illuminate/Database/Eloquent/Builder.php(848): Illuminate/Database/Eloquent/Builder->getRelation('identityVerific...')
#4 C:/Users/Lidiya Getale/Herd/immigrationknowhow/vendor/laravel/framework/src/Illuminate/Database/Eloquent/Builder.php(828): Illuminate/Database/Eloquent/Builder->eagerLoadRelation(Array, 'identityVerific...', Object(Closure))
#5 C:/Users/Lidiya Getale/Herd/immigrationknowhow/vendor/laravel/framework/src/Illuminate/Database/Eloquent/Model.php(724): Illuminate/Database/Eloquent/Builder->eagerLoadRelations(Array)
#6 C:/Users/Lidiya Getale/Herd/immigrationknowhow/app/Http/Controllers/Admin/ProviderController.php(66): Illuminate/Database/Eloquent/Model->load(Array)
#7 C:/Users/Lidiya Getale/Herd/immigrationknowhow/vendor/laravel/framework/src/Illuminate/Routing/ControllerDispatcher.php(47): App/Http/Controllers/Admin/ProviderController->show(Object(App/Models/ServiceProvider))
#8 C:/Users/Lidiya Getale/Herd/immigrationknowhow/vendor/laravel/framework/src/Illuminate/Routing/Route.php(266): Illuminate/Routing/ControllerDispatcher->dispatch(Object(Illuminate/Routing/Route), Object(App/Http/Controllers/Admin/ProviderController), 'show')
#9 C:/Users/Lidiya Getale/Herd/immigrationknowhow/vendor/laravel/framework/src/Illuminate/Routing/Route.php(212): Illuminate/Routing/Route->runController()
#10 C:/Users/Lidiya Getale/Herd/immigrationknowhow/vendor/laravel/framework/src/Illuminate/Routing/Router.php(808): Illuminate/Routing/Route->run()
#11 C:/Users/Lidiya Getale/Herd/immigrationknowhow/vendor/laravel/framework/src/Illuminate/Pipeline/Pipeline.php(170): Illuminate/Routing/Router->{closure:Illuminate/Routing/Router::runRouteWithinStack():807}(Object(Illuminate/Http/Request))
#12 C:/Users/Lidiya Getale/Herd/immigrationknowhow/app/Http/Middleware/EnsureOnboardingComplete.php(30): Illuminate/Pipeline/Pipeline->{closure:Illuminate/Pipeline/Pipeline::prepareDestination():168}(Object(Illuminate/Http/Request))
#13 C:/Users/Lidiya Getale/Herd/immigrationknowhow/vendor/laravel/framework/src/Illuminate/Pipeline/Pipeline.php(209): App/Http/Middleware/EnsureOnboardingComplete->handle(Object(Illuminate/Http/Request), Object(Closure))
#14 C:/Users/Lidiya Getale/Herd/immigrationknowhow/vendor/spatie/laravel-permission/src/Middleware/RoleMiddleware.php(37): Illuminate/Pipeline/Pipeline->{closure:{closure:Illuminate/Pipeline/Pipeline::carry():184}:185}(Object(Illuminate/Http/Request))
#15 C:/Users/Lidiya Getale/Herd/immigrationknowhow/vendor/laravel/framework/src/Illuminate/Pipeline/Pipeline.php(209): Spatie/Permission/Middleware/RoleMiddleware->handle(Object(Illuminate/Http/Request), Object(Closure), 'admin|super_adm...')
#16 C:/Users/Lidiya Getale/Herd/immigrationknowhow/vendor/inertiajs/inertia-laravel/src/Middleware.php(87): Illuminate/Pipeline/Pipeline->{closure:{closure:Illuminate/Pipeline/Pipeline::carry():184}:185}(Object(Illuminate/Http/Request))
#17 C:/Users/Lidiya Getale/Herd/immigrationknowhow/vendor/laravel/framework/src/Illuminate/Pipeline/Pipeline.php(209): Inertia/Middleware->handle(Object(Illuminate/Http/Request), Object(Closure))
#18 C:/Users/Lidiya Getale/Herd/immigrationknowhow/vendor/laravel/framework/src/Illuminate/Routing/Middleware/SubstituteBindings.php(51): Illuminate/Pipeline/Pipeline->{closure:{closure:Illuminate/Pipeline/Pipeline::carry():184}:185}(Object(Illuminate/Http/Request))
#19 C:/Users/Lidiya Getale/Herd/immigrationknowhow/vendor/laravel/framework/src/Illuminate/Pipeline/Pipeline.php(209): Illuminate/Routing/Middleware/SubstituteBindings->handle(Object(Illuminate/Http/Request), Object(Closure))
#20 C:/Users/Lidiya Getale/Herd/immigrationknowhow/vendor/laravel/framework/src/Illuminate/Auth/Middleware/Authenticate.php(64): Illuminate/Pipeline/Pipeline->{closure:{closure:Illuminate/Pipeline/Pipeline::carry():184}:185}(Object(Illuminate/Http/Request))
#21 C:/Users/Lidiya Getale/Herd/immigrationknowhow/vendor/laravel/framework/src/Illuminate/Pipeline/Pipeline.php(209): Illuminate/Auth/Middleware/Authenticate->handle(Object(Illuminate/Http/Request), Object(Closure))
#22 C:/Users/Lidiya Getale/Herd/immigrationknowhow/vendor/laravel/framework/src/Illuminate/Foundation/Http/Middleware/VerifyCsrfToken.php(88): Illuminate/Pipeline/Pipeline->{closure:{closure:Illuminate/Pipeline/Pipeline::carry():184}:185}(Object(Illuminate/Http/Request))
#23 C:/Users/Lidiya Getale/Herd/immigrationknowhow/vendor/laravel/framework/src/Illuminate/Pipeline/Pipeline.php(209): Illuminate/Foundation/Http/Middleware/VerifyCsrfToken->handle(Object(Illuminate/Http/Request), Object(Closure))
#24 C:/Users/Lidiya Getale/Herd/immigrationknowhow/vendor/laravel/framework/src/Illuminate/View/Middleware/ShareErrorsFromSession.php(49): Illuminate/Pipeline/Pipeline->{closure:{closure:Illuminate/Pipeline/Pipeline::carry():184}:185}(Object(Illuminate/Http/Request))
#25 C:/Users/Lidiya Getale/Herd/immigrationknowhow/vendor/laravel/framework/src/Illuminate/Pipeline/Pipeline.php(209): Illuminate/View/Middleware/ShareErrorsFromSession->handle(Object(Illuminate/Http/Request), Object(Closure))
#26 C:/Users/Lidiya Getale/Herd/immigrationknowhow/vendor/laravel/framework/src/Illuminate/Session/Middleware/StartSession.php(121): Illuminate/Pipeline/Pipeline->{closure:{closure:Illuminate/Pipeline/Pipeline::carry():184}:185}(Object(Illuminate/Http/Request))
#27 C:/Users/Lidiya Getale/Herd/immigrationknowhow/vendor/laravel/framework/src/Illuminate/Session/Middleware/StartSession.php(64): Illuminate/Session/Middleware/StartSession->handleStatefulRequest(Object(Illuminate/Http/Request), Object(Illuminate/Session/Store), Object(Closure))
#28 C:/Users/Lidiya Getale/Herd/immigrationknowhow/vendor/laravel/framework/src/Illuminate/Pipeline/Pipeline.php(209): Illuminate/Session/Middleware/StartSession->handle(Object(Illuminate/Http/Request), Object(Closure))
#29 C:/Users/Lidiya Getale/Herd/immigrationknowhow/vendor/laravel/framework/src/Illuminate/Cookie/Middleware/AddQueuedCookiesToResponse.php(37): Illuminate/Pipeline/Pipeline->{closure:{closure:Illuminate/Pipeline/Pipeline::carry():184}:185}(Object(Illuminate/Http/Request))
#30 C:/Users/Lidiya Getale/Herd/immigrationknowhow/vendor/laravel/framework/src/Illuminate/Pipeline/Pipeline.php(209): Illuminate/Cookie/Middleware/AddQueuedCookiesToResponse->handle(Object(Illuminate/Http/Request), Object(Closure))
#31 C:/Users/Lidiya Getale/Herd/immigrationknowhow/vendor/laravel/framework/src/Illuminate/Cookie/Middleware/EncryptCookies.php(75): Illuminate/Pipeline/Pipeline->{closure:{closure:Illuminate/Pipeline/Pipeline::carry():184}:185}(Object(Illuminate/Http/Request))
#32 C:/Users/Lidiya Getale/Herd/immigrationknowhow/vendor/laravel/framework/src/Illuminate/Pipeline/Pipeline.php(209): Illuminate/Cookie/Middleware/EncryptCookies->handle(Object(Illuminate/Http/Request), Object(Closure))
#33 C:/Users/Lidiya Getale/Herd/immigrationknowhow/vendor/laravel/framework/src/Illuminate/Pipeline/Pipeline.php(127): Illuminate/Pipeline/Pipeline->{closure:{closure:Illuminate/Pipeline/Pipeline::carry():184}:185}(Object(Illuminate/Http/Request))
#34 C:/Users/Lidiya Getale/Herd/immigrationknowhow/vendor/laravel/framework/src/Illuminate/Routing/Router.php(807): Illuminate/Pipeline/Pipeline->then(Object(Closure))
#35 C:/Users/Lidiya Getale/Herd/immigrationknowhow/vendor/laravel/framework/src/Illuminate/Routing/Router.php(786): Illuminate/Routing/Router->runRouteWithinStack(Object(Illuminate/Routing/Route), Object(Illuminate/Http/Request))
#36 C:/Users/Lidiya Getale/Herd/immigrationknowhow/vendor/laravel/framework/src/Illuminate/Routing/Router.php(750): Illuminate/Routing/Router->runRoute(Object(Illuminate/Http/Request), Object(Illuminate/Routing/Route))
#37 C:/Users/Lidiya Getale/Herd/immigrationknowhow/vendor/laravel/framework/src/Illuminate/Routing/Router.php(739): Illuminate/Routing/Router->dispatchToRoute(Object(Illuminate/Http/Request))
#38 C:/Users/Lidiya Getale/Herd/immigrationknowhow/vendor/laravel/framework/src/Illuminate/Foundation/Http/Kernel.php(201): Illuminate/Routing/Router->dispatch(Object(Illuminate/Http/Request))
#39 C:/Users/Lidiya Getale/Herd/immigrationknowhow/vendor/laravel/framework/src/Illuminate/Pipeline/Pipeline.php(170): Illuminate/Foundation/Http/Kernel->{closure:Illuminate/Foundation/Http/Kernel::dispatchToRouter():198}(Object(Illuminate/Http/Request))
#40 C:/Users/Lidiya Getale/Herd/immigrationknowhow/vendor/laravel/framework/src/Illuminate/Foundation/Http/Middleware/TransformsRequest.php(21): Illuminate/Pipeline/Pipeline->{closure:Illuminate/Pipeline/Pipeline::prepareDestination():168}(Object(Illuminate/Http/Request))
#41 C:/Users/Lidiya Getale/Herd/immigrationknowhow/vendor/laravel/framework/src/Illuminate/Foundation/Http/Middleware/ConvertEmptyStringsToNull.php(31): Illuminate/Foundation/Http/Middleware/TransformsRequest->handle(Object(Illuminate/Http/Request), Object(Closure))
#42 C:/Users/Lidiya Getale/Herd/immigrationknowhow/vendor/laravel/framework/src/Illuminate/Pipeline/Pipeline.php(209): Illuminate/Foundation/Http/Middleware/ConvertEmptyStringsToNull->handle(Object(Illuminate/Http/Request), Object(Closure))
#43 C:/Users/Lidiya Getale/Herd/immigrationknowhow/vendor/laravel/framework/src/Illuminate/Foundation/Http/Middleware/TransformsRequest.php(21): Illuminate/Pipeline/Pipeline->{closure:{closure:Illuminate/Pipeline/Pipeline::carry():184}:185}(Object(Illuminate/Http/Request))
#44 C:/Users/Lidiya Getale/Herd/immigrationknowhow/vendor/laravel/framework/src/Illuminate/Foundation/Http/Middleware/TrimStrings.php(51): Illuminate/Foundation/Http/Middleware/TransformsRequest->handle(Object(Illuminate/Http/Request), Object(Closure))
#45 C:/Users/Lidiya Getale/Herd/immigrationknowhow/vendor/laravel/framework/src/Illuminate/Pipeline/Pipeline.php(209): Illuminate/Foundation/Http/Middleware/TrimStrings->handle(Object(Illuminate/Http/Request), Object(Closure))
#46 C:/Users/Lidiya Getale/Herd/immigrationknowhow/vendor/laravel/framework/src/Illuminate/Http/Middleware/ValidatePostSize.php(27): Illuminate/Pipeline/Pipeline->{closure:{closure:Illuminate/Pipeline/Pipeline::carry():184}:185}(Object(Illuminate/Http/Request))
#47 C:/Users/Lidiya Getale/Herd/immigrationknowhow/vendor/laravel/framework/src/Illuminate/Pipeline/Pipeline.php(209): Illuminate/Http/Middleware/ValidatePostSize->handle(Object(Illuminate/Http/Request), Object(Closure))
#48 C:/Users/Lidiya Getale/Herd/immigrationknowhow/vendor/laravel/framework/src/Illuminate/Foundation/Http/Middleware/PreventRequestsDuringMaintenance.php(110): Illuminate/Pipeline/Pipeline->{closure:{closure:Illuminate/Pipeline/Pipeline::carry():184}:185}(Object(Illuminate/Http/Request))
#49 C:/Users/Lidiya Getale/Herd/immigrationknowhow/vendor/laravel/framework/src/Illuminate/Pipeline/Pipeline.php(209): Illuminate/Foundation/Http/Middleware/PreventRequestsDuringMaintenance->handle(Object(Illuminate/Http/Request), Object(Closure))
#50 C:/Users/Lidiya Getale/Herd/immigrationknowhow/vendor/laravel/framework/src/Illuminate/Http/Middleware/HandleCors.php(49): Illuminate/Pipeline/Pipeline->{closure:{closure:Illuminate/Pipeline/Pipeline::carry():184}:185}(Object(Illuminate/Http/Request))
#51 C:/Users/Lidiya Getale/Herd/immigrationknowhow/vendor/laravel/framework/src/Illuminate/Pipeline/Pipeline.php(209): Illuminate/Http/Middleware/HandleCors->handle(Object(Illuminate/Http/Request), Object(Closure))
#52 C:/Users/Lidiya Getale/Herd/immigrationknowhow/vendor/laravel/framework/src/Illuminate/Http/Middleware/TrustProxies.php(58): Illuminate/Pipeline/Pipeline->{closure:{closure:Illuminate/Pipeline/Pipeline::carry():184}:185}(Object(Illuminate/Http/Request))
#53 C:/Users/Lidiya Getale/Herd/immigrationknowhow/vendor/laravel/framework/src/Illuminate/Pipeline/Pipeline.php(209): Illuminate/Http/Middleware/TrustProxies->handle(Object(Illuminate/Http/Request), Object(Closure))
#54 C:/Users/Lidiya Getale/Herd/immigrationknowhow/vendor/laravel/framework/src/Illuminate/Foundation/Http/Middleware/InvokeDeferredCallbacks.php(22): Illuminate/Pipeline/Pipeline->{closure:{closure:Illuminate/Pipeline/Pipeline::carry():184}:185}(Object(Illuminate/Http/Request))
#55 C:/Users/Lidiya Getale/Herd/immigrationknowhow/vendor/laravel/framework/src/Illuminate/Pipeline/Pipeline.php(209): Illuminate/Foundation/Http/Middleware/InvokeDeferredCallbacks->handle(Object(Illuminate/Http/Request), Object(Closure))
#56 C:/Users/Lidiya Getale/Herd/immigrationknowhow/vendor/laravel/framework/src/Illuminate/Pipeline/Pipeline.php(127): Illuminate/Pipeline/Pipeline->{closure:{closure:Illuminate/Pipeline/Pipeline::carry():184}:185}(Object(Illuminate/Http/Request))
#57 C:/Users/Lidiya Getale/Herd/immigrationknowhow/vendor/laravel/framework/src/Illuminate/Foundation/Http/Kernel.php(176): Illuminate/Pipeline/Pipeline->then(Object(Closure))
#58 C:/Users/Lidiya Getale/Herd/immigrationknowhow/vendor/laravel/framework/src/Illuminate/Foundation/Http/Kernel.php(145): Illuminate/Foundation/Http/Kernel->sendRequestThroughRouter(Object(Illuminate/Http/Request))
#59 C:/Users/Lidiya Getale/Herd/immigrationknowhow/vendor/laravel/framework/src/Illuminate/Foundation/Application.php(1220): Illuminate/Foundation/Http/Kernel->handle(Object(Illuminate/Http/Request))
#60 C:/Users/Lidiya Getale/Herd/immigrationknowhow/public/index.php(17): Illuminate/Foundation/Application->handleRequest(Object(Illuminate/Http/Request))
#61 C:/Program Files/Herd/resources/app.asar.unpacked/resources/valet/server.php(139): require('C://Users//Lidiya...')
#62 {main}
"} 
[2026-04-10 16:06:47] local.ERROR: Call to undefined relationship [identityVerifications] on model [App\Models\ServiceProvider]. {"userId":48,"exception":"[object] (Illuminate\\Database\\Eloquent\\RelationNotFoundException(code: 0): Call to undefined relationship [identityVerifications] on model [App\\Models\\ServiceProvider]. at C:/Users/Lidiya Getale/Herd/immigrationknowhow/vendor/laravel/framework/src/Illuminate/Database/Eloquent/RelationNotFoundException.php:35)
[stacktrace]
#0 C:/Users/Lidiya Getale/Herd/immigrationknowhow/vendor/laravel/framework/src/Illuminate/Database/Eloquent/Builder.php(878): Illuminate/Database/Eloquent/RelationNotFoundException::make(Object(App/Models/ServiceProvider), 'identityVerific...')
#1 C:/Users/Lidiya Getale/Herd/immigrationknowhow/vendor/laravel/framework/src/Illuminate/Database/Eloquent/Relations/Relation.php(120): Illuminate/Database/Eloquent/Builder->{closure:Illuminate/Database/Eloquent/Builder::getRelation():874}()
#2 C:/Users/Lidiya Getale/Herd/immigrationknowhow/vendor/laravel/framework/src/Illuminate/Database/Eloquent/Builder.php(874): Illuminate/Database/Eloquent/Relations/Relation::noConstraints(Object(Closure))
#3 C:/Users/Lidiya Getale/Herd/immigrationknowhow/vendor/laravel/framework/src/Illuminate/Database/Eloquent/Builder.php(848): Illuminate/Database/Eloquent/Builder->getRelation('identityVerific...')
#4 C:/Users/Lidiya Getale/Herd/immigrationknowhow/vendor/laravel/framework/src/Illuminate/Database/Eloquent/Builder.php(828): Illuminate/Database/Eloquent/Builder->eagerLoadRelation(Array, 'identityVerific...', Object(Closure))
#5 C:/Users/Lidiya Getale/Herd/immigrationknowhow/vendor/laravel/framework/src/Illuminate/Database/Eloquent/Model.php(724): Illuminate/Database/Eloquent/Builder->eagerLoadRelations(Array)
#6 C:/Users/Lidiya Getale/Herd/immigrationknowhow/app/Http/Controllers/Admin/ProviderController.php(66): Illuminate/Database/Eloquent/Model->load(Array)
#7 C:/Users/Lidiya Getale/Herd/immigrationknowhow/vendor/laravel/framework/src/Illuminate/Routing/ControllerDispatcher.php(47): App/Http/Controllers/Admin/ProviderController->show(Object(App/Models/ServiceProvider))
#8 C:/Users/Lidiya Getale/Herd/immigrationknowhow/vendor/laravel/framework/src/Illuminate/Routing/Route.php(266): Illuminate/Routing/ControllerDispatcher->dispatch(Object(Illuminate/Routing/Route), Object(App/Http/Controllers/Admin/ProviderController), 'show')
#9 C:/Users/Lidiya Getale/Herd/immigrationknowhow/vendor/laravel/framework/src/Illuminate/Routing/Route.php(212): Illuminate/Routing/Route->runController()
#10 C:/Users/Lidiya Getale/Herd/immigrationknowhow/vendor/laravel/framework/src/Illuminate/Routing/Router.php(808): Illuminate/Routing/Route->run()
#11 C:/Users/Lidiya Getale/Herd/immigrationknowhow/vendor/laravel/framework/src/Illuminate/Pipeline/Pipeline.php(170): Illuminate/Routing/Router->{closure:Illuminate/Routing/Router::runRouteWithinStack():807}(Object(Illuminate/Http/Request))
#12 C:/Users/Lidiya Getale/Herd/immigrationknowhow/app/Http/Middleware/EnsureOnboardingComplete.php(30): Illuminate/Pipeline/Pipeline->{closure:Illuminate/Pipeline/Pipeline::prepareDestination():168}(Object(Illuminate/Http/Request))
#13 C:/Users/Lidiya Getale/Herd/immigrationknowhow/vendor/laravel/framework/src/Illuminate/Pipeline/Pipeline.php(209): App/Http/Middleware/EnsureOnboardingComplete->handle(Object(Illuminate/Http/Request), Object(Closure))
#14 C:/Users/Lidiya Getale/Herd/immigrationknowhow/vendor/spatie/laravel-permission/src/Middleware/RoleMiddleware.php(37): Illuminate/Pipeline/Pipeline->{closure:{closure:Illuminate/Pipeline/Pipeline::carry():184}:185}(Object(Illuminate/Http/Request))
#15 C:/Users/Lidiya Getale/Herd/immigrationknowhow/vendor/laravel/framework/src/Illuminate/Pipeline/Pipeline.php(209): Spatie/Permission/Middleware/RoleMiddleware->handle(Object(Illuminate/Http/Request), Object(Closure), 'admin|super_adm...')
#16 C:/Users/Lidiya Getale/Herd/immigrationknowhow/vendor/inertiajs/inertia-laravel/src/Middleware.php(87): Illuminate/Pipeline/Pipeline->{closure:{closure:Illuminate/Pipeline/Pipeline::carry():184}:185}(Object(Illuminate/Http/Request))
#17 C:/Users/Lidiya Getale/Herd/immigrationknowhow/vendor/laravel/framework/src/Illuminate/Pipeline/Pipeline.php(209): Inertia/Middleware->handle(Object(Illuminate/Http/Request), Object(Closure))
#18 C:/Users/Lidiya Getale/Herd/immigrationknowhow/vendor/laravel/framework/src/Illuminate/Routing/Middleware/SubstituteBindings.php(51): Illuminate/Pipeline/Pipeline->{closure:{closure:Illuminate/Pipeline/Pipeline::carry():184}:185}(Object(Illuminate/Http/Request))
#19 C:/Users/Lidiya Getale/Herd/immigrationknowhow/vendor/laravel/framework/src/Illuminate/Pipeline/Pipeline.php(209): Illuminate/Routing/Middleware/SubstituteBindings->handle(Object(Illuminate/Http/Request), Object(Closure))
#20 C:/Users/Lidiya Getale/Herd/immigrationknowhow/vendor/laravel/framework/src/Illuminate/Auth/Middleware/Authenticate.php(64): Illuminate/Pipeline/Pipeline->{closure:{closure:Illuminate/Pipeline/Pipeline::carry():184}:185}(Object(Illuminate/Http/Request))
#21 C:/Users/Lidiya Getale/Herd/immigrationknowhow/vendor/laravel/framework/src/Illuminate/Pipeline/Pipeline.php(209): Illuminate/Auth/Middleware/Authenticate->handle(Object(Illuminate/Http/Request), Object(Closure))
#22 C:/Users/Lidiya Getale/Herd/immigrationknowhow/vendor/laravel/framework/src/Illuminate/Foundation/Http/Middleware/VerifyCsrfToken.php(88): Illuminate/Pipeline/Pipeline->{closure:{closure:Illuminate/Pipeline/Pipeline::carry():184}:185}(Object(Illuminate/Http/Request))
#23 C:/Users/Lidiya Getale/Herd/immigrationknowhow/vendor/laravel/framework/src/Illuminate/Pipeline/Pipeline.php(209): Illuminate/Foundation/Http/Middleware/VerifyCsrfToken->handle(Object(Illuminate/Http/Request), Object(Closure))
#24 C:/Users/Lidiya Getale/Herd/immigrationknowhow/vendor/laravel/framework/src/Illuminate/View/Middleware/ShareErrorsFromSession.php(49): Illuminate/Pipeline/Pipeline->{closure:{closure:Illuminate/Pipeline/Pipeline::carry():184}:185}(Object(Illuminate/Http/Request))
#25 C:/Users/Lidiya Getale/Herd/immigrationknowhow/vendor/laravel/framework/src/Illuminate/Pipeline/Pipeline.php(209): Illuminate/View/Middleware/ShareErrorsFromSession->handle(Object(Illuminate/Http/Request), Object(Closure))
#26 C:/Users/Lidiya Getale/Herd/immigrationknowhow/vendor/laravel/framework/src/Illuminate/Session/Middleware/StartSession.php(121): Illuminate/Pipeline/Pipeline->{closure:{closure:Illuminate/Pipeline/Pipeline::carry():184}:185}(Object(Illuminate/Http/Request))
#27 C:/Users/Lidiya Getale/Herd/immigrationknowhow/vendor/laravel/framework/src/Illuminate/Session/Middleware/StartSession.php(64): Illuminate/Session/Middleware/StartSession->handleStatefulRequest(Object(Illuminate/Http/Request), Object(Illuminate/Session/Store), Object(Closure))
#28 C:/Users/Lidiya Getale/Herd/immigrationknowhow/vendor/laravel/framework/src/Illuminate/Pipeline/Pipeline.php(209): Illuminate/Session/Middleware/StartSession->handle(Object(Illuminate/Http/Request), Object(Closure))
#29 C:/Users/Lidiya Getale/Herd/immigrationknowhow/vendor/laravel/framework/src/Illuminate/Cookie/Middleware/AddQueuedCookiesToResponse.php(37): Illuminate/Pipeline/Pipeline->{closure:{closure:Illuminate/Pipeline/Pipeline::carry():184}:185}(Object(Illuminate/Http/Request))
#30 C:/Users/Lidiya Getale/Herd/immigrationknowhow/vendor/laravel/framework/src/Illuminate/Pipeline/Pipeline.php(209): Illuminate/Cookie/Middleware/AddQueuedCookiesToResponse->handle(Object(Illuminate/Http/Request), Object(Closure))
#31 C:/Users/Lidiya Getale/Herd/immigrationknowhow/vendor/laravel/framework/src/Illuminate/Cookie/Middleware/EncryptCookies.php(75): Illuminate/Pipeline/Pipeline->{closure:{closure:Illuminate/Pipeline/Pipeline::carry():184}:185}(Object(Illuminate/Http/Request))
#32 C:/Users/Lidiya Getale/Herd/immigrationknowhow/vendor/laravel/framework/src/Illuminate/Pipeline/Pipeline.php(209): Illuminate/Cookie/Middleware/EncryptCookies->handle(Object(Illuminate/Http/Request), Object(Closure))
#33 C:/Users/Lidiya Getale/Herd/immigrationknowhow/vendor/laravel/framework/src/Illuminate/Pipeline/Pipeline.php(127): Illuminate/Pipeline/Pipeline->{closure:{closure:Illuminate/Pipeline/Pipeline::carry():184}:185}(Object(Illuminate/Http/Request))
#34 C:/Users/Lidiya Getale/Herd/immigrationknowhow/vendor/laravel/framework/src/Illuminate/Routing/Router.php(807): Illuminate/Pipeline/Pipeline->then(Object(Closure))
#35 C:/Users/Lidiya Getale/Herd/immigrationknowhow/vendor/laravel/framework/src/Illuminate/Routing/Router.php(786): Illuminate/Routing/Router->runRouteWithinStack(Object(Illuminate/Routing/Route), Object(Illuminate/Http/Request))
#36 C:/Users/Lidiya Getale/Herd/immigrationknowhow/vendor/laravel/framework/src/Illuminate/Routing/Router.php(750): Illuminate/Routing/Router->runRoute(Object(Illuminate/Http/Request), Object(Illuminate/Routing/Route))
#37 C:/Users/Lidiya Getale/Herd/immigrationknowhow/vendor/laravel/framework/src/Illuminate/Routing/Router.php(739): Illuminate/Routing/Router->dispatchToRoute(Object(Illuminate/Http/Request))
#38 C:/Users/Lidiya Getale/Herd/immigrationknowhow/vendor/laravel/framework/src/Illuminate/Foundation/Http/Kernel.php(201): Illuminate/Routing/Router->dispatch(Object(Illuminate/Http/Request))
#39 C:/Users/Lidiya Getale/Herd/immigrationknowhow/vendor/laravel/framework/src/Illuminate/Pipeline/Pipeline.php(170): Illuminate/Foundation/Http/Kernel->{closure:Illuminate/Foundation/Http/Kernel::dispatchToRouter():198}(Object(Illuminate/Http/Request))
#40 C:/Users/Lidiya Getale/Herd/immigrationknowhow/vendor/laravel/framework/src/Illuminate/Foundation/Http/Middleware/TransformsRequest.php(21): Illuminate/Pipeline/Pipeline->{closure:Illuminate/Pipeline/Pipeline::prepareDestination():168}(Object(Illuminate/Http/Request))
#41 C:/Users/Lidiya Getale/Herd/immigrationknowhow/vendor/laravel/framework/src/Illuminate/Foundation/Http/Middleware/ConvertEmptyStringsToNull.php(31): Illuminate/Foundation/Http/Middleware/TransformsRequest->handle(Object(Illuminate/Http/Request), Object(Closure))
#42 C:/Users/Lidiya Getale/Herd/immigrationknowhow/vendor/laravel/framework/src/Illuminate/Pipeline/Pipeline.php(209): Illuminate/Foundation/Http/Middleware/ConvertEmptyStringsToNull->handle(Object(Illuminate/Http/Request), Object(Closure))
#43 C:/Users/Lidiya Getale/Herd/immigrationknowhow/vendor/laravel/framework/src/Illuminate/Foundation/Http/Middleware/TransformsRequest.php(21): Illuminate/Pipeline/Pipeline->{closure:{closure:Illuminate/Pipeline/Pipeline::carry():184}:185}(Object(Illuminate/Http/Request))
#44 C:/Users/Lidiya Getale/Herd/immigrationknowhow/vendor/laravel/framework/src/Illuminate/Foundation/Http/Middleware/TrimStrings.php(51): Illuminate/Foundation/Http/Middleware/TransformsRequest->handle(Object(Illuminate/Http/Request), Object(Closure))
#45 C:/Users/Lidiya Getale/Herd/immigrationknowhow/vendor/laravel/framework/src/Illuminate/Pipeline/Pipeline.php(209): Illuminate/Foundation/Http/Middleware/TrimStrings->handle(Object(Illuminate/Http/Request), Object(Closure))
#46 C:/Users/Lidiya Getale/Herd/immigrationknowhow/vendor/laravel/framework/src/Illuminate/Http/Middleware/ValidatePostSize.php(27): Illuminate/Pipeline/Pipeline->{closure:{closure:Illuminate/Pipeline/Pipeline::carry():184}:185}(Object(Illuminate/Http/Request))
#47 C:/Users/Lidiya Getale/Herd/immigrationknowhow/vendor/laravel/framework/src/Illuminate/Pipeline/Pipeline.php(209): Illuminate/Http/Middleware/ValidatePostSize->handle(Object(Illuminate/Http/Request), Object(Closure))
#48 C:/Users/Lidiya Getale/Herd/immigrationknowhow/vendor/laravel/framework/src/Illuminate/Foundation/Http/Middleware/PreventRequestsDuringMaintenance.php(110): Illuminate/Pipeline/Pipeline->{closure:{closure:Illuminate/Pipeline/Pipeline::carry():184}:185}(Object(Illuminate/Http/Request))
#49 C:/Users/Lidiya Getale/Herd/immigrationknowhow/vendor/laravel/framework/src/Illuminate/Pipeline/Pipeline.php(209): Illuminate/Foundation/Http/Middleware/PreventRequestsDuringMaintenance->handle(Object(Illuminate/Http/Request), Object(Closure))
#50 C:/Users/Lidiya Getale/Herd/immigrationknowhow/vendor/laravel/framework/src/Illuminate/Http/Middleware/HandleCors.php(49): Illuminate/Pipeline/Pipeline->{closure:{closure:Illuminate/Pipeline/Pipeline::carry():184}:185}(Object(Illuminate/Http/Request))
#51 C:/Users/Lidiya Getale/Herd/immigrationknowhow/vendor/laravel/framework/src/Illuminate/Pipeline/Pipeline.php(209): Illuminate/Http/Middleware/HandleCors->handle(Object(Illuminate/Http/Request), Object(Closure))
#52 C:/Users/Lidiya Getale/Herd/immigrationknowhow/vendor/laravel/framework/src/Illuminate/Http/Middleware/TrustProxies.php(58): Illuminate/Pipeline/Pipeline->{closure:{closure:Illuminate/Pipeline/Pipeline::carry():184}:185}(Object(Illuminate/Http/Request))
#53 C:/Users/Lidiya Getale/Herd/immigrationknowhow/vendor/laravel/framework/src/Illuminate/Pipeline/Pipeline.php(209): Illuminate/Http/Middleware/TrustProxies->handle(Object(Illuminate/Http/Request), Object(Closure))
#54 C:/Users/Lidiya Getale/Herd/immigrationknowhow/vendor/laravel/framework/src/Illuminate/Foundation/Http/Middleware/InvokeDeferredCallbacks.php(22): Illuminate/Pipeline/Pipeline->{closure:{closure:Illuminate/Pipeline/Pipeline::carry():184}:185}(Object(Illuminate/Http/Request))
#55 C:/Users/Lidiya Getale/Herd/immigrationknowhow/vendor/laravel/framework/src/Illuminate/Pipeline/Pipeline.php(209): Illuminate/Foundation/Http/Middleware/InvokeDeferredCallbacks->handle(Object(Illuminate/Http/Request), Object(Closure))
#56 C:/Users/Lidiya Getale/Herd/immigrationknowhow/vendor/laravel/framework/src/Illuminate/Pipeline/Pipeline.php(127): Illuminate/Pipeline/Pipeline->{closure:{closure:Illuminate/Pipeline/Pipeline::carry():184}:185}(Object(Illuminate/Http/Request))
#57 C:/Users/Lidiya Getale/Herd/immigrationknowhow/vendor/laravel/framework/src/Illuminate/Foundation/Http/Kernel.php(176): Illuminate/Pipeline/Pipeline->then(Object(Closure))
#58 C:/Users/Lidiya Getale/Herd/immigrationknowhow/vendor/laravel/framework/src/Illuminate/Foundation/Http/Kernel.php(145): Illuminate/Foundation/Http/Kernel->sendRequestThroughRouter(Object(Illuminate/Http/Request))
#59 C:/Users/Lidiya Getale/Herd/immigrationknowhow/vendor/laravel/framework/src/Illuminate/Foundation/Application.php(1220): Illuminate/Foundation/Http/Kernel->handle(Object(Illuminate/Http/Request))
#60 C:/Users/Lidiya Getale/Herd/immigrationknowhow/public/index.php(17): Illuminate/Foundation/Application->handleRequest(Object(Illuminate/Http/Request))
#61 C:/Program Files/Herd/resources/app.asar.unpacked/resources/valet/server.php(139): require('C://Users//Lidiya...')
#62 {main}
"} 
[2026-04-10 16:07:09] local.ERROR: Call to undefined relationship [identityVerifications] on model [App\Models\ServiceProvider]. {"userId":48,"exception":"[object] (Illuminate\\Database\\Eloquent\\RelationNotFoundException(code: 0): Call to undefined relationship [identityVerifications] on model [App\\Models\\ServiceProvider]. at C:/Users/Lidiya Getale/Herd/immigrationknowhow/vendor/laravel/framework/src/Illuminate/Database/Eloquent/RelationNotFoundException.php:35)
[stacktrace]
#0 C:/Users/Lidiya Getale/Herd/immigrationknowhow/vendor/laravel/framework/src/Illuminate/Database/Eloquent/Builder.php(878): Illuminate/Database/Eloquent/RelationNotFoundException::make(Object(App/Models/ServiceProvider), 'identityVerific...')
#1 C:/Users/Lidiya Getale/Herd/immigrationknowhow/vendor/laravel/framework/src/Illuminate/Database/Eloquent/Relations/Relation.php(120): Illuminate/Database/Eloquent/Builder->{closure:Illuminate/Database/Eloquent/Builder::getRelation():874}()
#2 C:/Users/Lidiya Getale/Herd/immigrationknowhow/vendor/laravel/framework/src/Illuminate/Database/Eloquent/Builder.php(874): Illuminate/Database/Eloquent/Relations/Relation::noConstraints(Object(Closure))
#3 C:/Users/Lidiya Getale/Herd/immigrationknowhow/vendor/laravel/framework/src/Illuminate/Database/Eloquent/Builder.php(848): Illuminate/Database/Eloquent/Builder->getRelation('identityVerific...')
#4 C:/Users/Lidiya Getale/Herd/immigrationknowhow/vendor/laravel/framework/src/Illuminate/Database/Eloquent/Builder.php(828): Illuminate/Database/Eloquent/Builder->eagerLoadRelation(Array, 'identityVerific...', Object(Closure))
#5 C:/Users/Lidiya Getale/Herd/immigrationknowhow/vendor/laravel/framework/src/Illuminate/Database/Eloquent/Model.php(724): Illuminate/Database/Eloquent/Builder->eagerLoadRelations(Array)
#6 C:/Users/Lidiya Getale/Herd/immigrationknowhow/app/Http/Controllers/Admin/ProviderController.php(66): Illuminate/Database/Eloquent/Model->load(Array)
#7 C:/Users/Lidiya Getale/Herd/immigrationknowhow/vendor/laravel/framework/src/Illuminate/Routing/ControllerDispatcher.php(47): App/Http/Controllers/Admin/ProviderController->show(Object(App/Models/ServiceProvider))
#8 C:/Users/Lidiya Getale/Herd/immigrationknowhow/vendor/laravel/framework/src/Illuminate/Routing/Route.php(266): Illuminate/Routing/ControllerDispatcher->dispatch(Object(Illuminate/Routing/Route), Object(App/Http/Controllers/Admin/ProviderController), 'show')
#9 C:/Users/Lidiya Getale/Herd/immigrationknowhow/vendor/laravel/framework/src/Illuminate/Routing/Route.php(212): Illuminate/Routing/Route->runController()
#10 C:/Users/Lidiya Getale/Herd/immigrationknowhow/vendor/laravel/framework/src/Illuminate/Routing/Router.php(808): Illuminate/Routing/Route->run()
#11 C:/Users/Lidiya Getale/Herd/immigrationknowhow/vendor/laravel/framework/src/Illuminate/Pipeline/Pipeline.php(170): Illuminate/Routing/Router->{closure:Illuminate/Routing/Router::runRouteWithinStack():807}(Object(Illuminate/Http/Request))
#12 C:/Users/Lidiya Getale/Herd/immigrationknowhow/app/Http/Middleware/EnsureOnboardingComplete.php(30): Illuminate/Pipeline/Pipeline->{closure:Illuminate/Pipeline/Pipeline::prepareDestination():168}(Object(Illuminate/Http/Request))
#13 C:/Users/Lidiya Getale/Herd/immigrationknowhow/vendor/laravel/framework/src/Illuminate/Pipeline/Pipeline.php(209): App/Http/Middleware/EnsureOnboardingComplete->handle(Object(Illuminate/Http/Request), Object(Closure))
#14 C:/Users/Lidiya Getale/Herd/immigrationknowhow/vendor/spatie/laravel-permission/src/Middleware/RoleMiddleware.php(37): Illuminate/Pipeline/Pipeline->{closure:{closure:Illuminate/Pipeline/Pipeline::carry():184}:185}(Object(Illuminate/Http/Request))
#15 C:/Users/Lidiya Getale/Herd/immigrationknowhow/vendor/laravel/framework/src/Illuminate/Pipeline/Pipeline.php(209): Spatie/Permission/Middleware/RoleMiddleware->handle(Object(Illuminate/Http/Request), Object(Closure), 'admin|super_adm...')
#16 C:/Users/Lidiya Getale/Herd/immigrationknowhow/vendor/inertiajs/inertia-laravel/src/Middleware.php(87): Illuminate/Pipeline/Pipeline->{closure:{closure:Illuminate/Pipeline/Pipeline::carry():184}:185}(Object(Illuminate/Http/Request))
#17 C:/Users/Lidiya Getale/Herd/immigrationknowhow/vendor/laravel/framework/src/Illuminate/Pipeline/Pipeline.php(209): Inertia/Middleware->handle(Object(Illuminate/Http/Request), Object(Closure))
#18 C:/Users/Lidiya Getale/Herd/immigrationknowhow/vendor/laravel/framework/src/Illuminate/Routing/Middleware/SubstituteBindings.php(51): Illuminate/Pipeline/Pipeline->{closure:{closure:Illuminate/Pipeline/Pipeline::carry():184}:185}(Object(Illuminate/Http/Request))
#19 C:/Users/Lidiya Getale/Herd/immigrationknowhow/vendor/laravel/framework/src/Illuminate/Pipeline/Pipeline.php(209): Illuminate/Routing/Middleware/SubstituteBindings->handle(Object(Illuminate/Http/Request), Object(Closure))
#20 C:/Users/Lidiya Getale/Herd/immigrationknowhow/vendor/laravel/framework/src/Illuminate/Auth/Middleware/Authenticate.php(64): Illuminate/Pipeline/Pipeline->{closure:{closure:Illuminate/Pipeline/Pipeline::carry():184}:185}(Object(Illuminate/Http/Request))
#21 C:/Users/Lidiya Getale/Herd/immigrationknowhow/vendor/laravel/framework/src/Illuminate/Pipeline/Pipeline.php(209): Illuminate/Auth/Middleware/Authenticate->handle(Object(Illuminate/Http/Request), Object(Closure))
#22 C:/Users/Lidiya Getale/Herd/immigrationknowhow/vendor/laravel/framework/src/Illuminate/Foundation/Http/Middleware/VerifyCsrfToken.php(88): Illuminate/Pipeline/Pipeline->{closure:{closure:Illuminate/Pipeline/Pipeline::carry():184}:185}(Object(Illuminate/Http/Request))
#23 C:/Users/Lidiya Getale/Herd/immigrationknowhow/vendor/laravel/framework/src/Illuminate/Pipeline/Pipeline.php(209): Illuminate/Foundation/Http/Middleware/VerifyCsrfToken->handle(Object(Illuminate/Http/Request), Object(Closure))
#24 C:/Users/Lidiya Getale/Herd/immigrationknowhow/vendor/laravel/framework/src/Illuminate/View/Middleware/ShareErrorsFromSession.php(49): Illuminate/Pipeline/Pipeline->{closure:{closure:Illuminate/Pipeline/Pipeline::carry():184}:185}(Object(Illuminate/Http/Request))
#25 C:/Users/Lidiya Getale/Herd/immigrationknowhow/vendor/laravel/framework/src/Illuminate/Pipeline/Pipeline.php(209): Illuminate/View/Middleware/ShareErrorsFromSession->handle(Object(Illuminate/Http/Request), Object(Closure))
#26 C:/Users/Lidiya Getale/Herd/immigrationknowhow/vendor/laravel/framework/src/Illuminate/Session/Middleware/StartSession.php(121): Illuminate/Pipeline/Pipeline->{closure:{closure:Illuminate/Pipeline/Pipeline::carry():184}:185}(Object(Illuminate/Http/Request))
#27 C:/Users/Lidiya Getale/Herd/immigrationknowhow/vendor/laravel/framework/src/Illuminate/Session/Middleware/StartSession.php(64): Illuminate/Session/Middleware/StartSession->handleStatefulRequest(Object(Illuminate/Http/Request), Object(Illuminate/Session/Store), Object(Closure))
#28 C:/Users/Lidiya Getale/Herd/immigrationknowhow/vendor/laravel/framework/src/Illuminate/Pipeline/Pipeline.php(209): Illuminate/Session/Middleware/StartSession->handle(Object(Illuminate/Http/Request), Object(Closure))
#29 C:/Users/Lidiya Getale/Herd/immigrationknowhow/vendor/laravel/framework/src/Illuminate/Cookie/Middleware/AddQueuedCookiesToResponse.php(37): Illuminate/Pipeline/Pipeline->{closure:{closure:Illuminate/Pipeline/Pipeline::carry():184}:185}(Object(Illuminate/Http/Request))
#30 C:/Users/Lidiya Getale/Herd/immigrationknowhow/vendor/laravel/framework/src/Illuminate/Pipeline/Pipeline.php(209): Illuminate/Cookie/Middleware/AddQueuedCookiesToResponse->handle(Object(Illuminate/Http/Request), Object(Closure))
#31 C:/Users/Lidiya Getale/Herd/immigrationknowhow/vendor/laravel/framework/src/Illuminate/Cookie/Middleware/EncryptCookies.php(75): Illuminate/Pipeline/Pipeline->{closure:{closure:Illuminate/Pipeline/Pipeline::carry():184}:185}(Object(Illuminate/Http/Request))
#32 C:/Users/Lidiya Getale/Herd/immigrationknowhow/vendor/laravel/framework/src/Illuminate/Pipeline/Pipeline.php(209): Illuminate/Cookie/Middleware/EncryptCookies->handle(Object(Illuminate/Http/Request), Object(Closure))
#33 C:/Users/Lidiya Getale/Herd/immigrationknowhow/vendor/laravel/framework/src/Illuminate/Pipeline/Pipeline.php(127): Illuminate/Pipeline/Pipeline->{closure:{closure:Illuminate/Pipeline/Pipeline::carry():184}:185}(Object(Illuminate/Http/Request))
#34 C:/Users/Lidiya Getale/Herd/immigrationknowhow/vendor/laravel/framework/src/Illuminate/Routing/Router.php(807): Illuminate/Pipeline/Pipeline->then(Object(Closure))
#35 C:/Users/Lidiya Getale/Herd/immigrationknowhow/vendor/laravel/framework/src/Illuminate/Routing/Router.php(786): Illuminate/Routing/Router->runRouteWithinStack(Object(Illuminate/Routing/Route), Object(Illuminate/Http/Request))
#36 C:/Users/Lidiya Getale/Herd/immigrationknowhow/vendor/laravel/framework/src/Illuminate/Routing/Router.php(750): Illuminate/Routing/Router->runRoute(Object(Illuminate/Http/Request), Object(Illuminate/Routing/Route))
#37 C:/Users/Lidiya Getale/Herd/immigrationknowhow/vendor/laravel/framework/src/Illuminate/Routing/Router.php(739): Illuminate/Routing/Router->dispatchToRoute(Object(Illuminate/Http/Request))
#38 C:/Users/Lidiya Getale/Herd/immigrationknowhow/vendor/laravel/framework/src/Illuminate/Foundation/Http/Kernel.php(201): Illuminate/Routing/Router->dispatch(Object(Illuminate/Http/Request))
#39 C:/Users/Lidiya Getale/Herd/immigrationknowhow/vendor/laravel/framework/src/Illuminate/Pipeline/Pipeline.php(170): Illuminate/Foundation/Http/Kernel->{closure:Illuminate/Foundation/Http/Kernel::dispatchToRouter():198}(Object(Illuminate/Http/Request))
#40 C:/Users/Lidiya Getale/Herd/immigrationknowhow/vendor/laravel/framework/src/Illuminate/Foundation/Http/Middleware/TransformsRequest.php(21): Illuminate/Pipeline/Pipeline->{closure:Illuminate/Pipeline/Pipeline::prepareDestination():168}(Object(Illuminate/Http/Request))
#41 C:/Users/Lidiya Getale/Herd/immigrationknowhow/vendor/laravel/framework/src/Illuminate/Foundation/Http/Middleware/ConvertEmptyStringsToNull.php(31): Illuminate/Foundation/Http/Middleware/TransformsRequest->handle(Object(Illuminate/Http/Request), Object(Closure))
#42 C:/Users/Lidiya Getale/Herd/immigrationknowhow/vendor/laravel/framework/src/Illuminate/Pipeline/Pipeline.php(209): Illuminate/Foundation/Http/Middleware/ConvertEmptyStringsToNull->handle(Object(Illuminate/Http/Request), Object(Closure))
#43 C:/Users/Lidiya Getale/Herd/immigrationknowhow/vendor/laravel/framework/src/Illuminate/Foundation/Http/Middleware/TransformsRequest.php(21): Illuminate/Pipeline/Pipeline->{closure:{closure:Illuminate/Pipeline/Pipeline::carry():184}:185}(Object(Illuminate/Http/Request))
#44 C:/Users/Lidiya Getale/Herd/immigrationknowhow/vendor/laravel/framework/src/Illuminate/Foundation/Http/Middleware/TrimStrings.php(51): Illuminate/Foundation/Http/Middleware/TransformsRequest->handle(Object(Illuminate/Http/Request), Object(Closure))
#45 C:/Users/Lidiya Getale/Herd/immigrationknowhow/vendor/laravel/framework/src/Illuminate/Pipeline/Pipeline.php(209): Illuminate/Foundation/Http/Middleware/TrimStrings->handle(Object(Illuminate/Http/Request), Object(Closure))
#46 C:/Users/Lidiya Getale/Herd/immigrationknowhow/vendor/laravel/framework/src/Illuminate/Http/Middleware/ValidatePostSize.php(27): Illuminate/Pipeline/Pipeline->{closure:{closure:Illuminate/Pipeline/Pipeline::carry():184}:185}(Object(Illuminate/Http/Request))
#47 C:/Users/Lidiya Getale/Herd/immigrationknowhow/vendor/laravel/framework/src/Illuminate/Pipeline/Pipeline.php(209): Illuminate/Http/Middleware/ValidatePostSize->handle(Object(Illuminate/Http/Request), Object(Closure))
#48 C:/Users/Lidiya Getale/Herd/immigrationknowhow/vendor/laravel/framework/src/Illuminate/Foundation/Http/Middleware/PreventRequestsDuringMaintenance.php(110): Illuminate/Pipeline/Pipeline->{closure:{closure:Illuminate/Pipeline/Pipeline::carry():184}:185}(Object(Illuminate/Http/Request))
#49 C:/Users/Lidiya Getale/Herd/immigrationknowhow/vendor/laravel/framework/src/Illuminate/Pipeline/Pipeline.php(209): Illuminate/Foundation/Http/Middleware/PreventRequestsDuringMaintenance->handle(Object(Illuminate/Http/Request), Object(Closure))
#50 C:/Users/Lidiya Getale/Herd/immigrationknowhow/vendor/laravel/framework/src/Illuminate/Http/Middleware/HandleCors.php(49): Illuminate/Pipeline/Pipeline->{closure:{closure:Illuminate/Pipeline/Pipeline::carry():184}:185}(Object(Illuminate/Http/Request))
#51 C:/Users/Lidiya Getale/Herd/immigrationknowhow/vendor/laravel/framework/src/Illuminate/Pipeline/Pipeline.php(209): Illuminate/Http/Middleware/HandleCors->handle(Object(Illuminate/Http/Request), Object(Closure))
#52 C:/Users/Lidiya Getale/Herd/immigrationknowhow/vendor/laravel/framework/src/Illuminate/Http/Middleware/TrustProxies.php(58): Illuminate/Pipeline/Pipeline->{closure:{closure:Illuminate/Pipeline/Pipeline::carry():184}:185}(Object(Illuminate/Http/Request))
#53 C:/Users/Lidiya Getale/Herd/immigrationknowhow/vendor/laravel/framework/src/Illuminate/Pipeline/Pipeline.php(209): Illuminate/Http/Middleware/TrustProxies->handle(Object(Illuminate/Http/Request), Object(Closure))
#54 C:/Users/Lidiya Getale/Herd/immigrationknowhow/vendor/laravel/framework/src/Illuminate/Foundation/Http/Middleware/InvokeDeferredCallbacks.php(22): Illuminate/Pipeline/Pipeline->{closure:{closure:Illuminate/Pipeline/Pipeline::carry():184}:185}(Object(Illuminate/Http/Request))
#55 C:/Users/Lidiya Getale/Herd/immigrationknowhow/vendor/laravel/framework/src/Illuminate/Pipeline/Pipeline.php(209): Illuminate/Foundation/Http/Middleware/InvokeDeferredCallbacks->handle(Object(Illuminate/Http/Request), Object(Closure))
#56 C:/Users/Lidiya Getale/Herd/immigrationknowhow/vendor/laravel/framework/src/Illuminate/Pipeline/Pipeline.php(127): Illuminate/Pipeline/Pipeline->{closure:{closure:Illuminate/Pipeline/Pipeline::carry():184}:185}(Object(Illuminate/Http/Request))
#57 C:/Users/Lidiya Getale/Herd/immigrationknowhow/vendor/laravel/framework/src/Illuminate/Foundation/Http/Kernel.php(176): Illuminate/Pipeline/Pipeline->then(Object(Closure))
#58 C:/Users/Lidiya Getale/Herd/immigrationknowhow/vendor/laravel/framework/src/Illuminate/Foundation/Http/Kernel.php(145): Illuminate/Foundation/Http/Kernel->sendRequestThroughRouter(Object(Illuminate/Http/Request))
#59 C:/Users/Lidiya Getale/Herd/immigrationknowhow/vendor/laravel/framework/src/Illuminate/Foundation/Application.php(1220): Illuminate/Foundation/Http/Kernel->handle(Object(Illuminate/Http/Request))
#60 C:/Users/Lidiya Getale/Herd/immigrationknowhow/public/index.php(17): Illuminate/Foundation/Application->handleRequest(Object(Illuminate/Http/Request))
#61 C:/Program Files/Herd/resources/app.asar.unpacked/resources/valet/server.php(139): require('C://Users//Lidiya...')
#62 {main}
"} 
[2026-04-10 16:07:51] local.ERROR: Add fillable property [primary_service_type, is_verified, verified_by] to allow mass assignment on [App\Models\ServiceProvider]. {"userId":48,"exception":"[object] (Illuminate\\Database\\Eloquent\\MassAssignmentException(code: 0): Add fillable property [primary_service_type, is_verified, verified_by] to allow mass assignment on [App\\Models\\ServiceProvider]. at C:/Users/Lidiya Getale/Herd/immigrationknowhow/vendor/laravel/framework/src/Illuminate/Database/Eloquent/Model.php:559)
[stacktrace]
#0 C:/Users/Lidiya Getale/Herd/immigrationknowhow/vendor/laravel/framework/src/Illuminate/Database/Eloquent/Model.php(1014): Illuminate/Database/Eloquent/Model->fill(Array)
#1 C:/Users/Lidiya Getale/Herd/immigrationknowhow/app/Http/Controllers/Admin/ProviderController.php(108): Illuminate/Database/Eloquent/Model->update(Array)
#2 C:/Users/Lidiya Getale/Herd/immigrationknowhow/vendor/laravel/framework/src/Illuminate/Routing/ControllerDispatcher.php(47): App/Http/Controllers/Admin/ProviderController->update(Object(Illuminate/Http/Request), Object(App/Models/ServiceProvider))
#3 C:/Users/Lidiya Getale/Herd/immigrationknowhow/vendor/laravel/framework/src/Illuminate/Routing/Route.php(266): Illuminate/Routing/ControllerDispatcher->dispatch(Object(Illuminate/Routing/Route), Object(App/Http/Controllers/Admin/ProviderController), 'update')
#4 C:/Users/Lidiya Getale/Herd/immigrationknowhow/vendor/laravel/framework/src/Illuminate/Routing/Route.php(212): Illuminate/Routing/Route->runController()
#5 C:/Users/Lidiya Getale/Herd/immigrationknowhow/vendor/laravel/framework/src/Illuminate/Routing/Router.php(808): Illuminate/Routing/Route->run()
#6 C:/Users/Lidiya Getale/Herd/immigrationknowhow/vendor/laravel/framework/src/Illuminate/Pipeline/Pipeline.php(170): Illuminate/Routing/Router->{closure:Illuminate/Routing/Router::runRouteWithinStack():807}(Object(Illuminate/Http/Request))
#7 C:/Users/Lidiya Getale/Herd/immigrationknowhow/app/Http/Middleware/EnsureOnboardingComplete.php(30): Illuminate/Pipeline/Pipeline->{closure:Illuminate/Pipeline/Pipeline::prepareDestination():168}(Object(Illuminate/Http/Request))
#8 C:/Users/Lidiya Getale/Herd/immigrationknowhow/vendor/laravel/framework/src/Illuminate/Pipeline/Pipeline.php(209): App/Http/Middleware/EnsureOnboardingComplete->handle(Object(Illuminate/Http/Request), Object(Closure))
#9 C:/Users/Lidiya Getale/Herd/immigrationknowhow/vendor/spatie/laravel-permission/src/Middleware/RoleMiddleware.php(37): Illuminate/Pipeline/Pipeline->{closure:{closure:Illuminate/Pipeline/Pipeline::carry():184}:185}(Object(Illuminate/Http/Request))
#10 C:/Users/Lidiya Getale/Herd/immigrationknowhow/vendor/laravel/framework/src/Illuminate/Pipeline/Pipeline.php(209): Spatie/Permission/Middleware/RoleMiddleware->handle(Object(Illuminate/Http/Request), Object(Closure), 'admin|super_adm...')
#11 C:/Users/Lidiya Getale/Herd/immigrationknowhow/vendor/inertiajs/inertia-laravel/src/Middleware.php(87): Illuminate/Pipeline/Pipeline->{closure:{closure:Illuminate/Pipeline/Pipeline::carry():184}:185}(Object(Illuminate/Http/Request))
#12 C:/Users/Lidiya Getale/Herd/immigrationknowhow/vendor/laravel/framework/src/Illuminate/Pipeline/Pipeline.php(209): Inertia/Middleware->handle(Object(Illuminate/Http/Request), Object(Closure))
#13 C:/Users/Lidiya Getale/Herd/immigrationknowhow/vendor/laravel/framework/src/Illuminate/Routing/Middleware/SubstituteBindings.php(51): Illuminate/Pipeline/Pipeline->{closure:{closure:Illuminate/Pipeline/Pipeline::carry():184}:185}(Object(Illuminate/Http/Request))
#14 C:/Users/Lidiya Getale/Herd/immigrationknowhow/vendor/laravel/framework/src/Illuminate/Pipeline/Pipeline.php(209): Illuminate/Routing/Middleware/SubstituteBindings->handle(Object(Illuminate/Http/Request), Object(Closure))
#15 C:/Users/Lidiya Getale/Herd/immigrationknowhow/vendor/laravel/framework/src/Illuminate/Auth/Middleware/Authenticate.php(64): Illuminate/Pipeline/Pipeline->{closure:{closure:Illuminate/Pipeline/Pipeline::carry():184}:185}(Object(Illuminate/Http/Request))
#16 C:/Users/Lidiya Getale/Herd/immigrationknowhow/vendor/laravel/framework/src/Illuminate/Pipeline/Pipeline.php(209): Illuminate/Auth/Middleware/Authenticate->handle(Object(Illuminate/Http/Request), Object(Closure))
#17 C:/Users/Lidiya Getale/Herd/immigrationknowhow/vendor/laravel/framework/src/Illuminate/Foundation/Http/Middleware/VerifyCsrfToken.php(88): Illuminate/Pipeline/Pipeline->{closure:{closure:Illuminate/Pipeline/Pipeline::carry():184}:185}(Object(Illuminate/Http/Request))
#18 C:/Users/Lidiya Getale/Herd/immigrationknowhow/vendor/laravel/framework/src/Illuminate/Pipeline/Pipeline.php(209): Illuminate/Foundation/Http/Middleware/VerifyCsrfToken->handle(Object(Illuminate/Http/Request), Object(Closure))
#19 C:/Users/Lidiya Getale/Herd/immigrationknowhow/vendor/laravel/framework/src/Illuminate/View/Middleware/ShareErrorsFromSession.php(49): Illuminate/Pipeline/Pipeline->{closure:{closure:Illuminate/Pipeline/Pipeline::carry():184}:185}(Object(Illuminate/Http/Request))
#20 C:/Users/Lidiya Getale/Herd/immigrationknowhow/vendor/laravel/framework/src/Illuminate/Pipeline/Pipeline.php(209): Illuminate/View/Middleware/ShareErrorsFromSession->handle(Object(Illuminate/Http/Request), Object(Closure))
#21 C:/Users/Lidiya Getale/Herd/immigrationknowhow/vendor/laravel/framework/src/Illuminate/Session/Middleware/StartSession.php(121): Illuminate/Pipeline/Pipeline->{closure:{closure:Illuminate/Pipeline/Pipeline::carry():184}:185}(Object(Illuminate/Http/Request))
#22 C:/Users/Lidiya Getale/Herd/immigrationknowhow/vendor/laravel/framework/src/Illuminate/Session/Middleware/StartSession.php(64): Illuminate/Session/Middleware/StartSession->handleStatefulRequest(Object(Illuminate/Http/Request), Object(Illuminate/Session/Store), Object(Closure))
#23 C:/Users/Lidiya Getale/Herd/immigrationknowhow/vendor/laravel/framework/src/Illuminate/Pipeline/Pipeline.php(209): Illuminate/Session/Middleware/StartSession->handle(Object(Illuminate/Http/Request), Object(Closure))
#24 C:/Users/Lidiya Getale/Herd/immigrationknowhow/vendor/laravel/framework/src/Illuminate/Cookie/Middleware/AddQueuedCookiesToResponse.php(37): Illuminate/Pipeline/Pipeline->{closure:{closure:Illuminate/Pipeline/Pipeline::carry():184}:185}(Object(Illuminate/Http/Request))
#25 C:/Users/Lidiya Getale/Herd/immigrationknowhow/vendor/laravel/framework/src/Illuminate/Pipeline/Pipeline.php(209): Illuminate/Cookie/Middleware/AddQueuedCookiesToResponse->handle(Object(Illuminate/Http/Request), Object(Closure))
#26 C:/Users/Lidiya Getale/Herd/immigrationknowhow/vendor/laravel/framework/src/Illuminate/Cookie/Middleware/EncryptCookies.php(75): Illuminate/Pipeline/Pipeline->{closure:{closure:Illuminate/Pipeline/Pipeline::carry():184}:185}(Object(Illuminate/Http/Request))
#27 C:/Users/Lidiya Getale/Herd/immigrationknowhow/vendor/laravel/framework/src/Illuminate/Pipeline/Pipeline.php(209): Illuminate/Cookie/Middleware/EncryptCookies->handle(Object(Illuminate/Http/Request), Object(Closure))
#28 C:/Users/Lidiya Getale/Herd/immigrationknowhow/vendor/laravel/framework/src/Illuminate/Pipeline/Pipeline.php(127): Illuminate/Pipeline/Pipeline->{closure:{closure:Illuminate/Pipeline/Pipeline::carry():184}:185}(Object(Illuminate/Http/Request))
#29 C:/Users/Lidiya Getale/Herd/immigrationknowhow/vendor/laravel/framework/src/Illuminate/Routing/Router.php(807): Illuminate/Pipeline/Pipeline->then(Object(Closure))
#30 C:/Users/Lidiya Getale/Herd/immigrationknowhow/vendor/laravel/framework/src/Illuminate/Routing/Router.php(786): Illuminate/Routing/Router->runRouteWithinStack(Object(Illuminate/Routing/Route), Object(Illuminate/Http/Request))
#31 C:/Users/Lidiya Getale/Herd/immigrationknowhow/vendor/laravel/framework/src/Illuminate/Routing/Router.php(750): Illuminate/Routing/Router->runRoute(Object(Illuminate/Http/Request), Object(Illuminate/Routing/Route))
#32 C:/Users/Lidiya Getale/Herd/immigrationknowhow/vendor/laravel/framework/src/Illuminate/Routing/Router.php(739): Illuminate/Routing/Router->dispatchToRoute(Object(Illuminate/Http/Request))
#33 C:/Users/Lidiya Getale/Herd/immigrationknowhow/vendor/laravel/framework/src/Illuminate/Foundation/Http/Kernel.php(201): Illuminate/Routing/Router->dispatch(Object(Illuminate/Http/Request))
#34 C:/Users/Lidiya Getale/Herd/immigrationknowhow/vendor/laravel/framework/src/Illuminate/Pipeline/Pipeline.php(170): Illuminate/Foundation/Http/Kernel->{closure:Illuminate/Foundation/Http/Kernel::dispatchToRouter():198}(Object(Illuminate/Http/Request))
#35 C:/Users/Lidiya Getale/Herd/immigrationknowhow/vendor/laravel/framework/src/Illuminate/Foundation/Http/Middleware/TransformsRequest.php(21): Illuminate/Pipeline/Pipeline->{closure:Illuminate/Pipeline/Pipeline::prepareDestination():168}(Object(Illuminate/Http/Request))
#36 C:/Users/Lidiya Getale/Herd/immigrationknowhow/vendor/laravel/framework/src/Illuminate/Foundation/Http/Middleware/ConvertEmptyStringsToNull.php(31): Illuminate/Foundation/Http/Middleware/TransformsRequest->handle(Object(Illuminate/Http/Request), Object(Closure))
#37 C:/Users/Lidiya Getale/Herd/immigrationknowhow/vendor/laravel/framework/src/Illuminate/Pipeline/Pipeline.php(209): Illuminate/Foundation/Http/Middleware/ConvertEmptyStringsToNull->handle(Object(Illuminate/Http/Request), Object(Closure))
#38 C:/Users/Lidiya Getale/Herd/immigrationknowhow/vendor/laravel/framework/src/Illuminate/Foundation/Http/Middleware/TransformsRequest.php(21): Illuminate/Pipeline/Pipeline->{closure:{closure:Illuminate/Pipeline/Pipeline::carry():184}:185}(Object(Illuminate/Http/Request))
#39 C:/Users/Lidiya Getale/Herd/immigrationknowhow/vendor/laravel/framework/src/Illuminate/Foundation/Http/Middleware/TrimStrings.php(51): Illuminate/Foundation/Http/Middleware/TransformsRequest->handle(Object(Illuminate/Http/Request), Object(Closure))
#40 C:/Users/Lidiya Getale/Herd/immigrationknowhow/vendor/laravel/framework/src/Illuminate/Pipeline/Pipeline.php(209): Illuminate/Foundation/Http/Middleware/TrimStrings->handle(Object(Illuminate/Http/Request), Object(Closure))
#41 C:/Users/Lidiya Getale/Herd/immigrationknowhow/vendor/laravel/framework/src/Illuminate/Http/Middleware/ValidatePostSize.php(27): Illuminate/Pipeline/Pipeline->{closure:{closure:Illuminate/Pipeline/Pipeline::carry():184}:185}(Object(Illuminate/Http/Request))
#42 C:/Users/Lidiya Getale/Herd/immigrationknowhow/vendor/laravel/framework/src/Illuminate/Pipeline/Pipeline.php(209): Illuminate/Http/Middleware/ValidatePostSize->handle(Object(Illuminate/Http/Request), Object(Closure))
#43 C:/Users/Lidiya Getale/Herd/immigrationknowhow/vendor/laravel/framework/src/Illuminate/Foundation/Http/Middleware/PreventRequestsDuringMaintenance.php(110): Illuminate/Pipeline/Pipeline->{closure:{closure:Illuminate/Pipeline/Pipeline::carry():184}:185}(Object(Illuminate/Http/Request))
#44 C:/Users/Lidiya Getale/Herd/immigrationknowhow/vendor/laravel/framework/src/Illuminate/Pipeline/Pipeline.php(209): Illuminate/Foundation/Http/Middleware/PreventRequestsDuringMaintenance->handle(Object(Illuminate/Http/Request), Object(Closure))
#45 C:/Users/Lidiya Getale/Herd/immigrationknowhow/vendor/laravel/framework/src/Illuminate/Http/Middleware/HandleCors.php(49): Illuminate/Pipeline/Pipeline->{closure:{closure:Illuminate/Pipeline/Pipeline::carry():184}:185}(Object(Illuminate/Http/Request))
#46 C:/Users/Lidiya Getale/Herd/immigrationknowhow/vendor/laravel/framework/src/Illuminate/Pipeline/Pipeline.php(209): Illuminate/Http/Middleware/HandleCors->handle(Object(Illuminate/Http/Request), Object(Closure))
#47 C:/Users/Lidiya Getale/Herd/immigrationknowhow/vendor/laravel/framework/src/Illuminate/Http/Middleware/TrustProxies.php(58): Illuminate/Pipeline/Pipeline->{closure:{closure:Illuminate/Pipeline/Pipeline::carry():184}:185}(Object(Illuminate/Http/Request))
#48 C:/Users/Lidiya Getale/Herd/immigrationknowhow/vendor/laravel/framework/src/Illuminate/Pipeline/Pipeline.php(209): Illuminate/Http/Middleware/TrustProxies->handle(Object(Illuminate/Http/Request), Object(Closure))
#49 C:/Users/Lidiya Getale/Herd/immigrationknowhow/vendor/laravel/framework/src/Illuminate/Foundation/Http/Middleware/InvokeDeferredCallbacks.php(22): Illuminate/Pipeline/Pipeline->{closure:{closure:Illuminate/Pipeline/Pipeline::carry():184}:185}(Object(Illuminate/Http/Request))
#50 C:/Users/Lidiya Getale/Herd/immigrationknowhow/vendor/laravel/framework/src/Illuminate/Pipeline/Pipeline.php(209): Illuminate/Foundation/Http/Middleware/InvokeDeferredCallbacks->handle(Object(Illuminate/Http/Request), Object(Closure))
#51 C:/Users/Lidiya Getale/Herd/immigrationknowhow/vendor/laravel/framework/src/Illuminate/Pipeline/Pipeline.php(127): Illuminate/Pipeline/Pipeline->{closure:{closure:Illuminate/Pipeline/Pipeline::carry():184}:185}(Object(Illuminate/Http/Request))
#52 C:/Users/Lidiya Getale/Herd/immigrationknowhow/vendor/laravel/framework/src/Illuminate/Foundation/Http/Kernel.php(176): Illuminate/Pipeline/Pipeline->then(Object(Closure))
#53 C:/Users/Lidiya Getale/Herd/immigrationknowhow/vendor/laravel/framework/src/Illuminate/Foundation/Http/Kernel.php(145): Illuminate/Foundation/Http/Kernel->sendRequestThroughRouter(Object(Illuminate/Http/Request))
#54 C:/Users/Lidiya Getale/Herd/immigrationknowhow/vendor/laravel/framework/src/Illuminate/Foundation/Application.php(1220): Illuminate/Foundation/Http/Kernel->handle(Object(Illuminate/Http/Request))
#55 C:/Users/Lidiya Getale/Herd/immigrationknowhow/public/index.php(17): Illuminate/Foundation/Application->handleRequest(Object(Illuminate/Http/Request))
#56 C:/Program Files/Herd/resources/app.asar.unpacked/resources/valet/server.php(139): require('C://Users//Lidiya...')
#57 {main}
"} 
[2026-04-10 16:08:28] local.ERROR: SQLSTATE[42S22]: Column not found: 1054 Unknown column 'primary_service_type' in 'field list' (Connection: mysql, SQL: update `service_providers` set `is_verified` = 0, `primary_service_type` = education_consultant, `verified_by` = ?, `service_providers`.`updated_at` = 2026-04-10 16:08:28 where `id` = 17) {"userId":48,"exception":"[object] (Illuminate\\Database\\QueryException(code: 42S22): SQLSTATE[42S22]: Column not found: 1054 Unknown column 'primary_service_type' in 'field list' (Connection: mysql, SQL: update `service_providers` set `is_verified` = 0, `primary_service_type` = education_consultant, `verified_by` = ?, `service_providers`.`updated_at` = 2026-04-10 16:08:28 where `id` = 17) at C:/Users/Lidiya Getale/Herd/immigrationknowhow/vendor/laravel/framework/src/Illuminate/Database/Connection.php:825)
[stacktrace]
#0 C:/Users/Lidiya Getale/Herd/immigrationknowhow/vendor/laravel/framework/src/Illuminate/Database/Connection.php(779): Illuminate/Database/Connection->runQueryCallback('update `service...', Array, Object(Closure))
#1 C:/Users/Lidiya Getale/Herd/immigrationknowhow/vendor/laravel/framework/src/Illuminate/Database/Connection.php(584): Illuminate/Database/Connection->run('update `service...', Array, Object(Closure))
#2 C:/Users/Lidiya Getale/Herd/immigrationknowhow/vendor/laravel/framework/src/Illuminate/Database/Connection.php(536): Illuminate/Database/Connection->affectingStatement('update `service...', Array)
#3 C:/Users/Lidiya Getale/Herd/immigrationknowhow/vendor/laravel/framework/src/Illuminate/Database/Query/Builder.php(3830): Illuminate/Database/Connection->update('update `service...', Array)
#4 C:/Users/Lidiya Getale/Herd/immigrationknowhow/vendor/laravel/framework/src/Illuminate/Database/Eloquent/Builder.php(1175): Illuminate/Database/Query/Builder->update(Object(Illuminate/Support/Collection))
#5 C:/Users/Lidiya Getale/Herd/immigrationknowhow/vendor/laravel/framework/src/Illuminate/Database/Eloquent/Model.php(1239): Illuminate/Database/Eloquent/Builder->update(Array)
#6 C:/Users/Lidiya Getale/Herd/immigrationknowhow/vendor/laravel/framework/src/Illuminate/Database/Eloquent/Model.php(1156): Illuminate/Database/Eloquent/Model->performUpdate(Object(Illuminate/Database/Eloquent/Builder))
#7 C:/Users/Lidiya Getale/Herd/immigrationknowhow/vendor/laravel/framework/src/Illuminate/Database/Eloquent/Model.php(1014): Illuminate/Database/Eloquent/Model->save(Array)
#8 C:/Users/Lidiya Getale/Herd/immigrationknowhow/app/Http/Controllers/Admin/ProviderController.php(108): Illuminate/Database/Eloquent/Model->update(Array)
#9 C:/Users/Lidiya Getale/Herd/immigrationknowhow/vendor/laravel/framework/src/Illuminate/Routing/ControllerDispatcher.php(47): App/Http/Controllers/Admin/ProviderController->update(Object(Illuminate/Http/Request), Object(App/Models/ServiceProvider))
#10 C:/Users/Lidiya Getale/Herd/immigrationknowhow/vendor/laravel/framework/src/Illuminate/Routing/Route.php(266): Illuminate/Routing/ControllerDispatcher->dispatch(Object(Illuminate/Routing/Route), Object(App/Http/Controllers/Admin/ProviderController), 'update')
#11 C:/Users/Lidiya Getale/Herd/immigrationknowhow/vendor/laravel/framework/src/Illuminate/Routing/Route.php(212): Illuminate/Routing/Route->runController()
#12 C:/Users/Lidiya Getale/Herd/immigrationknowhow/vendor/laravel/framework/src/Illuminate/Routing/Router.php(808): Illuminate/Routing/Route->run()
#13 C:/Users/Lidiya Getale/Herd/immigrationknowhow/vendor/laravel/framework/src/Illuminate/Pipeline/Pipeline.php(170): Illuminate/Routing/Router->{closure:Illuminate/Routing/Router::runRouteWithinStack():807}(Object(Illuminate/Http/Request))
#14 C:/Users/Lidiya Getale/Herd/immigrationknowhow/app/Http/Middleware/EnsureOnboardingComplete.php(30): Illuminate/Pipeline/Pipeline->{closure:Illuminate/Pipeline/Pipeline::prepareDestination():168}(Object(Illuminate/Http/Request))
#15 C:/Users/Lidiya Getale/Herd/immigrationknowhow/vendor/laravel/framework/src/Illuminate/Pipeline/Pipeline.php(209): App/Http/Middleware/EnsureOnboardingComplete->handle(Object(Illuminate/Http/Request), Object(Closure))
#16 C:/Users/Lidiya Getale/Herd/immigrationknowhow/vendor/spatie/laravel-permission/src/Middleware/RoleMiddleware.php(37): Illuminate/Pipeline/Pipeline->{closure:{closure:Illuminate/Pipeline/Pipeline::carry():184}:185}(Object(Illuminate/Http/Request))
#17 C:/Users/Lidiya Getale/Herd/immigrationknowhow/vendor/laravel/framework/src/Illuminate/Pipeline/Pipeline.php(209): Spatie/Permission/Middleware/RoleMiddleware->handle(Object(Illuminate/Http/Request), Object(Closure), 'admin|super_adm...')
#18 C:/Users/Lidiya Getale/Herd/immigrationknowhow/vendor/inertiajs/inertia-laravel/src/Middleware.php(87): Illuminate/Pipeline/Pipeline->{closure:{closure:Illuminate/Pipeline/Pipeline::carry():184}:185}(Object(Illuminate/Http/Request))
#19 C:/Users/Lidiya Getale/Herd/immigrationknowhow/vendor/laravel/framework/src/Illuminate/Pipeline/Pipeline.php(209): Inertia/Middleware->handle(Object(Illuminate/Http/Request), Object(Closure))
#20 C:/Users/Lidiya Getale/Herd/immigrationknowhow/vendor/laravel/framework/src/Illuminate/Routing/Middleware/SubstituteBindings.php(51): Illuminate/Pipeline/Pipeline->{closure:{closure:Illuminate/Pipeline/Pipeline::carry():184}:185}(Object(Illuminate/Http/Request))
#21 C:/Users/Lidiya Getale/Herd/immigrationknowhow/vendor/laravel/framework/src/Illuminate/Pipeline/Pipeline.php(209): Illuminate/Routing/Middleware/SubstituteBindings->handle(Object(Illuminate/Http/Request), Object(Closure))
#22 C:/Users/Lidiya Getale/Herd/immigrationknowhow/vendor/laravel/framework/src/Illuminate/Auth/Middleware/Authenticate.php(64): Illuminate/Pipeline/Pipeline->{closure:{closure:Illuminate/Pipeline/Pipeline::carry():184}:185}(Object(Illuminate/Http/Request))
#23 C:/Users/Lidiya Getale/Herd/immigrationknowhow/vendor/laravel/framework/src/Illuminate/Pipeline/Pipeline.php(209): Illuminate/Auth/Middleware/Authenticate->handle(Object(Illuminate/Http/Request), Object(Closure))
#24 C:/Users/Lidiya Getale/Herd/immigrationknowhow/vendor/laravel/framework/src/Illuminate/Foundation/Http/Middleware/VerifyCsrfToken.php(88): Illuminate/Pipeline/Pipeline->{closure:{closure:Illuminate/Pipeline/Pipeline::carry():184}:185}(Object(Illuminate/Http/Request))
#25 C:/Users/Lidiya Getale/Herd/immigrationknowhow/vendor/laravel/framework/src/Illuminate/Pipeline/Pipeline.php(209): Illuminate/Foundation/Http/Middleware/VerifyCsrfToken->handle(Object(Illuminate/Http/Request), Object(Closure))
#26 C:/Users/Lidiya Getale/Herd/immigrationknowhow/vendor/laravel/framework/src/Illuminate/View/Middleware/ShareErrorsFromSession.php(49): Illuminate/Pipeline/Pipeline->{closure:{closure:Illuminate/Pipeline/Pipeline::carry():184}:185}(Object(Illuminate/Http/Request))
#27 C:/Users/Lidiya Getale/Herd/immigrationknowhow/vendor/laravel/framework/src/Illuminate/Pipeline/Pipeline.php(209): Illuminate/View/Middleware/ShareErrorsFromSession->handle(Object(Illuminate/Http/Request), Object(Closure))
#28 C:/Users/Lidiya Getale/Herd/immigrationknowhow/vendor/laravel/framework/src/Illuminate/Session/Middleware/StartSession.php(121): Illuminate/Pipeline/Pipeline->{closure:{closure:Illuminate/Pipeline/Pipeline::carry():184}:185}(Object(Illuminate/Http/Request))
#29 C:/Users/Lidiya Getale/Herd/immigrationknowhow/vendor/laravel/framework/src/Illuminate/Session/Middleware/StartSession.php(64): Illuminate/Session/Middleware/StartSession->handleStatefulRequest(Object(Illuminate/Http/Request), Object(Illuminate/Session/Store), Object(Closure))
#30 C:/Users/Lidiya Getale/Herd/immigrationknowhow/vendor/laravel/framework/src/Illuminate/Pipeline/Pipeline.php(209): Illuminate/Session/Middleware/StartSession->handle(Object(Illuminate/Http/Request), Object(Closure))
#31 C:/Users/Lidiya Getale/Herd/immigrationknowhow/vendor/laravel/framework/src/Illuminate/Cookie/Middleware/AddQueuedCookiesToResponse.php(37): Illuminate/Pipeline/Pipeline->{closure:{closure:Illuminate/Pipeline/Pipeline::carry():184}:185}(Object(Illuminate/Http/Request))
#32 C:/Users/Lidiya Getale/Herd/immigrationknowhow/vendor/laravel/framework/src/Illuminate/Pipeline/Pipeline.php(209): Illuminate/Cookie/Middleware/AddQueuedCookiesToResponse->handle(Object(Illuminate/Http/Request), Object(Closure))
#33 C:/Users/Lidiya Getale/Herd/immigrationknowhow/vendor/laravel/framework/src/Illuminate/Cookie/Middleware/EncryptCookies.php(75): Illuminate/Pipeline/Pipeline->{closure:{closure:Illuminate/Pipeline/Pipeline::carry():184}:185}(Object(Illuminate/Http/Request))
#34 C:/Users/Lidiya Getale/Herd/immigrationknowhow/vendor/laravel/framework/src/Illuminate/Pipeline/Pipeline.php(209): Illuminate/Cookie/Middleware/EncryptCookies->handle(Object(Illuminate/Http/Request), Object(Closure))
#35 C:/Users/Lidiya Getale/Herd/immigrationknowhow/vendor/laravel/framework/src/Illuminate/Pipeline/Pipeline.php(127): Illuminate/Pipeline/Pipeline->{closure:{closure:Illuminate/Pipeline/Pipeline::carry():184}:185}(Object(Illuminate/Http/Request))
#36 C:/Users/Lidiya Getale/Herd/immigrationknowhow/vendor/laravel/framework/src/Illuminate/Routing/Router.php(807): Illuminate/Pipeline/Pipeline->then(Object(Closure))
#37 C:/Users/Lidiya Getale/Herd/immigrationknowhow/vendor/laravel/framework/src/Illuminate/Routing/Router.php(786): Illuminate/Routing/Router->runRouteWithinStack(Object(Illuminate/Routing/Route), Object(Illuminate/Http/Request))
#38 C:/Users/Lidiya Getale/Herd/immigrationknowhow/vendor/laravel/framework/src/Illuminate/Routing/Router.php(750): Illuminate/Routing/Router->runRoute(Object(Illuminate/Http/Request), Object(Illuminate/Routing/Route))
#39 C:/Users/Lidiya Getale/Herd/immigrationknowhow/vendor/laravel/framework/src/Illuminate/Routing/Router.php(739): Illuminate/Routing/Router->dispatchToRoute(Object(Illuminate/Http/Request))
#40 C:/Users/Lidiya Getale/Herd/immigrationknowhow/vendor/laravel/framework/src/Illuminate/Foundation/Http/Kernel.php(201): Illuminate/Routing/Router->dispatch(Object(Illuminate/Http/Request))
#41 C:/Users/Lidiya Getale/Herd/immigrationknowhow/vendor/laravel/framework/src/Illuminate/Pipeline/Pipeline.php(170): Illuminate/Foundation/Http/Kernel->{closure:Illuminate/Foundation/Http/Kernel::dispatchToRouter():198}(Object(Illuminate/Http/Request))
#42 C:/Users/Lidiya Getale/Herd/immigrationknowhow/vendor/laravel/framework/src/Illuminate/Foundation/Http/Middleware/TransformsRequest.php(21): Illuminate/Pipeline/Pipeline->{closure:Illuminate/Pipeline/Pipeline::prepareDestination():168}(Object(Illuminate/Http/Request))
#43 C:/Users/Lidiya Getale/Herd/immigrationknowhow/vendor/laravel/framework/src/Illuminate/Foundation/Http/Middleware/ConvertEmptyStringsToNull.php(31): Illuminate/Foundation/Http/Middleware/TransformsRequest->handle(Object(Illuminate/Http/Request), Object(Closure))
#44 C:/Users/Lidiya Getale/Herd/immigrationknowhow/vendor/laravel/framework/src/Illuminate/Pipeline/Pipeline.php(209): Illuminate/Foundation/Http/Middleware/ConvertEmptyStringsToNull->handle(Object(Illuminate/Http/Request), Object(Closure))
#45 C:/Users/Lidiya Getale/Herd/immigrationknowhow/vendor/laravel/framework/src/Illuminate/Foundation/Http/Middleware/TransformsRequest.php(21): Illuminate/Pipeline/Pipeline->{closure:{closure:Illuminate/Pipeline/Pipeline::carry():184}:185}(Object(Illuminate/Http/Request))
#46 C:/Users/Lidiya Getale/Herd/immigrationknowhow/vendor/laravel/framework/src/Illuminate/Foundation/Http/Middleware/TrimStrings.php(51): Illuminate/Foundation/Http/Middleware/TransformsRequest->handle(Object(Illuminate/Http/Request), Object(Closure))
#47 C:/Users/Lidiya Getale/Herd/immigrationknowhow/vendor/laravel/framework/src/Illuminate/Pipeline/Pipeline.php(209): Illuminate/Foundation/Http/Middleware/TrimStrings->handle(Object(Illuminate/Http/Request), Object(Closure))
#48 C:/Users/Lidiya Getale/Herd/immigrationknowhow/vendor/laravel/framework/src/Illuminate/Http/Middleware/ValidatePostSize.php(27): Illuminate/Pipeline/Pipeline->{closure:{closure:Illuminate/Pipeline/Pipeline::carry():184}:185}(Object(Illuminate/Http/Request))
#49 C:/Users/Lidiya Getale/Herd/immigrationknowhow/vendor/laravel/framework/src/Illuminate/Pipeline/Pipeline.php(209): Illuminate/Http/Middleware/ValidatePostSize->handle(Object(Illuminate/Http/Request), Object(Closure))
#50 C:/Users/Lidiya Getale/Herd/immigrationknowhow/vendor/laravel/framework/src/Illuminate/Foundation/Http/Middleware/PreventRequestsDuringMaintenance.php(110): Illuminate/Pipeline/Pipeline->{closure:{closure:Illuminate/Pipeline/Pipeline::carry():184}:185}(Object(Illuminate/Http/Request))
#51 C:/Users/Lidiya Getale/Herd/immigrationknowhow/vendor/laravel/framework/src/Illuminate/Pipeline/Pipeline.php(209): Illuminate/Foundation/Http/Middleware/PreventRequestsDuringMaintenance->handle(Object(Illuminate/Http/Request), Object(Closure))
#52 C:/Users/Lidiya Getale/Herd/immigrationknowhow/vendor/laravel/framework/src/Illuminate/Http/Middleware/HandleCors.php(49): Illuminate/Pipeline/Pipeline->{closure:{closure:Illuminate/Pipeline/Pipeline::carry():184}:185}(Object(Illuminate/Http/Request))
#53 C:/Users/Lidiya Getale/Herd/immigrationknowhow/vendor/laravel/framework/src/Illuminate/Pipeline/Pipeline.php(209): Illuminate/Http/Middleware/HandleCors->handle(Object(Illuminate/Http/Request), Object(Closure))
#54 C:/Users/Lidiya Getale/Herd/immigrationknowhow/vendor/laravel/framework/src/Illuminate/Http/Middleware/TrustProxies.php(58): Illuminate/Pipeline/Pipeline->{closure:{closure:Illuminate/Pipeline/Pipeline::carry():184}:185}(Object(Illuminate/Http/Request))
#55 C:/Users/Lidiya Getale/Herd/immigrationknowhow/vendor/laravel/framework/src/Illuminate/Pipeline/Pipeline.php(209): Illuminate/Http/Middleware/TrustProxies->handle(Object(Illuminate/Http/Request), Object(Closure))
#56 C:/Users/Lidiya Getale/Herd/immigrationknowhow/vendor/laravel/framework/src/Illuminate/Foundation/Http/Middleware/InvokeDeferredCallbacks.php(22): Illuminate/Pipeline/Pipeline->{closure:{closure:Illuminate/Pipeline/Pipeline::carry():184}:185}(Object(Illuminate/Http/Request))
#57 C:/Users/Lidiya Getale/Herd/immigrationknowhow/vendor/laravel/framework/src/Illuminate/Pipeline/Pipeline.php(209): Illuminate/Foundation/Http/Middleware/InvokeDeferredCallbacks->handle(Object(Illuminate/Http/Request), Object(Closure))
#58 C:/Users/Lidiya Getale/Herd/immigrationknowhow/vendor/laravel/framework/src/Illuminate/Pipeline/Pipeline.php(127): Illuminate/Pipeline/Pipeline->{closure:{closure:Illuminate/Pipeline/Pipeline::carry():184}:185}(Object(Illuminate/Http/Request))
#59 C:/Users/Lidiya Getale/Herd/immigrationknowhow/vendor/laravel/framework/src/Illuminate/Foundation/Http/Kernel.php(176): Illuminate/Pipeline/Pipeline->then(Object(Closure))
#60 C:/Users/Lidiya Getale/Herd/immigrationknowhow/vendor/laravel/framework/src/Illuminate/Foundation/Http/Kernel.php(145): Illuminate/Foundation/Http/Kernel->sendRequestThroughRouter(Object(Illuminate/Http/Request))
#61 C:/Users/Lidiya Getale/Herd/immigrationknowhow/vendor/laravel/framework/src/Illuminate/Foundation/Application.php(1220): Illuminate/Foundation/Http/Kernel->handle(Object(Illuminate/Http/Request))
#62 C:/Users/Lidiya Getale/Herd/immigrationknowhow/public/index.php(17): Illuminate/Foundation/Application->handleRequest(Object(Illuminate/Http/Request))
#63 C:/Program Files/Herd/resources/app.asar.unpacked/resources/valet/server.php(139): require('C://Users//Lidiya...')
#64 {main}

[previous exception] [object] (PDOException(code: 42S22): SQLSTATE[42S22]: Column not found: 1054 Unknown column 'primary_service_type' in 'field list' at C:/Users/Lidiya Getale/Herd/immigrationknowhow/vendor/laravel/framework/src/Illuminate/Database/Connection.php:592)
[stacktrace]
#0 C:/Users/Lidiya Getale/Herd/immigrationknowhow/vendor/laravel/framework/src/Illuminate/Database/Connection.php(592): PDO->prepare('update `service...')
#1 C:/Users/Lidiya Getale/Herd/immigrationknowhow/vendor/laravel/framework/src/Illuminate/Database/Connection.php(812): Illuminate/Database/Connection->{closure:Illuminate/Database/Connection::affectingStatement():584}('update `service...', Array)
#2 C:/Users/Lidiya Getale/Herd/immigrationknowhow/vendor/laravel/framework/src/Illuminate/Database/Connection.php(779): Illuminate/Database/Connection->runQueryCallback('update `service...', Array, Object(Closure))
#3 C:/Users/Lidiya Getale/Herd/immigrationknowhow/vendor/laravel/framework/src/Illuminate/Database/Connection.php(584): Illuminate/Database/Connection->run('update `service...', Array, Object(Closure))
#4 C:/Users/Lidiya Getale/Herd/immigrationknowhow/vendor/laravel/framework/src/Illuminate/Database/Connection.php(536): Illuminate/Database/Connection->affectingStatement('update `service...', Array)
#5 C:/Users/Lidiya Getale/Herd/immigrationknowhow/vendor/laravel/framework/src/Illuminate/Database/Query/Builder.php(3830): Illuminate/Database/Connection->update('update `service...', Array)
#6 C:/Users/Lidiya Getale/Herd/immigrationknowhow/vendor/laravel/framework/src/Illuminate/Database/Eloquent/Builder.php(1175): Illuminate/Database/Query/Builder->update(Object(Illuminate/Support/Collection))
#7 C:/Users/Lidiya Getale/Herd/immigrationknowhow/vendor/laravel/framework/src/Illuminate/Database/Eloquent/Model.php(1239): Illuminate/Database/Eloquent/Builder->update(Array)
#8 C:/Users/Lidiya Getale/Herd/immigrationknowhow/vendor/laravel/framework/src/Illuminate/Database/Eloquent/Model.php(1156): Illuminate/Database/Eloquent/Model->performUpdate(Object(Illuminate/Database/Eloquent/Builder))
#9 C:/Users/Lidiya Getale/Herd/immigrationknowhow/vendor/laravel/framework/src/Illuminate/Database/Eloquent/Model.php(1014): Illuminate/Database/Eloquent/Model->save(Array)
#10 C:/Users/Lidiya Getale/Herd/immigrationknowhow/app/Http/Controllers/Admin/ProviderController.php(108): Illuminate/Database/Eloquent/Model->update(Array)
#11 C:/Users/Lidiya Getale/Herd/immigrationknowhow/vendor/laravel/framework/src/Illuminate/Routing/ControllerDispatcher.php(47): App/Http/Controllers/Admin/ProviderController->update(Object(Illuminate/Http/Request), Object(App/Models/ServiceProvider))
#12 C:/Users/Lidiya Getale/Herd/immigrationknowhow/vendor/laravel/framework/src/Illuminate/Routing/Route.php(266): Illuminate/Routing/ControllerDispatcher->dispatch(Object(Illuminate/Routing/Route), Object(App/Http/Controllers/Admin/ProviderController), 'update')
#13 C:/Users/Lidiya Getale/Herd/immigrationknowhow/vendor/laravel/framework/src/Illuminate/Routing/Route.php(212): Illuminate/Routing/Route->runController()
#14 C:/Users/Lidiya Getale/Herd/immigrationknowhow/vendor/laravel/framework/src/Illuminate/Routing/Router.php(808): Illuminate/Routing/Route->run()
#15 C:/Users/Lidiya Getale/Herd/immigrationknowhow/vendor/laravel/framework/src/Illuminate/Pipeline/Pipeline.php(170): Illuminate/Routing/Router->{closure:Illuminate/Routing/Router::runRouteWithinStack():807}(Object(Illuminate/Http/Request))
#16 C:/Users/Lidiya Getale/Herd/immigrationknowhow/app/Http/Middleware/EnsureOnboardingComplete.php(30): Illuminate/Pipeline/Pipeline->{closure:Illuminate/Pipeline/Pipeline::prepareDestination():168}(Object(Illuminate/Http/Request))
#17 C:/Users/Lidiya Getale/Herd/immigrationknowhow/vendor/laravel/framework/src/Illuminate/Pipeline/Pipeline.php(209): App/Http/Middleware/EnsureOnboardingComplete->handle(Object(Illuminate/Http/Request), Object(Closure))
#18 C:/Users/Lidiya Getale/Herd/immigrationknowhow/vendor/spatie/laravel-permission/src/Middleware/RoleMiddleware.php(37): Illuminate/Pipeline/Pipeline->{closure:{closure:Illuminate/Pipeline/Pipeline::carry():184}:185}(Object(Illuminate/Http/Request))
#19 C:/Users/Lidiya Getale/Herd/immigrationknowhow/vendor/laravel/framework/src/Illuminate/Pipeline/Pipeline.php(209): Spatie/Permission/Middleware/RoleMiddleware->handle(Object(Illuminate/Http/Request), Object(Closure), 'admin|super_adm...')
#20 C:/Users/Lidiya Getale/Herd/immigrationknowhow/vendor/inertiajs/inertia-laravel/src/Middleware.php(87): Illuminate/Pipeline/Pipeline->{closure:{closure:Illuminate/Pipeline/Pipeline::carry():184}:185}(Object(Illuminate/Http/Request))
#21 C:/Users/Lidiya Getale/Herd/immigrationknowhow/vendor/laravel/framework/src/Illuminate/Pipeline/Pipeline.php(209): Inertia/Middleware->handle(Object(Illuminate/Http/Request), Object(Closure))
#22 C:/Users/Lidiya Getale/Herd/immigrationknowhow/vendor/laravel/framework/src/Illuminate/Routing/Middleware/SubstituteBindings.php(51): Illuminate/Pipeline/Pipeline->{closure:{closure:Illuminate/Pipeline/Pipeline::carry():184}:185}(Object(Illuminate/Http/Request))
#23 C:/Users/Lidiya Getale/Herd/immigrationknowhow/vendor/laravel/framework/src/Illuminate/Pipeline/Pipeline.php(209): Illuminate/Routing/Middleware/SubstituteBindings->handle(Object(Illuminate/Http/Request), Object(Closure))
#24 C:/Users/Lidiya Getale/Herd/immigrationknowhow/vendor/laravel/framework/src/Illuminate/Auth/Middleware/Authenticate.php(64): Illuminate/Pipeline/Pipeline->{closure:{closure:Illuminate/Pipeline/Pipeline::carry():184}:185}(Object(Illuminate/Http/Request))
#25 C:/Users/Lidiya Getale/Herd/immigrationknowhow/vendor/laravel/framework/src/Illuminate/Pipeline/Pipeline.php(209): Illuminate/Auth/Middleware/Authenticate->handle(Object(Illuminate/Http/Request), Object(Closure))
#26 C:/Users/Lidiya Getale/Herd/immigrationknowhow/vendor/laravel/framework/src/Illuminate/Foundation/Http/Middleware/VerifyCsrfToken.php(88): Illuminate/Pipeline/Pipeline->{closure:{closure:Illuminate/Pipeline/Pipeline::carry():184}:185}(Object(Illuminate/Http/Request))
#27 C:/Users/Lidiya Getale/Herd/immigrationknowhow/vendor/laravel/framework/src/Illuminate/Pipeline/Pipeline.php(209): Illuminate/Foundation/Http/Middleware/VerifyCsrfToken->handle(Object(Illuminate/Http/Request), Object(Closure))
#28 C:/Users/Lidiya Getale/Herd/immigrationknowhow/vendor/laravel/framework/src/Illuminate/View/Middleware/ShareErrorsFromSession.php(49): Illuminate/Pipeline/Pipeline->{closure:{closure:Illuminate/Pipeline/Pipeline::carry():184}:185}(Object(Illuminate/Http/Request))
#29 C:/Users/Lidiya Getale/Herd/immigrationknowhow/vendor/laravel/framework/src/Illuminate/Pipeline/Pipeline.php(209): Illuminate/View/Middleware/ShareErrorsFromSession->handle(Object(Illuminate/Http/Request), Object(Closure))
#30 C:/Users/Lidiya Getale/Herd/immigrationknowhow/vendor/laravel/framework/src/Illuminate/Session/Middleware/StartSession.php(121): Illuminate/Pipeline/Pipeline->{closure:{closure:Illuminate/Pipeline/Pipeline::carry():184}:185}(Object(Illuminate/Http/Request))
#31 C:/Users/Lidiya Getale/Herd/immigrationknowhow/vendor/laravel/framework/src/Illuminate/Session/Middleware/StartSession.php(64): Illuminate/Session/Middleware/StartSession->handleStatefulRequest(Object(Illuminate/Http/Request), Object(Illuminate/Session/Store), Object(Closure))
#32 C:/Users/Lidiya Getale/Herd/immigrationknowhow/vendor/laravel/framework/src/Illuminate/Pipeline/Pipeline.php(209): Illuminate/Session/Middleware/StartSession->handle(Object(Illuminate/Http/Request), Object(Closure))
#33 C:/Users/Lidiya Getale/Herd/immigrationknowhow/vendor/laravel/framework/src/Illuminate/Cookie/Middleware/AddQueuedCookiesToResponse.php(37): Illuminate/Pipeline/Pipeline->{closure:{closure:Illuminate/Pipeline/Pipeline::carry():184}:185}(Object(Illuminate/Http/Request))
#34 C:/Users/Lidiya Getale/Herd/immigrationknowhow/vendor/laravel/framework/src/Illuminate/Pipeline/Pipeline.php(209): Illuminate/Cookie/Middleware/AddQueuedCookiesToResponse->handle(Object(Illuminate/Http/Request), Object(Closure))
#35 C:/Users/Lidiya Getale/Herd/immigrationknowhow/vendor/laravel/framework/src/Illuminate/Cookie/Middleware/EncryptCookies.php(75): Illuminate/Pipeline/Pipeline->{closure:{closure:Illuminate/Pipeline/Pipeline::carry():184}:185}(Object(Illuminate/Http/Request))
#36 C:/Users/Lidiya Getale/Herd/immigrationknowhow/vendor/laravel/framework/src/Illuminate/Pipeline/Pipeline.php(209): Illuminate/Cookie/Middleware/EncryptCookies->handle(Object(Illuminate/Http/Request), Object(Closure))
#37 C:/Users/Lidiya Getale/Herd/immigrationknowhow/vendor/laravel/framework/src/Illuminate/Pipeline/Pipeline.php(127): Illuminate/Pipeline/Pipeline->{closure:{closure:Illuminate/Pipeline/Pipeline::carry():184}:185}(Object(Illuminate/Http/Request))
#38 C:/Users/Lidiya Getale/Herd/immigrationknowhow/vendor/laravel/framework/src/Illuminate/Routing/Router.php(807): Illuminate/Pipeline/Pipeline->then(Object(Closure))
#39 C:/Users/Lidiya Getale/Herd/immigrationknowhow/vendor/laravel/framework/src/Illuminate/Routing/Router.php(786): Illuminate/Routing/Router->runRouteWithinStack(Object(Illuminate/Routing/Route), Object(Illuminate/Http/Request))
#40 C:/Users/Lidiya Getale/Herd/immigrationknowhow/vendor/laravel/framework/src/Illuminate/Routing/Router.php(750): Illuminate/Routing/Router->runRoute(Object(Illuminate/Http/Request), Object(Illuminate/Routing/Route))
#41 C:/Users/Lidiya Getale/Herd/immigrationknowhow/vendor/laravel/framework/src/Illuminate/Routing/Router.php(739): Illuminate/Routing/Router->dispatchToRoute(Object(Illuminate/Http/Request))
#42 C:/Users/Lidiya Getale/Herd/immigrationknowhow/vendor/laravel/framework/src/Illuminate/Foundation/Http/Kernel.php(201): Illuminate/Routing/Router->dispatch(Object(Illuminate/Http/Request))
#43 C:/Users/Lidiya Getale/Herd/immigrationknowhow/vendor/laravel/framework/src/Illuminate/Pipeline/Pipeline.php(170): Illuminate/Foundation/Http/Kernel->{closure:Illuminate/Foundation/Http/Kernel::dispatchToRouter():198}(Object(Illuminate/Http/Request))
#44 C:/Users/Lidiya Getale/Herd/immigrationknowhow/vendor/laravel/framework/src/Illuminate/Foundation/Http/Middleware/TransformsRequest.php(21): Illuminate/Pipeline/Pipeline->{closure:Illuminate/Pipeline/Pipeline::prepareDestination():168}(Object(Illuminate/Http/Request))
#45 C:/Users/Lidiya Getale/Herd/immigrationknowhow/vendor/laravel/framework/src/Illuminate/Foundation/Http/Middleware/ConvertEmptyStringsToNull.php(31): Illuminate/Foundation/Http/Middleware/TransformsRequest->handle(Object(Illuminate/Http/Request), Object(Closure))
#46 C:/Users/Lidiya Getale/Herd/immigrationknowhow/vendor/laravel/framework/src/Illuminate/Pipeline/Pipeline.php(209): Illuminate/Foundation/Http/Middleware/ConvertEmptyStringsToNull->handle(Object(Illuminate/Http/Request), Object(Closure))
#47 C:/Users/Lidiya Getale/Herd/immigrationknowhow/vendor/laravel/framework/src/Illuminate/Foundation/Http/Middleware/TransformsRequest.php(21): Illuminate/Pipeline/Pipeline->{closure:{closure:Illuminate/Pipeline/Pipeline::carry():184}:185}(Object(Illuminate/Http/Request))
#48 C:/Users/Lidiya Getale/Herd/immigrationknowhow/vendor/laravel/framework/src/Illuminate/Foundation/Http/Middleware/TrimStrings.php(51): Illuminate/Foundation/Http/Middleware/TransformsRequest->handle(Object(Illuminate/Http/Request), Object(Closure))
#49 C:/Users/Lidiya Getale/Herd/immigrationknowhow/vendor/laravel/framework/src/Illuminate/Pipeline/Pipeline.php(209): Illuminate/Foundation/Http/Middleware/TrimStrings->handle(Object(Illuminate/Http/Request), Object(Closure))
#50 C:/Users/Lidiya Getale/Herd/immigrationknowhow/vendor/laravel/framework/src/Illuminate/Http/Middleware/ValidatePostSize.php(27): Illuminate/Pipeline/Pipeline->{closure:{closure:Illuminate/Pipeline/Pipeline::carry():184}:185}(Object(Illuminate/Http/Request))
#51 C:/Users/Lidiya Getale/Herd/immigrationknowhow/vendor/laravel/framework/src/Illuminate/Pipeline/Pipeline.php(209): Illuminate/Http/Middleware/ValidatePostSize->handle(Object(Illuminate/Http/Request), Object(Closure))
#52 C:/Users/Lidiya Getale/Herd/immigrationknowhow/vendor/laravel/framework/src/Illuminate/Foundation/Http/Middleware/PreventRequestsDuringMaintenance.php(110): Illuminate/Pipeline/Pipeline->{closure:{closure:Illuminate/Pipeline/Pipeline::carry():184}:185}(Object(Illuminate/Http/Request))
#53 C:/Users/Lidiya Getale/Herd/immigrationknowhow/vendor/laravel/framework/src/Illuminate/Pipeline/Pipeline.php(209): Illuminate/Foundation/Http/Middleware/PreventRequestsDuringMaintenance->handle(Object(Illuminate/Http/Request), Object(Closure))
#54 C:/Users/Lidiya Getale/Herd/immigrationknowhow/vendor/laravel/framework/src/Illuminate/Http/Middleware/HandleCors.php(49): Illuminate/Pipeline/Pipeline->{closure:{closure:Illuminate/Pipeline/Pipeline::carry():184}:185}(Object(Illuminate/Http/Request))
#55 C:/Users/Lidiya Getale/Herd/immigrationknowhow/vendor/laravel/framework/src/Illuminate/Pipeline/Pipeline.php(209): Illuminate/Http/Middleware/HandleCors->handle(Object(Illuminate/Http/Request), Object(Closure))
#56 C:/Users/Lidiya Getale/Herd/immigrationknowhow/vendor/laravel/framework/src/Illuminate/Http/Middleware/TrustProxies.php(58): Illuminate/Pipeline/Pipeline->{closure:{closure:Illuminate/Pipeline/Pipeline::carry():184}:185}(Object(Illuminate/Http/Request))
#57 C:/Users/Lidiya Getale/Herd/immigrationknowhow/vendor/laravel/framework/src/Illuminate/Pipeline/Pipeline.php(209): Illuminate/Http/Middleware/TrustProxies->handle(Object(Illuminate/Http/Request), Object(Closure))
#58 C:/Users/Lidiya Getale/Herd/immigrationknowhow/vendor/laravel/framework/src/Illuminate/Foundation/Http/Middleware/InvokeDeferredCallbacks.php(22): Illuminate/Pipeline/Pipeline->{closure:{closure:Illuminate/Pipeline/Pipeline::carry():184}:185}(Object(Illuminate/Http/Request))
#59 C:/Users/Lidiya Getale/Herd/immigrationknowhow/vendor/laravel/framework/src/Illuminate/Pipeline/Pipeline.php(209): Illuminate/Foundation/Http/Middleware/InvokeDeferredCallbacks->handle(Object(Illuminate/Http/Request), Object(Closure))
#60 C:/Users/Lidiya Getale/Herd/immigrationknowhow/vendor/laravel/framework/src/Illuminate/Pipeline/Pipeline.php(127): Illuminate/Pipeline/Pipeline->{closure:{closure:Illuminate/Pipeline/Pipeline::carry():184}:185}(Object(Illuminate/Http/Request))
#61 C:/Users/Lidiya Getale/Herd/immigrationknowhow/vendor/laravel/framework/src/Illuminate/Foundation/Http/Kernel.php(176): Illuminate/Pipeline/Pipeline->then(Object(Closure))
#62 C:/Users/Lidiya Getale/Herd/immigrationknowhow/vendor/laravel/framework/src/Illuminate/Foundation/Http/Kernel.php(145): Illuminate/Foundation/Http/Kernel->sendRequestThroughRouter(Object(Illuminate/Http/Request))
#63 C:/Users/Lidiya Getale/Herd/immigrationknowhow/vendor/laravel/framework/src/Illuminate/Foundation/Application.php(1220): Illuminate/Foundation/Http/Kernel->handle(Object(Illuminate/Http/Request))
#64 C:/Users/Lidiya Getale/Herd/immigrationknowhow/public/index.php(17): Illuminate/Foundation/Application->handleRequest(Object(Illuminate/Http/Request))
#65 C:/Program Files/Herd/resources/app.asar.unpacked/resources/valet/server.php(139): require('C://Users//Lidiya...')
#66 {main}
"} 
[2026-04-10 16:08:54] local.ERROR: SQLSTATE[42S22]: Column not found: 1054 Unknown column 'primary_service_type' in 'field list' (Connection: mysql, SQL: update `service_providers` set `verified_at` = 2026-04-10 16:08:53, `is_verified` = 1, `primary_service_type` = education_consultant, `verified_by` = 48, `service_providers`.`updated_at` = 2026-04-10 16:08:53 where `id` = 17) {"userId":48,"exception":"[object] (Illuminate\\Database\\QueryException(code: 42S22): SQLSTATE[42S22]: Column not found: 1054 Unknown column 'primary_service_type' in 'field list' (Connection: mysql, SQL: update `service_providers` set `verified_at` = 2026-04-10 16:08:53, `is_verified` = 1, `primary_service_type` = education_consultant, `verified_by` = 48, `service_providers`.`updated_at` = 2026-04-10 16:08:53 where `id` = 17) at C:/Users/Lidiya Getale/Herd/immigrationknowhow/vendor/laravel/framework/src/Illuminate/Database/Connection.php:825)
[stacktrace]
#0 C:/Users/Lidiya Getale/Herd/immigrationknowhow/vendor/laravel/framework/src/Illuminate/Database/Connection.php(779): Illuminate/Database/Connection->runQueryCallback('update `service...', Array, Object(Closure))
#1 C:/Users/Lidiya Getale/Herd/immigrationknowhow/vendor/laravel/framework/src/Illuminate/Database/Connection.php(584): Illuminate/Database/Connection->run('update `service...', Array, Object(Closure))
#2 C:/Users/Lidiya Getale/Herd/immigrationknowhow/vendor/laravel/framework/src/Illuminate/Database/Connection.php(536): Illuminate/Database/Connection->affectingStatement('update `service...', Array)
#3 C:/Users/Lidiya Getale/Herd/immigrationknowhow/vendor/laravel/framework/src/Illuminate/Database/Query/Builder.php(3830): Illuminate/Database/Connection->update('update `service...', Array)
#4 C:/Users/Lidiya Getale/Herd/immigrationknowhow/vendor/laravel/framework/src/Illuminate/Database/Eloquent/Builder.php(1175): Illuminate/Database/Query/Builder->update(Object(Illuminate/Support/Collection))
#5 C:/Users/Lidiya Getale/Herd/immigrationknowhow/vendor/laravel/framework/src/Illuminate/Database/Eloquent/Model.php(1239): Illuminate/Database/Eloquent/Builder->update(Array)
#6 C:/Users/Lidiya Getale/Herd/immigrationknowhow/vendor/laravel/framework/src/Illuminate/Database/Eloquent/Model.php(1156): Illuminate/Database/Eloquent/Model->performUpdate(Object(Illuminate/Database/Eloquent/Builder))
#7 C:/Users/Lidiya Getale/Herd/immigrationknowhow/vendor/laravel/framework/src/Illuminate/Database/Eloquent/Model.php(1014): Illuminate/Database/Eloquent/Model->save(Array)
#8 C:/Users/Lidiya Getale/Herd/immigrationknowhow/app/Http/Controllers/Admin/ProviderController.php(108): Illuminate/Database/Eloquent/Model->update(Array)
#9 C:/Users/Lidiya Getale/Herd/immigrationknowhow/vendor/laravel/framework/src/Illuminate/Routing/ControllerDispatcher.php(47): App/Http/Controllers/Admin/ProviderController->update(Object(Illuminate/Http/Request), Object(App/Models/ServiceProvider))
#10 C:/Users/Lidiya Getale/Herd/immigrationknowhow/vendor/laravel/framework/src/Illuminate/Routing/Route.php(266): Illuminate/Routing/ControllerDispatcher->dispatch(Object(Illuminate/Routing/Route), Object(App/Http/Controllers/Admin/ProviderController), 'update')
#11 C:/Users/Lidiya Getale/Herd/immigrationknowhow/vendor/laravel/framework/src/Illuminate/Routing/Route.php(212): Illuminate/Routing/Route->runController()
#12 C:/Users/Lidiya Getale/Herd/immigrationknowhow/vendor/laravel/framework/src/Illuminate/Routing/Router.php(808): Illuminate/Routing/Route->run()
#13 C:/Users/Lidiya Getale/Herd/immigrationknowhow/vendor/laravel/framework/src/Illuminate/Pipeline/Pipeline.php(170): Illuminate/Routing/Router->{closure:Illuminate/Routing/Router::runRouteWithinStack():807}(Object(Illuminate/Http/Request))
#14 C:/Users/Lidiya Getale/Herd/immigrationknowhow/app/Http/Middleware/EnsureOnboardingComplete.php(30): Illuminate/Pipeline/Pipeline->{closure:Illuminate/Pipeline/Pipeline::prepareDestination():168}(Object(Illuminate/Http/Request))
#15 C:/Users/Lidiya Getale/Herd/immigrationknowhow/vendor/laravel/framework/src/Illuminate/Pipeline/Pipeline.php(209): App/Http/Middleware/EnsureOnboardingComplete->handle(Object(Illuminate/Http/Request), Object(Closure))
#16 C:/Users/Lidiya Getale/Herd/immigrationknowhow/vendor/spatie/laravel-permission/src/Middleware/RoleMiddleware.php(37): Illuminate/Pipeline/Pipeline->{closure:{closure:Illuminate/Pipeline/Pipeline::carry():184}:185}(Object(Illuminate/Http/Request))
#17 C:/Users/Lidiya Getale/Herd/immigrationknowhow/vendor/laravel/framework/src/Illuminate/Pipeline/Pipeline.php(209): Spatie/Permission/Middleware/RoleMiddleware->handle(Object(Illuminate/Http/Request), Object(Closure), 'admin|super_adm...')
#18 C:/Users/Lidiya Getale/Herd/immigrationknowhow/vendor/inertiajs/inertia-laravel/src/Middleware.php(87): Illuminate/Pipeline/Pipeline->{closure:{closure:Illuminate/Pipeline/Pipeline::carry():184}:185}(Object(Illuminate/Http/Request))
#19 C:/Users/Lidiya Getale/Herd/immigrationknowhow/vendor/laravel/framework/src/Illuminate/Pipeline/Pipeline.php(209): Inertia/Middleware->handle(Object(Illuminate/Http/Request), Object(Closure))
#20 C:/Users/Lidiya Getale/Herd/immigrationknowhow/vendor/laravel/framework/src/Illuminate/Routing/Middleware/SubstituteBindings.php(51): Illuminate/Pipeline/Pipeline->{closure:{closure:Illuminate/Pipeline/Pipeline::carry():184}:185}(Object(Illuminate/Http/Request))
#21 C:/Users/Lidiya Getale/Herd/immigrationknowhow/vendor/laravel/framework/src/Illuminate/Pipeline/Pipeline.php(209): Illuminate/Routing/Middleware/SubstituteBindings->handle(Object(Illuminate/Http/Request), Object(Closure))
#22 C:/Users/Lidiya Getale/Herd/immigrationknowhow/vendor/laravel/framework/src/Illuminate/Auth/Middleware/Authenticate.php(64): Illuminate/Pipeline/Pipeline->{closure:{closure:Illuminate/Pipeline/Pipeline::carry():184}:185}(Object(Illuminate/Http/Request))
#23 C:/Users/Lidiya Getale/Herd/immigrationknowhow/vendor/laravel/framework/src/Illuminate/Pipeline/Pipeline.php(209): Illuminate/Auth/Middleware/Authenticate->handle(Object(Illuminate/Http/Request), Object(Closure))
#24 C:/Users/Lidiya Getale/Herd/immigrationknowhow/vendor/laravel/framework/src/Illuminate/Foundation/Http/Middleware/VerifyCsrfToken.php(88): Illuminate/Pipeline/Pipeline->{closure:{closure:Illuminate/Pipeline/Pipeline::carry():184}:185}(Object(Illuminate/Http/Request))
#25 C:/Users/Lidiya Getale/Herd/immigrationknowhow/vendor/laravel/framework/src/Illuminate/Pipeline/Pipeline.php(209): Illuminate/Foundation/Http/Middleware/VerifyCsrfToken->handle(Object(Illuminate/Http/Request), Object(Closure))
#26 C:/Users/Lidiya Getale/Herd/immigrationknowhow/vendor/laravel/framework/src/Illuminate/View/Middleware/ShareErrorsFromSession.php(49): Illuminate/Pipeline/Pipeline->{closure:{closure:Illuminate/Pipeline/Pipeline::carry():184}:185}(Object(Illuminate/Http/Request))
#27 C:/Users/Lidiya Getale/Herd/immigrationknowhow/vendor/laravel/framework/src/Illuminate/Pipeline/Pipeline.php(209): Illuminate/View/Middleware/ShareErrorsFromSession->handle(Object(Illuminate/Http/Request), Object(Closure))
#28 C:/Users/Lidiya Getale/Herd/immigrationknowhow/vendor/laravel/framework/src/Illuminate/Session/Middleware/StartSession.php(121): Illuminate/Pipeline/Pipeline->{closure:{closure:Illuminate/Pipeline/Pipeline::carry():184}:185}(Object(Illuminate/Http/Request))
#29 C:/Users/Lidiya Getale/Herd/immigrationknowhow/vendor/laravel/framework/src/Illuminate/Session/Middleware/StartSession.php(64): Illuminate/Session/Middleware/StartSession->handleStatefulRequest(Object(Illuminate/Http/Request), Object(Illuminate/Session/Store), Object(Closure))
#30 C:/Users/Lidiya Getale/Herd/immigrationknowhow/vendor/laravel/framework/src/Illuminate/Pipeline/Pipeline.php(209): Illuminate/Session/Middleware/StartSession->handle(Object(Illuminate/Http/Request), Object(Closure))
#31 C:/Users/Lidiya Getale/Herd/immigrationknowhow/vendor/laravel/framework/src/Illuminate/Cookie/Middleware/AddQueuedCookiesToResponse.php(37): Illuminate/Pipeline/Pipeline->{closure:{closure:Illuminate/Pipeline/Pipeline::carry():184}:185}(Object(Illuminate/Http/Request))
#32 C:/Users/Lidiya Getale/Herd/immigrationknowhow/vendor/laravel/framework/src/Illuminate/Pipeline/Pipeline.php(209): Illuminate/Cookie/Middleware/AddQueuedCookiesToResponse->handle(Object(Illuminate/Http/Request), Object(Closure))
#33 C:/Users/Lidiya Getale/Herd/immigrationknowhow/vendor/laravel/framework/src/Illuminate/Cookie/Middleware/EncryptCookies.php(75): Illuminate/Pipeline/Pipeline->{closure:{closure:Illuminate/Pipeline/Pipeline::carry():184}:185}(Object(Illuminate/Http/Request))
#34 C:/Users/Lidiya Getale/Herd/immigrationknowhow/vendor/laravel/framework/src/Illuminate/Pipeline/Pipeline.php(209): Illuminate/Cookie/Middleware/EncryptCookies->handle(Object(Illuminate/Http/Request), Object(Closure))
#35 C:/Users/Lidiya Getale/Herd/immigrationknowhow/vendor/laravel/framework/src/Illuminate/Pipeline/Pipeline.php(127): Illuminate/Pipeline/Pipeline->{closure:{closure:Illuminate/Pipeline/Pipeline::carry():184}:185}(Object(Illuminate/Http/Request))
#36 C:/Users/Lidiya Getale/Herd/immigrationknowhow/vendor/laravel/framework/src/Illuminate/Routing/Router.php(807): Illuminate/Pipeline/Pipeline->then(Object(Closure))
#37 C:/Users/Lidiya Getale/Herd/immigrationknowhow/vendor/laravel/framework/src/Illuminate/Routing/Router.php(786): Illuminate/Routing/Router->runRouteWithinStack(Object(Illuminate/Routing/Route), Object(Illuminate/Http/Request))
#38 C:/Users/Lidiya Getale/Herd/immigrationknowhow/vendor/laravel/framework/src/Illuminate/Routing/Router.php(750): Illuminate/Routing/Router->runRoute(Object(Illuminate/Http/Request), Object(Illuminate/Routing/Route))
#39 C:/Users/Lidiya Getale/Herd/immigrationknowhow/vendor/laravel/framework/src/Illuminate/Routing/Router.php(739): Illuminate/Routing/Router->dispatchToRoute(Object(Illuminate/Http/Request))
#40 C:/Users/Lidiya Getale/Herd/immigrationknowhow/vendor/laravel/framework/src/Illuminate/Foundation/Http/Kernel.php(201): Illuminate/Routing/Router->dispatch(Object(Illuminate/Http/Request))
#41 C:/Users/Lidiya Getale/Herd/immigrationknowhow/vendor/laravel/framework/src/Illuminate/Pipeline/Pipeline.php(170): Illuminate/Foundation/Http/Kernel->{closure:Illuminate/Foundation/Http/Kernel::dispatchToRouter():198}(Object(Illuminate/Http/Request))
#42 C:/Users/Lidiya Getale/Herd/immigrationknowhow/vendor/laravel/framework/src/Illuminate/Foundation/Http/Middleware/TransformsRequest.php(21): Illuminate/Pipeline/Pipeline->{closure:Illuminate/Pipeline/Pipeline::prepareDestination():168}(Object(Illuminate/Http/Request))
#43 C:/Users/Lidiya Getale/Herd/immigrationknowhow/vendor/laravel/framework/src/Illuminate/Foundation/Http/Middleware/ConvertEmptyStringsToNull.php(31): Illuminate/Foundation/Http/Middleware/TransformsRequest->handle(Object(Illuminate/Http/Request), Object(Closure))
#44 C:/Users/Lidiya Getale/Herd/immigrationknowhow/vendor/laravel/framework/src/Illuminate/Pipeline/Pipeline.php(209): Illuminate/Foundation/Http/Middleware/ConvertEmptyStringsToNull->handle(Object(Illuminate/Http/Request), Object(Closure))
#45 C:/Users/Lidiya Getale/Herd/immigrationknowhow/vendor/laravel/framework/src/Illuminate/Foundation/Http/Middleware/TransformsRequest.php(21): Illuminate/Pipeline/Pipeline->{closure:{closure:Illuminate/Pipeline/Pipeline::carry():184}:185}(Object(Illuminate/Http/Request))
#46 C:/Users/Lidiya Getale/Herd/immigrationknowhow/vendor/laravel/framework/src/Illuminate/Foundation/Http/Middleware/TrimStrings.php(51): Illuminate/Foundation/Http/Middleware/TransformsRequest->handle(Object(Illuminate/Http/Request), Object(Closure))
#47 C:/Users/Lidiya Getale/Herd/immigrationknowhow/vendor/laravel/framework/src/Illuminate/Pipeline/Pipeline.php(209): Illuminate/Foundation/Http/Middleware/TrimStrings->handle(Object(Illuminate/Http/Request), Object(Closure))
#48 C:/Users/Lidiya Getale/Herd/immigrationknowhow/vendor/laravel/framework/src/Illuminate/Http/Middleware/ValidatePostSize.php(27): Illuminate/Pipeline/Pipeline->{closure:{closure:Illuminate/Pipeline/Pipeline::carry():184}:185}(Object(Illuminate/Http/Request))
#49 C:/Users/Lidiya Getale/Herd/immigrationknowhow/vendor/laravel/framework/src/Illuminate/Pipeline/Pipeline.php(209): Illuminate/Http/Middleware/ValidatePostSize->handle(Object(Illuminate/Http/Request), Object(Closure))
#50 C:/Users/Lidiya Getale/Herd/immigrationknowhow/vendor/laravel/framework/src/Illuminate/Foundation/Http/Middleware/PreventRequestsDuringMaintenance.php(110): Illuminate/Pipeline/Pipeline->{closure:{closure:Illuminate/Pipeline/Pipeline::carry():184}:185}(Object(Illuminate/Http/Request))
#51 C:/Users/Lidiya Getale/Herd/immigrationknowhow/vendor/laravel/framework/src/Illuminate/Pipeline/Pipeline.php(209): Illuminate/Foundation/Http/Middleware/PreventRequestsDuringMaintenance->handle(Object(Illuminate/Http/Request), Object(Closure))
#52 C:/Users/Lidiya Getale/Herd/immigrationknowhow/vendor/laravel/framework/src/Illuminate/Http/Middleware/HandleCors.php(49): Illuminate/Pipeline/Pipeline->{closure:{closure:Illuminate/Pipeline/Pipeline::carry():184}:185}(Object(Illuminate/Http/Request))
#53 C:/Users/Lidiya Getale/Herd/immigrationknowhow/vendor/laravel/framework/src/Illuminate/Pipeline/Pipeline.php(209): Illuminate/Http/Middleware/HandleCors->handle(Object(Illuminate/Http/Request), Object(Closure))
#54 C:/Users/Lidiya Getale/Herd/immigrationknowhow/vendor/laravel/framework/src/Illuminate/Http/Middleware/TrustProxies.php(58): Illuminate/Pipeline/Pipeline->{closure:{closure:Illuminate/Pipeline/Pipeline::carry():184}:185}(Object(Illuminate/Http/Request))
#55 C:/Users/Lidiya Getale/Herd/immigrationknowhow/vendor/laravel/framework/src/Illuminate/Pipeline/Pipeline.php(209): Illuminate/Http/Middleware/TrustProxies->handle(Object(Illuminate/Http/Request), Object(Closure))
#56 C:/Users/Lidiya Getale/Herd/immigrationknowhow/vendor/laravel/framework/src/Illuminate/Foundation/Http/Middleware/InvokeDeferredCallbacks.php(22): Illuminate/Pipeline/Pipeline->{closure:{closure:Illuminate/Pipeline/Pipeline::carry():184}:185}(Object(Illuminate/Http/Request))
#57 C:/Users/Lidiya Getale/Herd/immigrationknowhow/vendor/laravel/framework/src/Illuminate/Pipeline/Pipeline.php(209): Illuminate/Foundation/Http/Middleware/InvokeDeferredCallbacks->handle(Object(Illuminate/Http/Request), Object(Closure))
#58 C:/Users/Lidiya Getale/Herd/immigrationknowhow/vendor/laravel/framework/src/Illuminate/Pipeline/Pipeline.php(127): Illuminate/Pipeline/Pipeline->{closure:{closure:Illuminate/Pipeline/Pipeline::carry():184}:185}(Object(Illuminate/Http/Request))
#59 C:/Users/Lidiya Getale/Herd/immigrationknowhow/vendor/laravel/framework/src/Illuminate/Foundation/Http/Kernel.php(176): Illuminate/Pipeline/Pipeline->then(Object(Closure))
#60 C:/Users/Lidiya Getale/Herd/immigrationknowhow/vendor/laravel/framework/src/Illuminate/Foundation/Http/Kernel.php(145): Illuminate/Foundation/Http/Kernel->sendRequestThroughRouter(Object(Illuminate/Http/Request))
#61 C:/Users/Lidiya Getale/Herd/immigrationknowhow/vendor/laravel/framework/src/Illuminate/Foundation/Application.php(1220): Illuminate/Foundation/Http/Kernel->handle(Object(Illuminate/Http/Request))
#62 C:/Users/Lidiya Getale/Herd/immigrationknowhow/public/index.php(17): Illuminate/Foundation/Application->handleRequest(Object(Illuminate/Http/Request))
#63 C:/Program Files/Herd/resources/app.asar.unpacked/resources/valet/server.php(139): require('C://Users//Lidiya...')
#64 {main}

[previous exception] [object] (PDOException(code: 42S22): SQLSTATE[42S22]: Column not found: 1054 Unknown column 'primary_service_type' in 'field list' at C:/Users/Lidiya Getale/Herd/immigrationknowhow/vendor/laravel/framework/src/Illuminate/Database/Connection.php:592)
[stacktrace]
#0 C:/Users/Lidiya Getale/Herd/immigrationknowhow/vendor/laravel/framework/src/Illuminate/Database/Connection.php(592): PDO->prepare('update `service...')
#1 C:/Users/Lidiya Getale/Herd/immigrationknowhow/vendor/laravel/framework/src/Illuminate/Database/Connection.php(812): Illuminate/Database/Connection->{closure:Illuminate/Database/Connection::affectingStatement():584}('update `service...', Array)
#2 C:/Users/Lidiya Getale/Herd/immigrationknowhow/vendor/laravel/framework/src/Illuminate/Database/Connection.php(779): Illuminate/Database/Connection->runQueryCallback('update `service...', Array, Object(Closure))
#3 C:/Users/Lidiya Getale/Herd/immigrationknowhow/vendor/laravel/framework/src/Illuminate/Database/Connection.php(584): Illuminate/Database/Connection->run('update `service...', Array, Object(Closure))
#4 C:/Users/Lidiya Getale/Herd/immigrationknowhow/vendor/laravel/framework/src/Illuminate/Database/Connection.php(536): Illuminate/Database/Connection->affectingStatement('update `service...', Array)
#5 C:/Users/Lidiya Getale/Herd/immigrationknowhow/vendor/laravel/framework/src/Illuminate/Database/Query/Builder.php(3830): Illuminate/Database/Connection->update('update `service...', Array)
#6 C:/Users/Lidiya Getale/Herd/immigrationknowhow/vendor/laravel/framework/src/Illuminate/Database/Eloquent/Builder.php(1175): Illuminate/Database/Query/Builder->update(Object(Illuminate/Support/Collection))
#7 C:/Users/Lidiya Getale/Herd/immigrationknowhow/vendor/laravel/framework/src/Illuminate/Database/Eloquent/Model.php(1239): Illuminate/Database/Eloquent/Builder->update(Array)
#8 C:/Users/Lidiya Getale/Herd/immigrationknowhow/vendor/laravel/framework/src/Illuminate/Database/Eloquent/Model.php(1156): Illuminate/Database/Eloquent/Model->performUpdate(Object(Illuminate/Database/Eloquent/Builder))
#9 C:/Users/Lidiya Getale/Herd/immigrationknowhow/vendor/laravel/framework/src/Illuminate/Database/Eloquent/Model.php(1014): Illuminate/Database/Eloquent/Model->save(Array)
#10 C:/Users/Lidiya Getale/Herd/immigrationknowhow/app/Http/Controllers/Admin/ProviderController.php(108): Illuminate/Database/Eloquent/Model->update(Array)
#11 C:/Users/Lidiya Getale/Herd/immigrationknowhow/vendor/laravel/framework/src/Illuminate/Routing/ControllerDispatcher.php(47): App/Http/Controllers/Admin/ProviderController->update(Object(Illuminate/Http/Request), Object(App/Models/ServiceProvider))
#12 C:/Users/Lidiya Getale/Herd/immigrationknowhow/vendor/laravel/framework/src/Illuminate/Routing/Route.php(266): Illuminate/Routing/ControllerDispatcher->dispatch(Object(Illuminate/Routing/Route), Object(App/Http/Controllers/Admin/ProviderController), 'update')
#13 C:/Users/Lidiya Getale/Herd/immigrationknowhow/vendor/laravel/framework/src/Illuminate/Routing/Route.php(212): Illuminate/Routing/Route->runController()
#14 C:/Users/Lidiya Getale/Herd/immigrationknowhow/vendor/laravel/framework/src/Illuminate/Routing/Router.php(808): Illuminate/Routing/Route->run()
#15 C:/Users/Lidiya Getale/Herd/immigrationknowhow/vendor/laravel/framework/src/Illuminate/Pipeline/Pipeline.php(170): Illuminate/Routing/Router->{closure:Illuminate/Routing/Router::runRouteWithinStack():807}(Object(Illuminate/Http/Request))
#16 C:/Users/Lidiya Getale/Herd/immigrationknowhow/app/Http/Middleware/EnsureOnboardingComplete.php(30): Illuminate/Pipeline/Pipeline->{closure:Illuminate/Pipeline/Pipeline::prepareDestination():168}(Object(Illuminate/Http/Request))
#17 C:/Users/Lidiya Getale/Herd/immigrationknowhow/vendor/laravel/framework/src/Illuminate/Pipeline/Pipeline.php(209): App/Http/Middleware/EnsureOnboardingComplete->handle(Object(Illuminate/Http/Request), Object(Closure))
#18 C:/Users/Lidiya Getale/Herd/immigrationknowhow/vendor/spatie/laravel-permission/src/Middleware/RoleMiddleware.php(37): Illuminate/Pipeline/Pipeline->{closure:{closure:Illuminate/Pipeline/Pipeline::carry():184}:185}(Object(Illuminate/Http/Request))
#19 C:/Users/Lidiya Getale/Herd/immigrationknowhow/vendor/laravel/framework/src/Illuminate/Pipeline/Pipeline.php(209): Spatie/Permission/Middleware/RoleMiddleware->handle(Object(Illuminate/Http/Request), Object(Closure), 'admin|super_adm...')
#20 C:/Users/Lidiya Getale/Herd/immigrationknowhow/vendor/inertiajs/inertia-laravel/src/Middleware.php(87): Illuminate/Pipeline/Pipeline->{closure:{closure:Illuminate/Pipeline/Pipeline::carry():184}:185}(Object(Illuminate/Http/Request))
#21 C:/Users/Lidiya Getale/Herd/immigrationknowhow/vendor/laravel/framework/src/Illuminate/Pipeline/Pipeline.php(209): Inertia/Middleware->handle(Object(Illuminate/Http/Request), Object(Closure))
#22 C:/Users/Lidiya Getale/Herd/immigrationknowhow/vendor/laravel/framework/src/Illuminate/Routing/Middleware/SubstituteBindings.php(51): Illuminate/Pipeline/Pipeline->{closure:{closure:Illuminate/Pipeline/Pipeline::carry():184}:185}(Object(Illuminate/Http/Request))
#23 C:/Users/Lidiya Getale/Herd/immigrationknowhow/vendor/laravel/framework/src/Illuminate/Pipeline/Pipeline.php(209): Illuminate/Routing/Middleware/SubstituteBindings->handle(Object(Illuminate/Http/Request), Object(Closure))
#24 C:/Users/Lidiya Getale/Herd/immigrationknowhow/vendor/laravel/framework/src/Illuminate/Auth/Middleware/Authenticate.php(64): Illuminate/Pipeline/Pipeline->{closure:{closure:Illuminate/Pipeline/Pipeline::carry():184}:185}(Object(Illuminate/Http/Request))
#25 C:/Users/Lidiya Getale/Herd/immigrationknowhow/vendor/laravel/framework/src/Illuminate/Pipeline/Pipeline.php(209): Illuminate/Auth/Middleware/Authenticate->handle(Object(Illuminate/Http/Request), Object(Closure))
#26 C:/Users/Lidiya Getale/Herd/immigrationknowhow/vendor/laravel/framework/src/Illuminate/Foundation/Http/Middleware/VerifyCsrfToken.php(88): Illuminate/Pipeline/Pipeline->{closure:{closure:Illuminate/Pipeline/Pipeline::carry():184}:185}(Object(Illuminate/Http/Request))
#27 C:/Users/Lidiya Getale/Herd/immigrationknowhow/vendor/laravel/framework/src/Illuminate/Pipeline/Pipeline.php(209): Illuminate/Foundation/Http/Middleware/VerifyCsrfToken->handle(Object(Illuminate/Http/Request), Object(Closure))
#28 C:/Users/Lidiya Getale/Herd/immigrationknowhow/vendor/laravel/framework/src/Illuminate/View/Middleware/ShareErrorsFromSession.php(49): Illuminate/Pipeline/Pipeline->{closure:{closure:Illuminate/Pipeline/Pipeline::carry():184}:185}(Object(Illuminate/Http/Request))
#29 C:/Users/Lidiya Getale/Herd/immigrationknowhow/vendor/laravel/framework/src/Illuminate/Pipeline/Pipeline.php(209): Illuminate/View/Middleware/ShareErrorsFromSession->handle(Object(Illuminate/Http/Request), Object(Closure))
#30 C:/Users/Lidiya Getale/Herd/immigrationknowhow/vendor/laravel/framework/src/Illuminate/Session/Middleware/StartSession.php(121): Illuminate/Pipeline/Pipeline->{closure:{closure:Illuminate/Pipeline/Pipeline::carry():184}:185}(Object(Illuminate/Http/Request))
#31 C:/Users/Lidiya Getale/Herd/immigrationknowhow/vendor/laravel/framework/src/Illuminate/Session/Middleware/StartSession.php(64): Illuminate/Session/Middleware/StartSession->handleStatefulRequest(Object(Illuminate/Http/Request), Object(Illuminate/Session/Store), Object(Closure))
#32 C:/Users/Lidiya Getale/Herd/immigrationknowhow/vendor/laravel/framework/src/Illuminate/Pipeline/Pipeline.php(209): Illuminate/Session/Middleware/StartSession->handle(Object(Illuminate/Http/Request), Object(Closure))
#33 C:/Users/Lidiya Getale/Herd/immigrationknowhow/vendor/laravel/framework/src/Illuminate/Cookie/Middleware/AddQueuedCookiesToResponse.php(37): Illuminate/Pipeline/Pipeline->{closure:{closure:Illuminate/Pipeline/Pipeline::carry():184}:185}(Object(Illuminate/Http/Request))
#34 C:/Users/Lidiya Getale/Herd/immigrationknowhow/vendor/laravel/framework/src/Illuminate/Pipeline/Pipeline.php(209): Illuminate/Cookie/Middleware/AddQueuedCookiesToResponse->handle(Object(Illuminate/Http/Request), Object(Closure))
#35 C:/Users/Lidiya Getale/Herd/immigrationknowhow/vendor/laravel/framework/src/Illuminate/Cookie/Middleware/EncryptCookies.php(75): Illuminate/Pipeline/Pipeline->{closure:{closure:Illuminate/Pipeline/Pipeline::carry():184}:185}(Object(Illuminate/Http/Request))
#36 C:/Users/Lidiya Getale/Herd/immigrationknowhow/vendor/laravel/framework/src/Illuminate/Pipeline/Pipeline.php(209): Illuminate/Cookie/Middleware/EncryptCookies->handle(Object(Illuminate/Http/Request), Object(Closure))
#37 C:/Users/Lidiya Getale/Herd/immigrationknowhow/vendor/laravel/framework/src/Illuminate/Pipeline/Pipeline.php(127): Illuminate/Pipeline/Pipeline->{closure:{closure:Illuminate/Pipeline/Pipeline::carry():184}:185}(Object(Illuminate/Http/Request))
#38 C:/Users/Lidiya Getale/Herd/immigrationknowhow/vendor/laravel/framework/src/Illuminate/Routing/Router.php(807): Illuminate/Pipeline/Pipeline->then(Object(Closure))
#39 C:/Users/Lidiya Getale/Herd/immigrationknowhow/vendor/laravel/framework/src/Illuminate/Routing/Router.php(786): Illuminate/Routing/Router->runRouteWithinStack(Object(Illuminate/Routing/Route), Object(Illuminate/Http/Request))
#40 C:/Users/Lidiya Getale/Herd/immigrationknowhow/vendor/laravel/framework/src/Illuminate/Routing/Router.php(750): Illuminate/Routing/Router->runRoute(Object(Illuminate/Http/Request), Object(Illuminate/Routing/Route))
#41 C:/Users/Lidiya Getale/Herd/immigrationknowhow/vendor/laravel/framework/src/Illuminate/Routing/Router.php(739): Illuminate/Routing/Router->dispatchToRoute(Object(Illuminate/Http/Request))
#42 C:/Users/Lidiya Getale/Herd/immigrationknowhow/vendor/laravel/framework/src/Illuminate/Foundation/Http/Kernel.php(201): Illuminate/Routing/Router->dispatch(Object(Illuminate/Http/Request))
#43 C:/Users/Lidiya Getale/Herd/immigrationknowhow/vendor/laravel/framework/src/Illuminate/Pipeline/Pipeline.php(170): Illuminate/Foundation/Http/Kernel->{closure:Illuminate/Foundation/Http/Kernel::dispatchToRouter():198}(Object(Illuminate/Http/Request))
#44 C:/Users/Lidiya Getale/Herd/immigrationknowhow/vendor/laravel/framework/src/Illuminate/Foundation/Http/Middleware/TransformsRequest.php(21): Illuminate/Pipeline/Pipeline->{closure:Illuminate/Pipeline/Pipeline::prepareDestination():168}(Object(Illuminate/Http/Request))
#45 C:/Users/Lidiya Getale/Herd/immigrationknowhow/vendor/laravel/framework/src/Illuminate/Foundation/Http/Middleware/ConvertEmptyStringsToNull.php(31): Illuminate/Foundation/Http/Middleware/TransformsRequest->handle(Object(Illuminate/Http/Request), Object(Closure))
#46 C:/Users/Lidiya Getale/Herd/immigrationknowhow/vendor/laravel/framework/src/Illuminate/Pipeline/Pipeline.php(209): Illuminate/Foundation/Http/Middleware/ConvertEmptyStringsToNull->handle(Object(Illuminate/Http/Request), Object(Closure))
#47 C:/Users/Lidiya Getale/Herd/immigrationknowhow/vendor/laravel/framework/src/Illuminate/Foundation/Http/Middleware/TransformsRequest.php(21): Illuminate/Pipeline/Pipeline->{closure:{closure:Illuminate/Pipeline/Pipeline::carry():184}:185}(Object(Illuminate/Http/Request))
#48 C:/Users/Lidiya Getale/Herd/immigrationknowhow/vendor/laravel/framework/src/Illuminate/Foundation/Http/Middleware/TrimStrings.php(51): Illuminate/Foundation/Http/Middleware/TransformsRequest->handle(Object(Illuminate/Http/Request), Object(Closure))
#49 C:/Users/Lidiya Getale/Herd/immigrationknowhow/vendor/laravel/framework/src/Illuminate/Pipeline/Pipeline.php(209): Illuminate/Foundation/Http/Middleware/TrimStrings->handle(Object(Illuminate/Http/Request), Object(Closure))
#50 C:/Users/Lidiya Getale/Herd/immigrationknowhow/vendor/laravel/framework/src/Illuminate/Http/Middleware/ValidatePostSize.php(27): Illuminate/Pipeline/Pipeline->{closure:{closure:Illuminate/Pipeline/Pipeline::carry():184}:185}(Object(Illuminate/Http/Request))
#51 C:/Users/Lidiya Getale/Herd/immigrationknowhow/vendor/laravel/framework/src/Illuminate/Pipeline/Pipeline.php(209): Illuminate/Http/Middleware/ValidatePostSize->handle(Object(Illuminate/Http/Request), Object(Closure))
#52 C:/Users/Lidiya Getale/Herd/immigrationknowhow/vendor/laravel/framework/src/Illuminate/Foundation/Http/Middleware/PreventRequestsDuringMaintenance.php(110): Illuminate/Pipeline/Pipeline->{closure:{closure:Illuminate/Pipeline/Pipeline::carry():184}:185}(Object(Illuminate/Http/Request))
#53 C:/Users/Lidiya Getale/Herd/immigrationknowhow/vendor/laravel/framework/src/Illuminate/Pipeline/Pipeline.php(209): Illuminate/Foundation/Http/Middleware/PreventRequestsDuringMaintenance->handle(Object(Illuminate/Http/Request), Object(Closure))
#54 C:/Users/Lidiya Getale/Herd/immigrationknowhow/vendor/laravel/framework/src/Illuminate/Http/Middleware/HandleCors.php(49): Illuminate/Pipeline/Pipeline->{closure:{closure:Illuminate/Pipeline/Pipeline::carry():184}:185}(Object(Illuminate/Http/Request))
#55 C:/Users/Lidiya Getale/Herd/immigrationknowhow/vendor/laravel/framework/src/Illuminate/Pipeline/Pipeline.php(209): Illuminate/Http/Middleware/HandleCors->handle(Object(Illuminate/Http/Request), Object(Closure))
#56 C:/Users/Lidiya Getale/Herd/immigrationknowhow/vendor/laravel/framework/src/Illuminate/Http/Middleware/TrustProxies.php(58): Illuminate/Pipeline/Pipeline->{closure:{closure:Illuminate/Pipeline/Pipeline::carry():184}:185}(Object(Illuminate/Http/Request))
#57 C:/Users/Lidiya Getale/Herd/immigrationknowhow/vendor/laravel/framework/src/Illuminate/Pipeline/Pipeline.php(209): Illuminate/Http/Middleware/TrustProxies->handle(Object(Illuminate/Http/Request), Object(Closure))
#58 C:/Users/Lidiya Getale/Herd/immigrationknowhow/vendor/laravel/framework/src/Illuminate/Foundation/Http/Middleware/InvokeDeferredCallbacks.php(22): Illuminate/Pipeline/Pipeline->{closure:{closure:Illuminate/Pipeline/Pipeline::carry():184}:185}(Object(Illuminate/Http/Request))
#59 C:/Users/Lidiya Getale/Herd/immigrationknowhow/vendor/laravel/framework/src/Illuminate/Pipeline/Pipeline.php(209): Illuminate/Foundation/Http/Middleware/InvokeDeferredCallbacks->handle(Object(Illuminate/Http/Request), Object(Closure))
#60 C:/Users/Lidiya Getale/Herd/immigrationknowhow/vendor/laravel/framework/src/Illuminate/Pipeline/Pipeline.php(127): Illuminate/Pipeline/Pipeline->{closure:{closure:Illuminate/Pipeline/Pipeline::carry():184}:185}(Object(Illuminate/Http/Request))
#61 C:/Users/Lidiya Getale/Herd/immigrationknowhow/vendor/laravel/framework/src/Illuminate/Foundation/Http/Kernel.php(176): Illuminate/Pipeline/Pipeline->then(Object(Closure))
#62 C:/Users/Lidiya Getale/Herd/immigrationknowhow/vendor/laravel/framework/src/Illuminate/Foundation/Http/Kernel.php(145): Illuminate/Foundation/Http/Kernel->sendRequestThroughRouter(Object(Illuminate/Http/Request))
#63 C:/Users/Lidiya Getale/Herd/immigrationknowhow/vendor/laravel/framework/src/Illuminate/Foundation/Application.php(1220): Illuminate/Foundation/Http/Kernel->handle(Object(Illuminate/Http/Request))
#64 C:/Users/Lidiya Getale/Herd/immigrationknowhow/public/index.php(17): Illuminate/Foundation/Application->handleRequest(Object(Illuminate/Http/Request))
#65 C:/Program Files/Herd/resources/app.asar.unpacked/resources/valet/server.php(139): require('C://Users//Lidiya...')
#66 {main}
"} 
[2026-04-10 16:09:29] local.ERROR: SQLSTATE[42S22]: Column not found: 1054 Unknown column 'verified_by' in 'field list' (Connection: mysql, SQL: update `service_providers` set `is_verified` = 0, `verified_by` = ?, `service_providers`.`updated_at` = 2026-04-10 16:09:29 where `id` = 17) {"userId":48,"exception":"[object] (Illuminate\\Database\\QueryException(code: 42S22): SQLSTATE[42S22]: Column not found: 1054 Unknown column 'verified_by' in 'field list' (Connection: mysql, SQL: update `service_providers` set `is_verified` = 0, `verified_by` = ?, `service_providers`.`updated_at` = 2026-04-10 16:09:29 where `id` = 17) at C:/Users/Lidiya Getale/Herd/immigrationknowhow/vendor/laravel/framework/src/Illuminate/Database/Connection.php:825)
[stacktrace]
#0 C:/Users/Lidiya Getale/Herd/immigrationknowhow/vendor/laravel/framework/src/Illuminate/Database/Connection.php(779): Illuminate/Database/Connection->runQueryCallback('update `service...', Array, Object(Closure))
#1 C:/Users/Lidiya Getale/Herd/immigrationknowhow/vendor/laravel/framework/src/Illuminate/Database/Connection.php(584): Illuminate/Database/Connection->run('update `service...', Array, Object(Closure))
#2 C:/Users/Lidiya Getale/Herd/immigrationknowhow/vendor/laravel/framework/src/Illuminate/Database/Connection.php(536): Illuminate/Database/Connection->affectingStatement('update `service...', Array)
#3 C:/Users/Lidiya Getale/Herd/immigrationknowhow/vendor/laravel/framework/src/Illuminate/Database/Query/Builder.php(3830): Illuminate/Database/Connection->update('update `service...', Array)
#4 C:/Users/Lidiya Getale/Herd/immigrationknowhow/vendor/laravel/framework/src/Illuminate/Database/Eloquent/Builder.php(1175): Illuminate/Database/Query/Builder->update(Object(Illuminate/Support/Collection))
#5 C:/Users/Lidiya Getale/Herd/immigrationknowhow/vendor/laravel/framework/src/Illuminate/Database/Eloquent/Model.php(1239): Illuminate/Database/Eloquent/Builder->update(Array)
#6 C:/Users/Lidiya Getale/Herd/immigrationknowhow/vendor/laravel/framework/src/Illuminate/Database/Eloquent/Model.php(1156): Illuminate/Database/Eloquent/Model->performUpdate(Object(Illuminate/Database/Eloquent/Builder))
#7 C:/Users/Lidiya Getale/Herd/immigrationknowhow/vendor/laravel/framework/src/Illuminate/Database/Eloquent/Model.php(1014): Illuminate/Database/Eloquent/Model->save(Array)
#8 C:/Users/Lidiya Getale/Herd/immigrationknowhow/app/Http/Controllers/Admin/ProviderController.php(112): Illuminate/Database/Eloquent/Model->update(Array)
#9 C:/Users/Lidiya Getale/Herd/immigrationknowhow/vendor/laravel/framework/src/Illuminate/Routing/ControllerDispatcher.php(47): App/Http/Controllers/Admin/ProviderController->update(Object(Illuminate/Http/Request), Object(App/Models/ServiceProvider))
#10 C:/Users/Lidiya Getale/Herd/immigrationknowhow/vendor/laravel/framework/src/Illuminate/Routing/Route.php(266): Illuminate/Routing/ControllerDispatcher->dispatch(Object(Illuminate/Routing/Route), Object(App/Http/Controllers/Admin/ProviderController), 'update')
#11 C:/Users/Lidiya Getale/Herd/immigrationknowhow/vendor/laravel/framework/src/Illuminate/Routing/Route.php(212): Illuminate/Routing/Route->runController()
#12 C:/Users/Lidiya Getale/Herd/immigrationknowhow/vendor/laravel/framework/src/Illuminate/Routing/Router.php(808): Illuminate/Routing/Route->run()
#13 C:/Users/Lidiya Getale/Herd/immigrationknowhow/vendor/laravel/framework/src/Illuminate/Pipeline/Pipeline.php(170): Illuminate/Routing/Router->{closure:Illuminate/Routing/Router::runRouteWithinStack():807}(Object(Illuminate/Http/Request))
#14 C:/Users/Lidiya Getale/Herd/immigrationknowhow/app/Http/Middleware/EnsureOnboardingComplete.php(30): Illuminate/Pipeline/Pipeline->{closure:Illuminate/Pipeline/Pipeline::prepareDestination():168}(Object(Illuminate/Http/Request))
#15 C:/Users/Lidiya Getale/Herd/immigrationknowhow/vendor/laravel/framework/src/Illuminate/Pipeline/Pipeline.php(209): App/Http/Middleware/EnsureOnboardingComplete->handle(Object(Illuminate/Http/Request), Object(Closure))
#16 C:/Users/Lidiya Getale/Herd/immigrationknowhow/vendor/spatie/laravel-permission/src/Middleware/RoleMiddleware.php(37): Illuminate/Pipeline/Pipeline->{closure:{closure:Illuminate/Pipeline/Pipeline::carry():184}:185}(Object(Illuminate/Http/Request))
#17 C:/Users/Lidiya Getale/Herd/immigrationknowhow/vendor/laravel/framework/src/Illuminate/Pipeline/Pipeline.php(209): Spatie/Permission/Middleware/RoleMiddleware->handle(Object(Illuminate/Http/Request), Object(Closure), 'admin|super_adm...')
#18 C:/Users/Lidiya Getale/Herd/immigrationknowhow/vendor/inertiajs/inertia-laravel/src/Middleware.php(87): Illuminate/Pipeline/Pipeline->{closure:{closure:Illuminate/Pipeline/Pipeline::carry():184}:185}(Object(Illuminate/Http/Request))
#19 C:/Users/Lidiya Getale/Herd/immigrationknowhow/vendor/laravel/framework/src/Illuminate/Pipeline/Pipeline.php(209): Inertia/Middleware->handle(Object(Illuminate/Http/Request), Object(Closure))
#20 C:/Users/Lidiya Getale/Herd/immigrationknowhow/vendor/laravel/framework/src/Illuminate/Routing/Middleware/SubstituteBindings.php(51): Illuminate/Pipeline/Pipeline->{closure:{closure:Illuminate/Pipeline/Pipeline::carry():184}:185}(Object(Illuminate/Http/Request))
#21 C:/Users/Lidiya Getale/Herd/immigrationknowhow/vendor/laravel/framework/src/Illuminate/Pipeline/Pipeline.php(209): Illuminate/Routing/Middleware/SubstituteBindings->handle(Object(Illuminate/Http/Request), Object(Closure))
#22 C:/Users/Lidiya Getale/Herd/immigrationknowhow/vendor/laravel/framework/src/Illuminate/Auth/Middleware/Authenticate.php(64): Illuminate/Pipeline/Pipeline->{closure:{closure:Illuminate/Pipeline/Pipeline::carry():184}:185}(Object(Illuminate/Http/Request))
#23 C:/Users/Lidiya Getale/Herd/immigrationknowhow/vendor/laravel/framework/src/Illuminate/Pipeline/Pipeline.php(209): Illuminate/Auth/Middleware/Authenticate->handle(Object(Illuminate/Http/Request), Object(Closure))
#24 C:/Users/Lidiya Getale/Herd/immigrationknowhow/vendor/laravel/framework/src/Illuminate/Foundation/Http/Middleware/VerifyCsrfToken.php(88): Illuminate/Pipeline/Pipeline->{closure:{closure:Illuminate/Pipeline/Pipeline::carry():184}:185}(Object(Illuminate/Http/Request))
#25 C:/Users/Lidiya Getale/Herd/immigrationknowhow/vendor/laravel/framework/src/Illuminate/Pipeline/Pipeline.php(209): Illuminate/Foundation/Http/Middleware/VerifyCsrfToken->handle(Object(Illuminate/Http/Request), Object(Closure))
#26 C:/Users/Lidiya Getale/Herd/immigrationknowhow/vendor/laravel/framework/src/Illuminate/View/Middleware/ShareErrorsFromSession.php(49): Illuminate/Pipeline/Pipeline->{closure:{closure:Illuminate/Pipeline/Pipeline::carry():184}:185}(Object(Illuminate/Http/Request))
#27 C:/Users/Lidiya Getale/Herd/immigrationknowhow/vendor/laravel/framework/src/Illuminate/Pipeline/Pipeline.php(209): Illuminate/View/Middleware/ShareErrorsFromSession->handle(Object(Illuminate/Http/Request), Object(Closure))
#28 C:/Users/Lidiya Getale/Herd/immigrationknowhow/vendor/laravel/framework/src/Illuminate/Session/Middleware/StartSession.php(121): Illuminate/Pipeline/Pipeline->{closure:{closure:Illuminate/Pipeline/Pipeline::carry():184}:185}(Object(Illuminate/Http/Request))
#29 C:/Users/Lidiya Getale/Herd/immigrationknowhow/vendor/laravel/framework/src/Illuminate/Session/Middleware/StartSession.php(64): Illuminate/Session/Middleware/StartSession->handleStatefulRequest(Object(Illuminate/Http/Request), Object(Illuminate/Session/Store), Object(Closure))
#30 C:/Users/Lidiya Getale/Herd/immigrationknowhow/vendor/laravel/framework/src/Illuminate/Pipeline/Pipeline.php(209): Illuminate/Session/Middleware/StartSession->handle(Object(Illuminate/Http/Request), Object(Closure))
#31 C:/Users/Lidiya Getale/Herd/immigrationknowhow/vendor/laravel/framework/src/Illuminate/Cookie/Middleware/AddQueuedCookiesToResponse.php(37): Illuminate/Pipeline/Pipeline->{closure:{closure:Illuminate/Pipeline/Pipeline::carry():184}:185}(Object(Illuminate/Http/Request))
#32 C:/Users/Lidiya Getale/Herd/immigrationknowhow/vendor/laravel/framework/src/Illuminate/Pipeline/Pipeline.php(209): Illuminate/Cookie/Middleware/AddQueuedCookiesToResponse->handle(Object(Illuminate/Http/Request), Object(Closure))
#33 C:/Users/Lidiya Getale/Herd/immigrationknowhow/vendor/laravel/framework/src/Illuminate/Cookie/Middleware/EncryptCookies.php(75): Illuminate/Pipeline/Pipeline->{closure:{closure:Illuminate/Pipeline/Pipeline::carry():184}:185}(Object(Illuminate/Http/Request))
#34 C:/Users/Lidiya Getale/Herd/immigrationknowhow/vendor/laravel/framework/src/Illuminate/Pipeline/Pipeline.php(209): Illuminate/Cookie/Middleware/EncryptCookies->handle(Object(Illuminate/Http/Request), Object(Closure))
#35 C:/Users/Lidiya Getale/Herd/immigrationknowhow/vendor/laravel/framework/src/Illuminate/Pipeline/Pipeline.php(127): Illuminate/Pipeline/Pipeline->{closure:{closure:Illuminate/Pipeline/Pipeline::carry():184}:185}(Object(Illuminate/Http/Request))
#36 C:/Users/Lidiya Getale/Herd/immigrationknowhow/vendor/laravel/framework/src/Illuminate/Routing/Router.php(807): Illuminate/Pipeline/Pipeline->then(Object(Closure))
#37 C:/Users/Lidiya Getale/Herd/immigrationknowhow/vendor/laravel/framework/src/Illuminate/Routing/Router.php(786): Illuminate/Routing/Router->runRouteWithinStack(Object(Illuminate/Routing/Route), Object(Illuminate/Http/Request))
#38 C:/Users/Lidiya Getale/Herd/immigrationknowhow/vendor/laravel/framework/src/Illuminate/Routing/Router.php(750): Illuminate/Routing/Router->runRoute(Object(Illuminate/Http/Request), Object(Illuminate/Routing/Route))
#39 C:/Users/Lidiya Getale/Herd/immigrationknowhow/vendor/laravel/framework/src/Illuminate/Routing/Router.php(739): Illuminate/Routing/Router->dispatchToRoute(Object(Illuminate/Http/Request))
#40 C:/Users/Lidiya Getale/Herd/immigrationknowhow/vendor/laravel/framework/src/Illuminate/Foundation/Http/Kernel.php(201): Illuminate/Routing/Router->dispatch(Object(Illuminate/Http/Request))
#41 C:/Users/Lidiya Getale/Herd/immigrationknowhow/vendor/laravel/framework/src/Illuminate/Pipeline/Pipeline.php(170): Illuminate/Foundation/Http/Kernel->{closure:Illuminate/Foundation/Http/Kernel::dispatchToRouter():198}(Object(Illuminate/Http/Request))
#42 C:/Users/Lidiya Getale/Herd/immigrationknowhow/vendor/laravel/framework/src/Illuminate/Foundation/Http/Middleware/TransformsRequest.php(21): Illuminate/Pipeline/Pipeline->{closure:Illuminate/Pipeline/Pipeline::prepareDestination():168}(Object(Illuminate/Http/Request))
#43 C:/Users/Lidiya Getale/Herd/immigrationknowhow/vendor/laravel/framework/src/Illuminate/Foundation/Http/Middleware/ConvertEmptyStringsToNull.php(31): Illuminate/Foundation/Http/Middleware/TransformsRequest->handle(Object(Illuminate/Http/Request), Object(Closure))
#44 C:/Users/Lidiya Getale/Herd/immigrationknowhow/vendor/laravel/framework/src/Illuminate/Pipeline/Pipeline.php(209): Illuminate/Foundation/Http/Middleware/ConvertEmptyStringsToNull->handle(Object(Illuminate/Http/Request), Object(Closure))
#45 C:/Users/Lidiya Getale/Herd/immigrationknowhow/vendor/laravel/framework/src/Illuminate/Foundation/Http/Middleware/TransformsRequest.php(21): Illuminate/Pipeline/Pipeline->{closure:{closure:Illuminate/Pipeline/Pipeline::carry():184}:185}(Object(Illuminate/Http/Request))
#46 C:/Users/Lidiya Getale/Herd/immigrationknowhow/vendor/laravel/framework/src/Illuminate/Foundation/Http/Middleware/TrimStrings.php(51): Illuminate/Foundation/Http/Middleware/TransformsRequest->handle(Object(Illuminate/Http/Request), Object(Closure))
#47 C:/Users/Lidiya Getale/Herd/immigrationknowhow/vendor/laravel/framework/src/Illuminate/Pipeline/Pipeline.php(209): Illuminate/Foundation/Http/Middleware/TrimStrings->handle(Object(Illuminate/Http/Request), Object(Closure))
#48 C:/Users/Lidiya Getale/Herd/immigrationknowhow/vendor/laravel/framework/src/Illuminate/Http/Middleware/ValidatePostSize.php(27): Illuminate/Pipeline/Pipeline->{closure:{closure:Illuminate/Pipeline/Pipeline::carry():184}:185}(Object(Illuminate/Http/Request))
#49 C:/Users/Lidiya Getale/Herd/immigrationknowhow/vendor/laravel/framework/src/Illuminate/Pipeline/Pipeline.php(209): Illuminate/Http/Middleware/ValidatePostSize->handle(Object(Illuminate/Http/Request), Object(Closure))
#50 C:/Users/Lidiya Getale/Herd/immigrationknowhow/vendor/laravel/framework/src/Illuminate/Foundation/Http/Middleware/PreventRequestsDuringMaintenance.php(110): Illuminate/Pipeline/Pipeline->{closure:{closure:Illuminate/Pipeline/Pipeline::carry():184}:185}(Object(Illuminate/Http/Request))
#51 C:/Users/Lidiya Getale/Herd/immigrationknowhow/vendor/laravel/framework/src/Illuminate/Pipeline/Pipeline.php(209): Illuminate/Foundation/Http/Middleware/PreventRequestsDuringMaintenance->handle(Object(Illuminate/Http/Request), Object(Closure))
#52 C:/Users/Lidiya Getale/Herd/immigrationknowhow/vendor/laravel/framework/src/Illuminate/Http/Middleware/HandleCors.php(49): Illuminate/Pipeline/Pipeline->{closure:{closure:Illuminate/Pipeline/Pipeline::carry():184}:185}(Object(Illuminate/Http/Request))
#53 C:/Users/Lidiya Getale/Herd/immigrationknowhow/vendor/laravel/framework/src/Illuminate/Pipeline/Pipeline.php(209): Illuminate/Http/Middleware/HandleCors->handle(Object(Illuminate/Http/Request), Object(Closure))
#54 C:/Users/Lidiya Getale/Herd/immigrationknowhow/vendor/laravel/framework/src/Illuminate/Http/Middleware/TrustProxies.php(58): Illuminate/Pipeline/Pipeline->{closure:{closure:Illuminate/Pipeline/Pipeline::carry():184}:185}(Object(Illuminate/Http/Request))
#55 C:/Users/Lidiya Getale/Herd/immigrationknowhow/vendor/laravel/framework/src/Illuminate/Pipeline/Pipeline.php(209): Illuminate/Http/Middleware/TrustProxies->handle(Object(Illuminate/Http/Request), Object(Closure))
#56 C:/Users/Lidiya Getale/Herd/immigrationknowhow/vendor/laravel/framework/src/Illuminate/Foundation/Http/Middleware/InvokeDeferredCallbacks.php(22): Illuminate/Pipeline/Pipeline->{closure:{closure:Illuminate/Pipeline/Pipeline::carry():184}:185}(Object(Illuminate/Http/Request))
#57 C:/Users/Lidiya Getale/Herd/immigrationknowhow/vendor/laravel/framework/src/Illuminate/Pipeline/Pipeline.php(209): Illuminate/Foundation/Http/Middleware/InvokeDeferredCallbacks->handle(Object(Illuminate/Http/Request), Object(Closure))
#58 C:/Users/Lidiya Getale/Herd/immigrationknowhow/vendor/laravel/framework/src/Illuminate/Pipeline/Pipeline.php(127): Illuminate/Pipeline/Pipeline->{closure:{closure:Illuminate/Pipeline/Pipeline::carry():184}:185}(Object(Illuminate/Http/Request))
#59 C:/Users/Lidiya Getale/Herd/immigrationknowhow/vendor/laravel/framework/src/Illuminate/Foundation/Http/Kernel.php(176): Illuminate/Pipeline/Pipeline->then(Object(Closure))
#60 C:/Users/Lidiya Getale/Herd/immigrationknowhow/vendor/laravel/framework/src/Illuminate/Foundation/Http/Kernel.php(145): Illuminate/Foundation/Http/Kernel->sendRequestThroughRouter(Object(Illuminate/Http/Request))
#61 C:/Users/Lidiya Getale/Herd/immigrationknowhow/vendor/laravel/framework/src/Illuminate/Foundation/Application.php(1220): Illuminate/Foundation/Http/Kernel->handle(Object(Illuminate/Http/Request))
#62 C:/Users/Lidiya Getale/Herd/immigrationknowhow/public/index.php(17): Illuminate/Foundation/Application->handleRequest(Object(Illuminate/Http/Request))
#63 C:/Program Files/Herd/resources/app.asar.unpacked/resources/valet/server.php(139): require('C://Users//Lidiya...')
#64 {main}

[previous exception] [object] (PDOException(code: 42S22): SQLSTATE[42S22]: Column not found: 1054 Unknown column 'verified_by' in 'field list' at C:/Users/Lidiya Getale/Herd/immigrationknowhow/vendor/laravel/framework/src/Illuminate/Database/Connection.php:592)
[stacktrace]
#0 C:/Users/Lidiya Getale/Herd/immigrationknowhow/vendor/laravel/framework/src/Illuminate/Database/Connection.php(592): PDO->prepare('update `service...')
#1 C:/Users/Lidiya Getale/Herd/immigrationknowhow/vendor/laravel/framework/src/Illuminate/Database/Connection.php(812): Illuminate/Database/Connection->{closure:Illuminate/Database/Connection::affectingStatement():584}('update `service...', Array)
#2 C:/Users/Lidiya Getale/Herd/immigrationknowhow/vendor/laravel/framework/src/Illuminate/Database/Connection.php(779): Illuminate/Database/Connection->runQueryCallback('update `service...', Array, Object(Closure))
#3 C:/Users/Lidiya Getale/Herd/immigrationknowhow/vendor/laravel/framework/src/Illuminate/Database/Connection.php(584): Illuminate/Database/Connection->run('update `service...', Array, Object(Closure))
#4 C:/Users/Lidiya Getale/Herd/immigrationknowhow/vendor/laravel/framework/src/Illuminate/Database/Connection.php(536): Illuminate/Database/Connection->affectingStatement('update `service...', Array)
#5 C:/Users/Lidiya Getale/Herd/immigrationknowhow/vendor/laravel/framework/src/Illuminate/Database/Query/Builder.php(3830): Illuminate/Database/Connection->update('update `service...', Array)
#6 C:/Users/Lidiya Getale/Herd/immigrationknowhow/vendor/laravel/framework/src/Illuminate/Database/Eloquent/Builder.php(1175): Illuminate/Database/Query/Builder->update(Object(Illuminate/Support/Collection))
#7 C:/Users/Lidiya Getale/Herd/immigrationknowhow/vendor/laravel/framework/src/Illuminate/Database/Eloquent/Model.php(1239): Illuminate/Database/Eloquent/Builder->update(Array)
#8 C:/Users/Lidiya Getale/Herd/immigrationknowhow/vendor/laravel/framework/src/Illuminate/Database/Eloquent/Model.php(1156): Illuminate/Database/Eloquent/Model->performUpdate(Object(Illuminate/Database/Eloquent/Builder))
#9 C:/Users/Lidiya Getale/Herd/immigrationknowhow/vendor/laravel/framework/src/Illuminate/Database/Eloquent/Model.php(1014): Illuminate/Database/Eloquent/Model->save(Array)
#10 C:/Users/Lidiya Getale/Herd/immigrationknowhow/app/Http/Controllers/Admin/ProviderController.php(112): Illuminate/Database/Eloquent/Model->update(Array)
#11 C:/Users/Lidiya Getale/Herd/immigrationknowhow/vendor/laravel/framework/src/Illuminate/Routing/ControllerDispatcher.php(47): App/Http/Controllers/Admin/ProviderController->update(Object(Illuminate/Http/Request), Object(App/Models/ServiceProvider))
#12 C:/Users/Lidiya Getale/Herd/immigrationknowhow/vendor/laravel/framework/src/Illuminate/Routing/Route.php(266): Illuminate/Routing/ControllerDispatcher->dispatch(Object(Illuminate/Routing/Route), Object(App/Http/Controllers/Admin/ProviderController), 'update')
#13 C:/Users/Lidiya Getale/Herd/immigrationknowhow/vendor/laravel/framework/src/Illuminate/Routing/Route.php(212): Illuminate/Routing/Route->runController()
#14 C:/Users/Lidiya Getale/Herd/immigrationknowhow/vendor/laravel/framework/src/Illuminate/Routing/Router.php(808): Illuminate/Routing/Route->run()
#15 C:/Users/Lidiya Getale/Herd/immigrationknowhow/vendor/laravel/framework/src/Illuminate/Pipeline/Pipeline.php(170): Illuminate/Routing/Router->{closure:Illuminate/Routing/Router::runRouteWithinStack():807}(Object(Illuminate/Http/Request))
#16 C:/Users/Lidiya Getale/Herd/immigrationknowhow/app/Http/Middleware/EnsureOnboardingComplete.php(30): Illuminate/Pipeline/Pipeline->{closure:Illuminate/Pipeline/Pipeline::prepareDestination():168}(Object(Illuminate/Http/Request))
#17 C:/Users/Lidiya Getale/Herd/immigrationknowhow/vendor/laravel/framework/src/Illuminate/Pipeline/Pipeline.php(209): App/Http/Middleware/EnsureOnboardingComplete->handle(Object(Illuminate/Http/Request), Object(Closure))
#18 C:/Users/Lidiya Getale/Herd/immigrationknowhow/vendor/spatie/laravel-permission/src/Middleware/RoleMiddleware.php(37): Illuminate/Pipeline/Pipeline->{closure:{closure:Illuminate/Pipeline/Pipeline::carry():184}:185}(Object(Illuminate/Http/Request))
#19 C:/Users/Lidiya Getale/Herd/immigrationknowhow/vendor/laravel/framework/src/Illuminate/Pipeline/Pipeline.php(209): Spatie/Permission/Middleware/RoleMiddleware->handle(Object(Illuminate/Http/Request), Object(Closure), 'admin|super_adm...')
#20 C:/Users/Lidiya Getale/Herd/immigrationknowhow/vendor/inertiajs/inertia-laravel/src/Middleware.php(87): Illuminate/Pipeline/Pipeline->{closure:{closure:Illuminate/Pipeline/Pipeline::carry():184}:185}(Object(Illuminate/Http/Request))
#21 C:/Users/Lidiya Getale/Herd/immigrationknowhow/vendor/laravel/framework/src/Illuminate/Pipeline/Pipeline.php(209): Inertia/Middleware->handle(Object(Illuminate/Http/Request), Object(Closure))
#22 C:/Users/Lidiya Getale/Herd/immigrationknowhow/vendor/laravel/framework/src/Illuminate/Routing/Middleware/SubstituteBindings.php(51): Illuminate/Pipeline/Pipeline->{closure:{closure:Illuminate/Pipeline/Pipeline::carry():184}:185}(Object(Illuminate/Http/Request))
#23 C:/Users/Lidiya Getale/Herd/immigrationknowhow/vendor/laravel/framework/src/Illuminate/Pipeline/Pipeline.php(209): Illuminate/Routing/Middleware/SubstituteBindings->handle(Object(Illuminate/Http/Request), Object(Closure))
#24 C:/Users/Lidiya Getale/Herd/immigrationknowhow/vendor/laravel/framework/src/Illuminate/Auth/Middleware/Authenticate.php(64): Illuminate/Pipeline/Pipeline->{closure:{closure:Illuminate/Pipeline/Pipeline::carry():184}:185}(Object(Illuminate/Http/Request))
#25 C:/Users/Lidiya Getale/Herd/immigrationknowhow/vendor/laravel/framework/src/Illuminate/Pipeline/Pipeline.php(209): Illuminate/Auth/Middleware/Authenticate->handle(Object(Illuminate/Http/Request), Object(Closure))
#26 C:/Users/Lidiya Getale/Herd/immigrationknowhow/vendor/laravel/framework/src/Illuminate/Foundation/Http/Middleware/VerifyCsrfToken.php(88): Illuminate/Pipeline/Pipeline->{closure:{closure:Illuminate/Pipeline/Pipeline::carry():184}:185}(Object(Illuminate/Http/Request))
#27 C:/Users/Lidiya Getale/Herd/immigrationknowhow/vendor/laravel/framework/src/Illuminate/Pipeline/Pipeline.php(209): Illuminate/Foundation/Http/Middleware/VerifyCsrfToken->handle(Object(Illuminate/Http/Request), Object(Closure))
#28 C:/Users/Lidiya Getale/Herd/immigrationknowhow/vendor/laravel/framework/src/Illuminate/View/Middleware/ShareErrorsFromSession.php(49): Illuminate/Pipeline/Pipeline->{closure:{closure:Illuminate/Pipeline/Pipeline::carry():184}:185}(Object(Illuminate/Http/Request))
#29 C:/Users/Lidiya Getale/Herd/immigrationknowhow/vendor/laravel/framework/src/Illuminate/Pipeline/Pipeline.php(209): Illuminate/View/Middleware/ShareErrorsFromSession->handle(Object(Illuminate/Http/Request), Object(Closure))
#30 C:/Users/Lidiya Getale/Herd/immigrationknowhow/vendor/laravel/framework/src/Illuminate/Session/Middleware/StartSession.php(121): Illuminate/Pipeline/Pipeline->{closure:{closure:Illuminate/Pipeline/Pipeline::carry():184}:185}(Object(Illuminate/Http/Request))
#31 C:/Users/Lidiya Getale/Herd/immigrationknowhow/vendor/laravel/framework/src/Illuminate/Session/Middleware/StartSession.php(64): Illuminate/Session/Middleware/StartSession->handleStatefulRequest(Object(Illuminate/Http/Request), Object(Illuminate/Session/Store), Object(Closure))
#32 C:/Users/Lidiya Getale/Herd/immigrationknowhow/vendor/laravel/framework/src/Illuminate/Pipeline/Pipeline.php(209): Illuminate/Session/Middleware/StartSession->handle(Object(Illuminate/Http/Request), Object(Closure))
#33 C:/Users/Lidiya Getale/Herd/immigrationknowhow/vendor/laravel/framework/src/Illuminate/Cookie/Middleware/AddQueuedCookiesToResponse.php(37): Illuminate/Pipeline/Pipeline->{closure:{closure:Illuminate/Pipeline/Pipeline::carry():184}:185}(Object(Illuminate/Http/Request))
#34 C:/Users/Lidiya Getale/Herd/immigrationknowhow/vendor/laravel/framework/src/Illuminate/Pipeline/Pipeline.php(209): Illuminate/Cookie/Middleware/AddQueuedCookiesToResponse->handle(Object(Illuminate/Http/Request), Object(Closure))
#35 C:/Users/Lidiya Getale/Herd/immigrationknowhow/vendor/laravel/framework/src/Illuminate/Cookie/Middleware/EncryptCookies.php(75): Illuminate/Pipeline/Pipeline->{closure:{closure:Illuminate/Pipeline/Pipeline::carry():184}:185}(Object(Illuminate/Http/Request))
#36 C:/Users/Lidiya Getale/Herd/immigrationknowhow/vendor/laravel/framework/src/Illuminate/Pipeline/Pipeline.php(209): Illuminate/Cookie/Middleware/EncryptCookies->handle(Object(Illuminate/Http/Request), Object(Closure))
#37 C:/Users/Lidiya Getale/Herd/immigrationknowhow/vendor/laravel/framework/src/Illuminate/Pipeline/Pipeline.php(127): Illuminate/Pipeline/Pipeline->{closure:{closure:Illuminate/Pipeline/Pipeline::carry():184}:185}(Object(Illuminate/Http/Request))
#38 C:/Users/Lidiya Getale/Herd/immigrationknowhow/vendor/laravel/framework/src/Illuminate/Routing/Router.php(807): Illuminate/Pipeline/Pipeline->then(Object(Closure))
#39 C:/Users/Lidiya Getale/Herd/immigrationknowhow/vendor/laravel/framework/src/Illuminate/Routing/Router.php(786): Illuminate/Routing/Router->runRouteWithinStack(Object(Illuminate/Routing/Route), Object(Illuminate/Http/Request))
#40 C:/Users/Lidiya Getale/Herd/immigrationknowhow/vendor/laravel/framework/src/Illuminate/Routing/Router.php(750): Illuminate/Routing/Router->runRoute(Object(Illuminate/Http/Request), Object(Illuminate/Routing/Route))
#41 C:/Users/Lidiya Getale/Herd/immigrationknowhow/vendor/laravel/framework/src/Illuminate/Routing/Router.php(739): Illuminate/Routing/Router->dispatchToRoute(Object(Illuminate/Http/Request))
#42 C:/Users/Lidiya Getale/Herd/immigrationknowhow/vendor/laravel/framework/src/Illuminate/Foundation/Http/Kernel.php(201): Illuminate/Routing/Router->dispatch(Object(Illuminate/Http/Request))
#43 C:/Users/Lidiya Getale/Herd/immigrationknowhow/vendor/laravel/framework/src/Illuminate/Pipeline/Pipeline.php(170): Illuminate/Foundation/Http/Kernel->{closure:Illuminate/Foundation/Http/Kernel::dispatchToRouter():198}(Object(Illuminate/Http/Request))
#44 C:/Users/Lidiya Getale/Herd/immigrationknowhow/vendor/laravel/framework/src/Illuminate/Foundation/Http/Middleware/TransformsRequest.php(21): Illuminate/Pipeline/Pipeline->{closure:Illuminate/Pipeline/Pipeline::prepareDestination():168}(Object(Illuminate/Http/Request))
#45 C:/Users/Lidiya Getale/Herd/immigrationknowhow/vendor/laravel/framework/src/Illuminate/Foundation/Http/Middleware/ConvertEmptyStringsToNull.php(31): Illuminate/Foundation/Http/Middleware/TransformsRequest->handle(Object(Illuminate/Http/Request), Object(Closure))
#46 C:/Users/Lidiya Getale/Herd/immigrationknowhow/vendor/laravel/framework/src/Illuminate/Pipeline/Pipeline.php(209): Illuminate/Foundation/Http/Middleware/ConvertEmptyStringsToNull->handle(Object(Illuminate/Http/Request), Object(Closure))
#47 C:/Users/Lidiya Getale/Herd/immigrationknowhow/vendor/laravel/framework/src/Illuminate/Foundation/Http/Middleware/TransformsRequest.php(21): Illuminate/Pipeline/Pipeline->{closure:{closure:Illuminate/Pipeline/Pipeline::carry():184}:185}(Object(Illuminate/Http/Request))
#48 C:/Users/Lidiya Getale/Herd/immigrationknowhow/vendor/laravel/framework/src/Illuminate/Foundation/Http/Middleware/TrimStrings.php(51): Illuminate/Foundation/Http/Middleware/TransformsRequest->handle(Object(Illuminate/Http/Request), Object(Closure))
#49 C:/Users/Lidiya Getale/Herd/immigrationknowhow/vendor/laravel/framework/src/Illuminate/Pipeline/Pipeline.php(209): Illuminate/Foundation/Http/Middleware/TrimStrings->handle(Object(Illuminate/Http/Request), Object(Closure))
#50 C:/Users/Lidiya Getale/Herd/immigrationknowhow/vendor/laravel/framework/src/Illuminate/Http/Middleware/ValidatePostSize.php(27): Illuminate/Pipeline/Pipeline->{closure:{closure:Illuminate/Pipeline/Pipeline::carry():184}:185}(Object(Illuminate/Http/Request))
#51 C:/Users/Lidiya Getale/Herd/immigrationknowhow/vendor/laravel/framework/src/Illuminate/Pipeline/Pipeline.php(209): Illuminate/Http/Middleware/ValidatePostSize->handle(Object(Illuminate/Http/Request), Object(Closure))
#52 C:/Users/Lidiya Getale/Herd/immigrationknowhow/vendor/laravel/framework/src/Illuminate/Foundation/Http/Middleware/PreventRequestsDuringMaintenance.php(110): Illuminate/Pipeline/Pipeline->{closure:{closure:Illuminate/Pipeline/Pipeline::carry():184}:185}(Object(Illuminate/Http/Request))
#53 C:/Users/Lidiya Getale/Herd/immigrationknowhow/vendor/laravel/framework/src/Illuminate/Pipeline/Pipeline.php(209): Illuminate/Foundation/Http/Middleware/PreventRequestsDuringMaintenance->handle(Object(Illuminate/Http/Request), Object(Closure))
#54 C:/Users/Lidiya Getale/Herd/immigrationknowhow/vendor/laravel/framework/src/Illuminate/Http/Middleware/HandleCors.php(49): Illuminate/Pipeline/Pipeline->{closure:{closure:Illuminate/Pipeline/Pipeline::carry():184}:185}(Object(Illuminate/Http/Request))
#55 C:/Users/Lidiya Getale/Herd/immigrationknowhow/vendor/laravel/framework/src/Illuminate/Pipeline/Pipeline.php(209): Illuminate/Http/Middleware/HandleCors->handle(Object(Illuminate/Http/Request), Object(Closure))
#56 C:/Users/Lidiya Getale/Herd/immigrationknowhow/vendor/laravel/framework/src/Illuminate/Http/Middleware/TrustProxies.php(58): Illuminate/Pipeline/Pipeline->{closure:{closure:Illuminate/Pipeline/Pipeline::carry():184}:185}(Object(Illuminate/Http/Request))
#57 C:/Users/Lidiya Getale/Herd/immigrationknowhow/vendor/laravel/framework/src/Illuminate/Pipeline/Pipeline.php(209): Illuminate/Http/Middleware/TrustProxies->handle(Object(Illuminate/Http/Request), Object(Closure))
#58 C:/Users/Lidiya Getale/Herd/immigrationknowhow/vendor/laravel/framework/src/Illuminate/Foundation/Http/Middleware/InvokeDeferredCallbacks.php(22): Illuminate/Pipeline/Pipeline->{closure:{closure:Illuminate/Pipeline/Pipeline::carry():184}:185}(Object(Illuminate/Http/Request))
#59 C:/Users/Lidiya Getale/Herd/immigrationknowhow/vendor/laravel/framework/src/Illuminate/Pipeline/Pipeline.php(209): Illuminate/Foundation/Http/Middleware/InvokeDeferredCallbacks->handle(Object(Illuminate/Http/Request), Object(Closure))
#60 C:/Users/Lidiya Getale/Herd/immigrationknowhow/vendor/laravel/framework/src/Illuminate/Pipeline/Pipeline.php(127): Illuminate/Pipeline/Pipeline->{closure:{closure:Illuminate/Pipeline/Pipeline::carry():184}:185}(Object(Illuminate/Http/Request))
#61 C:/Users/Lidiya Getale/Herd/immigrationknowhow/vendor/laravel/framework/src/Illuminate/Foundation/Http/Kernel.php(176): Illuminate/Pipeline/Pipeline->then(Object(Closure))
#62 C:/Users/Lidiya Getale/Herd/immigrationknowhow/vendor/laravel/framework/src/Illuminate/Foundation/Http/Kernel.php(145): Illuminate/Foundation/Http/Kernel->sendRequestThroughRouter(Object(Illuminate/Http/Request))
#63 C:/Users/Lidiya Getale/Herd/immigrationknowhow/vendor/laravel/framework/src/Illuminate/Foundation/Application.php(1220): Illuminate/Foundation/Http/Kernel->handle(Object(Illuminate/Http/Request))
#64 C:/Users/Lidiya Getale/Herd/immigrationknowhow/public/index.php(17): Illuminate/Foundation/Application->handleRequest(Object(Illuminate/Http/Request))
#65 C:/Program Files/Herd/resources/app.asar.unpacked/resources/valet/server.php(139): require('C://Users//Lidiya...')
#66 {main}
"} 
[2026-04-10 16:09:39] local.ERROR: SQLSTATE[42S22]: Column not found: 1054 Unknown column 'verified_by' in 'field list' (Connection: mysql, SQL: update `service_providers` set `is_featured` = 1, `is_verified` = 0, `verified_by` = ?, `service_providers`.`updated_at` = 2026-04-10 16:09:39 where `id` = 17) {"userId":48,"exception":"[object] (Illuminate\\Database\\QueryException(code: 42S22): SQLSTATE[42S22]: Column not found: 1054 Unknown column 'verified_by' in 'field list' (Connection: mysql, SQL: update `service_providers` set `is_featured` = 1, `is_verified` = 0, `verified_by` = ?, `service_providers`.`updated_at` = 2026-04-10 16:09:39 where `id` = 17) at C:/Users/Lidiya Getale/Herd/immigrationknowhow/vendor/laravel/framework/src/Illuminate/Database/Connection.php:825)
[stacktrace]
#0 C:/Users/Lidiya Getale/Herd/immigrationknowhow/vendor/laravel/framework/src/Illuminate/Database/Connection.php(779): Illuminate/Database/Connection->runQueryCallback('update `service...', Array, Object(Closure))
#1 C:/Users/Lidiya Getale/Herd/immigrationknowhow/vendor/laravel/framework/src/Illuminate/Database/Connection.php(584): Illuminate/Database/Connection->run('update `service...', Array, Object(Closure))
#2 C:/Users/Lidiya Getale/Herd/immigrationknowhow/vendor/laravel/framework/src/Illuminate/Database/Connection.php(536): Illuminate/Database/Connection->affectingStatement('update `service...', Array)
#3 C:/Users/Lidiya Getale/Herd/immigrationknowhow/vendor/laravel/framework/src/Illuminate/Database/Query/Builder.php(3830): Illuminate/Database/Connection->update('update `service...', Array)
#4 C:/Users/Lidiya Getale/Herd/immigrationknowhow/vendor/laravel/framework/src/Illuminate/Database/Eloquent/Builder.php(1175): Illuminate/Database/Query/Builder->update(Object(Illuminate/Support/Collection))
#5 C:/Users/Lidiya Getale/Herd/immigrationknowhow/vendor/laravel/framework/src/Illuminate/Database/Eloquent/Model.php(1239): Illuminate/Database/Eloquent/Builder->update(Array)
#6 C:/Users/Lidiya Getale/Herd/immigrationknowhow/vendor/laravel/framework/src/Illuminate/Database/Eloquent/Model.php(1156): Illuminate/Database/Eloquent/Model->performUpdate(Object(Illuminate/Database/Eloquent/Builder))
#7 C:/Users/Lidiya Getale/Herd/immigrationknowhow/vendor/laravel/framework/src/Illuminate/Database/Eloquent/Model.php(1014): Illuminate/Database/Eloquent/Model->save(Array)
#8 C:/Users/Lidiya Getale/Herd/immigrationknowhow/app/Http/Controllers/Admin/ProviderController.php(112): Illuminate/Database/Eloquent/Model->update(Array)
#9 C:/Users/Lidiya Getale/Herd/immigrationknowhow/vendor/laravel/framework/src/Illuminate/Routing/ControllerDispatcher.php(47): App/Http/Controllers/Admin/ProviderController->update(Object(Illuminate/Http/Request), Object(App/Models/ServiceProvider))
#10 C:/Users/Lidiya Getale/Herd/immigrationknowhow/vendor/laravel/framework/src/Illuminate/Routing/Route.php(266): Illuminate/Routing/ControllerDispatcher->dispatch(Object(Illuminate/Routing/Route), Object(App/Http/Controllers/Admin/ProviderController), 'update')
#11 C:/Users/Lidiya Getale/Herd/immigrationknowhow/vendor/laravel/framework/src/Illuminate/Routing/Route.php(212): Illuminate/Routing/Route->runController()
#12 C:/Users/Lidiya Getale/Herd/immigrationknowhow/vendor/laravel/framework/src/Illuminate/Routing/Router.php(808): Illuminate/Routing/Route->run()
#13 C:/Users/Lidiya Getale/Herd/immigrationknowhow/vendor/laravel/framework/src/Illuminate/Pipeline/Pipeline.php(170): Illuminate/Routing/Router->{closure:Illuminate/Routing/Router::runRouteWithinStack():807}(Object(Illuminate/Http/Request))
#14 C:/Users/Lidiya Getale/Herd/immigrationknowhow/app/Http/Middleware/EnsureOnboardingComplete.php(30): Illuminate/Pipeline/Pipeline->{closure:Illuminate/Pipeline/Pipeline::prepareDestination():168}(Object(Illuminate/Http/Request))
#15 C:/Users/Lidiya Getale/Herd/immigrationknowhow/vendor/laravel/framework/src/Illuminate/Pipeline/Pipeline.php(209): App/Http/Middleware/EnsureOnboardingComplete->handle(Object(Illuminate/Http/Request), Object(Closure))
#16 C:/Users/Lidiya Getale/Herd/immigrationknowhow/vendor/spatie/laravel-permission/src/Middleware/RoleMiddleware.php(37): Illuminate/Pipeline/Pipeline->{closure:{closure:Illuminate/Pipeline/Pipeline::carry():184}:185}(Object(Illuminate/Http/Request))
#17 C:/Users/Lidiya Getale/Herd/immigrationknowhow/vendor/laravel/framework/src/Illuminate/Pipeline/Pipeline.php(209): Spatie/Permission/Middleware/RoleMiddleware->handle(Object(Illuminate/Http/Request), Object(Closure), 'admin|super_adm...')
#18 C:/Users/Lidiya Getale/Herd/immigrationknowhow/vendor/inertiajs/inertia-laravel/src/Middleware.php(87): Illuminate/Pipeline/Pipeline->{closure:{closure:Illuminate/Pipeline/Pipeline::carry():184}:185}(Object(Illuminate/Http/Request))
#19 C:/Users/Lidiya Getale/Herd/immigrationknowhow/vendor/laravel/framework/src/Illuminate/Pipeline/Pipeline.php(209): Inertia/Middleware->handle(Object(Illuminate/Http/Request), Object(Closure))
#20 C:/Users/Lidiya Getale/Herd/immigrationknowhow/vendor/laravel/framework/src/Illuminate/Routing/Middleware/SubstituteBindings.php(51): Illuminate/Pipeline/Pipeline->{closure:{closure:Illuminate/Pipeline/Pipeline::carry():184}:185}(Object(Illuminate/Http/Request))
#21 C:/Users/Lidiya Getale/Herd/immigrationknowhow/vendor/laravel/framework/src/Illuminate/Pipeline/Pipeline.php(209): Illuminate/Routing/Middleware/SubstituteBindings->handle(Object(Illuminate/Http/Request), Object(Closure))
#22 C:/Users/Lidiya Getale/Herd/immigrationknowhow/vendor/laravel/framework/src/Illuminate/Auth/Middleware/Authenticate.php(64): Illuminate/Pipeline/Pipeline->{closure:{closure:Illuminate/Pipeline/Pipeline::carry():184}:185}(Object(Illuminate/Http/Request))
#23 C:/Users/Lidiya Getale/Herd/immigrationknowhow/vendor/laravel/framework/src/Illuminate/Pipeline/Pipeline.php(209): Illuminate/Auth/Middleware/Authenticate->handle(Object(Illuminate/Http/Request), Object(Closure))
#24 C:/Users/Lidiya Getale/Herd/immigrationknowhow/vendor/laravel/framework/src/Illuminate/Foundation/Http/Middleware/VerifyCsrfToken.php(88): Illuminate/Pipeline/Pipeline->{closure:{closure:Illuminate/Pipeline/Pipeline::carry():184}:185}(Object(Illuminate/Http/Request))
#25 C:/Users/Lidiya Getale/Herd/immigrationknowhow/vendor/laravel/framework/src/Illuminate/Pipeline/Pipeline.php(209): Illuminate/Foundation/Http/Middleware/VerifyCsrfToken->handle(Object(Illuminate/Http/Request), Object(Closure))
#26 C:/Users/Lidiya Getale/Herd/immigrationknowhow/vendor/laravel/framework/src/Illuminate/View/Middleware/ShareErrorsFromSession.php(49): Illuminate/Pipeline/Pipeline->{closure:{closure:Illuminate/Pipeline/Pipeline::carry():184}:185}(Object(Illuminate/Http/Request))
#27 C:/Users/Lidiya Getale/Herd/immigrationknowhow/vendor/laravel/framework/src/Illuminate/Pipeline/Pipeline.php(209): Illuminate/View/Middleware/ShareErrorsFromSession->handle(Object(Illuminate/Http/Request), Object(Closure))
#28 C:/Users/Lidiya Getale/Herd/immigrationknowhow/vendor/laravel/framework/src/Illuminate/Session/Middleware/StartSession.php(121): Illuminate/Pipeline/Pipeline->{closure:{closure:Illuminate/Pipeline/Pipeline::carry():184}:185}(Object(Illuminate/Http/Request))
#29 C:/Users/Lidiya Getale/Herd/immigrationknowhow/vendor/laravel/framework/src/Illuminate/Session/Middleware/StartSession.php(64): Illuminate/Session/Middleware/StartSession->handleStatefulRequest(Object(Illuminate/Http/Request), Object(Illuminate/Session/Store), Object(Closure))
#30 C:/Users/Lidiya Getale/Herd/immigrationknowhow/vendor/laravel/framework/src/Illuminate/Pipeline/Pipeline.php(209): Illuminate/Session/Middleware/StartSession->handle(Object(Illuminate/Http/Request), Object(Closure))
#31 C:/Users/Lidiya Getale/Herd/immigrationknowhow/vendor/laravel/framework/src/Illuminate/Cookie/Middleware/AddQueuedCookiesToResponse.php(37): Illuminate/Pipeline/Pipeline->{closure:{closure:Illuminate/Pipeline/Pipeline::carry():184}:185}(Object(Illuminate/Http/Request))
#32 C:/Users/Lidiya Getale/Herd/immigrationknowhow/vendor/laravel/framework/src/Illuminate/Pipeline/Pipeline.php(209): Illuminate/Cookie/Middleware/AddQueuedCookiesToResponse->handle(Object(Illuminate/Http/Request), Object(Closure))
#33 C:/Users/Lidiya Getale/Herd/immigrationknowhow/vendor/laravel/framework/src/Illuminate/Cookie/Middleware/EncryptCookies.php(75): Illuminate/Pipeline/Pipeline->{closure:{closure:Illuminate/Pipeline/Pipeline::carry():184}:185}(Object(Illuminate/Http/Request))
#34 C:/Users/Lidiya Getale/Herd/immigrationknowhow/vendor/laravel/framework/src/Illuminate/Pipeline/Pipeline.php(209): Illuminate/Cookie/Middleware/EncryptCookies->handle(Object(Illuminate/Http/Request), Object(Closure))
#35 C:/Users/Lidiya Getale/Herd/immigrationknowhow/vendor/laravel/framework/src/Illuminate/Pipeline/Pipeline.php(127): Illuminate/Pipeline/Pipeline->{closure:{closure:Illuminate/Pipeline/Pipeline::carry():184}:185}(Object(Illuminate/Http/Request))
#36 C:/Users/Lidiya Getale/Herd/immigrationknowhow/vendor/laravel/framework/src/Illuminate/Routing/Router.php(807): Illuminate/Pipeline/Pipeline->then(Object(Closure))
#37 C:/Users/Lidiya Getale/Herd/immigrationknowhow/vendor/laravel/framework/src/Illuminate/Routing/Router.php(786): Illuminate/Routing/Router->runRouteWithinStack(Object(Illuminate/Routing/Route), Object(Illuminate/Http/Request))
#38 C:/Users/Lidiya Getale/Herd/immigrationknowhow/vendor/laravel/framework/src/Illuminate/Routing/Router.php(750): Illuminate/Routing/Router->runRoute(Object(Illuminate/Http/Request), Object(Illuminate/Routing/Route))
#39 C:/Users/Lidiya Getale/Herd/immigrationknowhow/vendor/laravel/framework/src/Illuminate/Routing/Router.php(739): Illuminate/Routing/Router->dispatchToRoute(Object(Illuminate/Http/Request))
#40 C:/Users/Lidiya Getale/Herd/immigrationknowhow/vendor/laravel/framework/src/Illuminate/Foundation/Http/Kernel.php(201): Illuminate/Routing/Router->dispatch(Object(Illuminate/Http/Request))
#41 C:/Users/Lidiya Getale/Herd/immigrationknowhow/vendor/laravel/framework/src/Illuminate/Pipeline/Pipeline.php(170): Illuminate/Foundation/Http/Kernel->{closure:Illuminate/Foundation/Http/Kernel::dispatchToRouter():198}(Object(Illuminate/Http/Request))
#42 C:/Users/Lidiya Getale/Herd/immigrationknowhow/vendor/laravel/framework/src/Illuminate/Foundation/Http/Middleware/TransformsRequest.php(21): Illuminate/Pipeline/Pipeline->{closure:Illuminate/Pipeline/Pipeline::prepareDestination():168}(Object(Illuminate/Http/Request))
#43 C:/Users/Lidiya Getale/Herd/immigrationknowhow/vendor/laravel/framework/src/Illuminate/Foundation/Http/Middleware/ConvertEmptyStringsToNull.php(31): Illuminate/Foundation/Http/Middleware/TransformsRequest->handle(Object(Illuminate/Http/Request), Object(Closure))
#44 C:/Users/Lidiya Getale/Herd/immigrationknowhow/vendor/laravel/framework/src/Illuminate/Pipeline/Pipeline.php(209): Illuminate/Foundation/Http/Middleware/ConvertEmptyStringsToNull->handle(Object(Illuminate/Http/Request), Object(Closure))
#45 C:/Users/Lidiya Getale/Herd/immigrationknowhow/vendor/laravel/framework/src/Illuminate/Foundation/Http/Middleware/TransformsRequest.php(21): Illuminate/Pipeline/Pipeline->{closure:{closure:Illuminate/Pipeline/Pipeline::carry():184}:185}(Object(Illuminate/Http/Request))
#46 C:/Users/Lidiya Getale/Herd/immigrationknowhow/vendor/laravel/framework/src/Illuminate/Foundation/Http/Middleware/TrimStrings.php(51): Illuminate/Foundation/Http/Middleware/TransformsRequest->handle(Object(Illuminate/Http/Request), Object(Closure))
#47 C:/Users/Lidiya Getale/Herd/immigrationknowhow/vendor/laravel/framework/src/Illuminate/Pipeline/Pipeline.php(209): Illuminate/Foundation/Http/Middleware/TrimStrings->handle(Object(Illuminate/Http/Request), Object(Closure))
#48 C:/Users/Lidiya Getale/Herd/immigrationknowhow/vendor/laravel/framework/src/Illuminate/Http/Middleware/ValidatePostSize.php(27): Illuminate/Pipeline/Pipeline->{closure:{closure:Illuminate/Pipeline/Pipeline::carry():184}:185}(Object(Illuminate/Http/Request))
#49 C:/Users/Lidiya Getale/Herd/immigrationknowhow/vendor/laravel/framework/src/Illuminate/Pipeline/Pipeline.php(209): Illuminate/Http/Middleware/ValidatePostSize->handle(Object(Illuminate/Http/Request), Object(Closure))
#50 C:/Users/Lidiya Getale/Herd/immigrationknowhow/vendor/laravel/framework/src/Illuminate/Foundation/Http/Middleware/PreventRequestsDuringMaintenance.php(110): Illuminate/Pipeline/Pipeline->{closure:{closure:Illuminate/Pipeline/Pipeline::carry():184}:185}(Object(Illuminate/Http/Request))
#51 C:/Users/Lidiya Getale/Herd/immigrationknowhow/vendor/laravel/framework/src/Illuminate/Pipeline/Pipeline.php(209): Illuminate/Foundation/Http/Middleware/PreventRequestsDuringMaintenance->handle(Object(Illuminate/Http/Request), Object(Closure))
#52 C:/Users/Lidiya Getale/Herd/immigrationknowhow/vendor/laravel/framework/src/Illuminate/Http/Middleware/HandleCors.php(49): Illuminate/Pipeline/Pipeline->{closure:{closure:Illuminate/Pipeline/Pipeline::carry():184}:185}(Object(Illuminate/Http/Request))
#53 C:/Users/Lidiya Getale/Herd/immigrationknowhow/vendor/laravel/framework/src/Illuminate/Pipeline/Pipeline.php(209): Illuminate/Http/Middleware/HandleCors->handle(Object(Illuminate/Http/Request), Object(Closure))
#54 C:/Users/Lidiya Getale/Herd/immigrationknowhow/vendor/laravel/framework/src/Illuminate/Http/Middleware/TrustProxies.php(58): Illuminate/Pipeline/Pipeline->{closure:{closure:Illuminate/Pipeline/Pipeline::carry():184}:185}(Object(Illuminate/Http/Request))
#55 C:/Users/Lidiya Getale/Herd/immigrationknowhow/vendor/laravel/framework/src/Illuminate/Pipeline/Pipeline.php(209): Illuminate/Http/Middleware/TrustProxies->handle(Object(Illuminate/Http/Request), Object(Closure))
#56 C:/Users/Lidiya Getale/Herd/immigrationknowhow/vendor/laravel/framework/src/Illuminate/Foundation/Http/Middleware/InvokeDeferredCallbacks.php(22): Illuminate/Pipeline/Pipeline->{closure:{closure:Illuminate/Pipeline/Pipeline::carry():184}:185}(Object(Illuminate/Http/Request))
#57 C:/Users/Lidiya Getale/Herd/immigrationknowhow/vendor/laravel/framework/src/Illuminate/Pipeline/Pipeline.php(209): Illuminate/Foundation/Http/Middleware/InvokeDeferredCallbacks->handle(Object(Illuminate/Http/Request), Object(Closure))
#58 C:/Users/Lidiya Getale/Herd/immigrationknowhow/vendor/laravel/framework/src/Illuminate/Pipeline/Pipeline.php(127): Illuminate/Pipeline/Pipeline->{closure:{closure:Illuminate/Pipeline/Pipeline::carry():184}:185}(Object(Illuminate/Http/Request))
#59 C:/Users/Lidiya Getale/Herd/immigrationknowhow/vendor/laravel/framework/src/Illuminate/Foundation/Http/Kernel.php(176): Illuminate/Pipeline/Pipeline->then(Object(Closure))
#60 C:/Users/Lidiya Getale/Herd/immigrationknowhow/vendor/laravel/framework/src/Illuminate/Foundation/Http/Kernel.php(145): Illuminate/Foundation/Http/Kernel->sendRequestThroughRouter(Object(Illuminate/Http/Request))
#61 C:/Users/Lidiya Getale/Herd/immigrationknowhow/vendor/laravel/framework/src/Illuminate/Foundation/Application.php(1220): Illuminate/Foundation/Http/Kernel->handle(Object(Illuminate/Http/Request))
#62 C:/Users/Lidiya Getale/Herd/immigrationknowhow/public/index.php(17): Illuminate/Foundation/Application->handleRequest(Object(Illuminate/Http/Request))
#63 C:/Program Files/Herd/resources/app.asar.unpacked/resources/valet/server.php(139): require('C://Users//Lidiya...')
#64 {main}

[previous exception] [object] (PDOException(code: 42S22): SQLSTATE[42S22]: Column not found: 1054 Unknown column 'verified_by' in 'field list' at C:/Users/Lidiya Getale/Herd/immigrationknowhow/vendor/laravel/framework/src/Illuminate/Database/Connection.php:592)
[stacktrace]
#0 C:/Users/Lidiya Getale/Herd/immigrationknowhow/vendor/laravel/framework/src/Illuminate/Database/Connection.php(592): PDO->prepare('update `service...')
#1 C:/Users/Lidiya Getale/Herd/immigrationknowhow/vendor/laravel/framework/src/Illuminate/Database/Connection.php(812): Illuminate/Database/Connection->{closure:Illuminate/Database/Connection::affectingStatement():584}('update `service...', Array)
#2 C:/Users/Lidiya Getale/Herd/immigrationknowhow/vendor/laravel/framework/src/Illuminate/Database/Connection.php(779): Illuminate/Database/Connection->runQueryCallback('update `service...', Array, Object(Closure))
#3 C:/Users/Lidiya Getale/Herd/immigrationknowhow/vendor/laravel/framework/src/Illuminate/Database/Connection.php(584): Illuminate/Database/Connection->run('update `service...', Array, Object(Closure))
#4 C:/Users/Lidiya Getale/Herd/immigrationknowhow/vendor/laravel/framework/src/Illuminate/Database/Connection.php(536): Illuminate/Database/Connection->affectingStatement('update `service...', Array)
#5 C:/Users/Lidiya Getale/Herd/immigrationknowhow/vendor/laravel/framework/src/Illuminate/Database/Query/Builder.php(3830): Illuminate/Database/Connection->update('update `service...', Array)
#6 C:/Users/Lidiya Getale/Herd/immigrationknowhow/vendor/laravel/framework/src/Illuminate/Database/Eloquent/Builder.php(1175): Illuminate/Database/Query/Builder->update(Object(Illuminate/Support/Collection))
#7 C:/Users/Lidiya Getale/Herd/immigrationknowhow/vendor/laravel/framework/src/Illuminate/Database/Eloquent/Model.php(1239): Illuminate/Database/Eloquent/Builder->update(Array)
#8 C:/Users/Lidiya Getale/Herd/immigrationknowhow/vendor/laravel/framework/src/Illuminate/Database/Eloquent/Model.php(1156): Illuminate/Database/Eloquent/Model->performUpdate(Object(Illuminate/Database/Eloquent/Builder))
#9 C:/Users/Lidiya Getale/Herd/immigrationknowhow/vendor/laravel/framework/src/Illuminate/Database/Eloquent/Model.php(1014): Illuminate/Database/Eloquent/Model->save(Array)
#10 C:/Users/Lidiya Getale/Herd/immigrationknowhow/app/Http/Controllers/Admin/ProviderController.php(112): Illuminate/Database/Eloquent/Model->update(Array)
#11 C:/Users/Lidiya Getale/Herd/immigrationknowhow/vendor/laravel/framework/src/Illuminate/Routing/ControllerDispatcher.php(47): App/Http/Controllers/Admin/ProviderController->update(Object(Illuminate/Http/Request), Object(App/Models/ServiceProvider))
#12 C:/Users/Lidiya Getale/Herd/immigrationknowhow/vendor/laravel/framework/src/Illuminate/Routing/Route.php(266): Illuminate/Routing/ControllerDispatcher->dispatch(Object(Illuminate/Routing/Route), Object(App/Http/Controllers/Admin/ProviderController), 'update')
#13 C:/Users/Lidiya Getale/Herd/immigrationknowhow/vendor/laravel/framework/src/Illuminate/Routing/Route.php(212): Illuminate/Routing/Route->runController()
#14 C:/Users/Lidiya Getale/Herd/immigrationknowhow/vendor/laravel/framework/src/Illuminate/Routing/Router.php(808): Illuminate/Routing/Route->run()
#15 C:/Users/Lidiya Getale/Herd/immigrationknowhow/vendor/laravel/framework/src/Illuminate/Pipeline/Pipeline.php(170): Illuminate/Routing/Router->{closure:Illuminate/Routing/Router::runRouteWithinStack():807}(Object(Illuminate/Http/Request))
#16 C:/Users/Lidiya Getale/Herd/immigrationknowhow/app/Http/Middleware/EnsureOnboardingComplete.php(30): Illuminate/Pipeline/Pipeline->{closure:Illuminate/Pipeline/Pipeline::prepareDestination():168}(Object(Illuminate/Http/Request))
#17 C:/Users/Lidiya Getale/Herd/immigrationknowhow/vendor/laravel/framework/src/Illuminate/Pipeline/Pipeline.php(209): App/Http/Middleware/EnsureOnboardingComplete->handle(Object(Illuminate/Http/Request), Object(Closure))
#18 C:/Users/Lidiya Getale/Herd/immigrationknowhow/vendor/spatie/laravel-permission/src/Middleware/RoleMiddleware.php(37): Illuminate/Pipeline/Pipeline->{closure:{closure:Illuminate/Pipeline/Pipeline::carry():184}:185}(Object(Illuminate/Http/Request))
#19 C:/Users/Lidiya Getale/Herd/immigrationknowhow/vendor/laravel/framework/src/Illuminate/Pipeline/Pipeline.php(209): Spatie/Permission/Middleware/RoleMiddleware->handle(Object(Illuminate/Http/Request), Object(Closure), 'admin|super_adm...')
#20 C:/Users/Lidiya Getale/Herd/immigrationknowhow/vendor/inertiajs/inertia-laravel/src/Middleware.php(87): Illuminate/Pipeline/Pipeline->{closure:{closure:Illuminate/Pipeline/Pipeline::carry():184}:185}(Object(Illuminate/Http/Request))
#21 C:/Users/Lidiya Getale/Herd/immigrationknowhow/vendor/laravel/framework/src/Illuminate/Pipeline/Pipeline.php(209): Inertia/Middleware->handle(Object(Illuminate/Http/Request), Object(Closure))
#22 C:/Users/Lidiya Getale/Herd/immigrationknowhow/vendor/laravel/framework/src/Illuminate/Routing/Middleware/SubstituteBindings.php(51): Illuminate/Pipeline/Pipeline->{closure:{closure:Illuminate/Pipeline/Pipeline::carry():184}:185}(Object(Illuminate/Http/Request))
#23 C:/Users/Lidiya Getale/Herd/immigrationknowhow/vendor/laravel/framework/src/Illuminate/Pipeline/Pipeline.php(209): Illuminate/Routing/Middleware/SubstituteBindings->handle(Object(Illuminate/Http/Request), Object(Closure))
#24 C:/Users/Lidiya Getale/Herd/immigrationknowhow/vendor/laravel/framework/src/Illuminate/Auth/Middleware/Authenticate.php(64): Illuminate/Pipeline/Pipeline->{closure:{closure:Illuminate/Pipeline/Pipeline::carry():184}:185}(Object(Illuminate/Http/Request))
#25 C:/Users/Lidiya Getale/Herd/immigrationknowhow/vendor/laravel/framework/src/Illuminate/Pipeline/Pipeline.php(209): Illuminate/Auth/Middleware/Authenticate->handle(Object(Illuminate/Http/Request), Object(Closure))
#26 C:/Users/Lidiya Getale/Herd/immigrationknowhow/vendor/laravel/framework/src/Illuminate/Foundation/Http/Middleware/VerifyCsrfToken.php(88): Illuminate/Pipeline/Pipeline->{closure:{closure:Illuminate/Pipeline/Pipeline::carry():184}:185}(Object(Illuminate/Http/Request))
#27 C:/Users/Lidiya Getale/Herd/immigrationknowhow/vendor/laravel/framework/src/Illuminate/Pipeline/Pipeline.php(209): Illuminate/Foundation/Http/Middleware/VerifyCsrfToken->handle(Object(Illuminate/Http/Request), Object(Closure))
#28 C:/Users/Lidiya Getale/Herd/immigrationknowhow/vendor/laravel/framework/src/Illuminate/View/Middleware/ShareErrorsFromSession.php(49): Illuminate/Pipeline/Pipeline->{closure:{closure:Illuminate/Pipeline/Pipeline::carry():184}:185}(Object(Illuminate/Http/Request))
#29 C:/Users/Lidiya Getale/Herd/immigrationknowhow/vendor/laravel/framework/src/Illuminate/Pipeline/Pipeline.php(209): Illuminate/View/Middleware/ShareErrorsFromSession->handle(Object(Illuminate/Http/Request), Object(Closure))
#30 C:/Users/Lidiya Getale/Herd/immigrationknowhow/vendor/laravel/framework/src/Illuminate/Session/Middleware/StartSession.php(121): Illuminate/Pipeline/Pipeline->{closure:{closure:Illuminate/Pipeline/Pipeline::carry():184}:185}(Object(Illuminate/Http/Request))
#31 C:/Users/Lidiya Getale/Herd/immigrationknowhow/vendor/laravel/framework/src/Illuminate/Session/Middleware/StartSession.php(64): Illuminate/Session/Middleware/StartSession->handleStatefulRequest(Object(Illuminate/Http/Request), Object(Illuminate/Session/Store), Object(Closure))
#32 C:/Users/Lidiya Getale/Herd/immigrationknowhow/vendor/laravel/framework/src/Illuminate/Pipeline/Pipeline.php(209): Illuminate/Session/Middleware/StartSession->handle(Object(Illuminate/Http/Request), Object(Closure))
#33 C:/Users/Lidiya Getale/Herd/immigrationknowhow/vendor/laravel/framework/src/Illuminate/Cookie/Middleware/AddQueuedCookiesToResponse.php(37): Illuminate/Pipeline/Pipeline->{closure:{closure:Illuminate/Pipeline/Pipeline::carry():184}:185}(Object(Illuminate/Http/Request))
#34 C:/Users/Lidiya Getale/Herd/immigrationknowhow/vendor/laravel/framework/src/Illuminate/Pipeline/Pipeline.php(209): Illuminate/Cookie/Middleware/AddQueuedCookiesToResponse->handle(Object(Illuminate/Http/Request), Object(Closure))
#35 C:/Users/Lidiya Getale/Herd/immigrationknowhow/vendor/laravel/framework/src/Illuminate/Cookie/Middleware/EncryptCookies.php(75): Illuminate/Pipeline/Pipeline->{closure:{closure:Illuminate/Pipeline/Pipeline::carry():184}:185}(Object(Illuminate/Http/Request))
#36 C:/Users/Lidiya Getale/Herd/immigrationknowhow/vendor/laravel/framework/src/Illuminate/Pipeline/Pipeline.php(209): Illuminate/Cookie/Middleware/EncryptCookies->handle(Object(Illuminate/Http/Request), Object(Closure))
#37 C:/Users/Lidiya Getale/Herd/immigrationknowhow/vendor/laravel/framework/src/Illuminate/Pipeline/Pipeline.php(127): Illuminate/Pipeline/Pipeline->{closure:{closure:Illuminate/Pipeline/Pipeline::carry():184}:185}(Object(Illuminate/Http/Request))
#38 C:/Users/Lidiya Getale/Herd/immigrationknowhow/vendor/laravel/framework/src/Illuminate/Routing/Router.php(807): Illuminate/Pipeline/Pipeline->then(Object(Closure))
#39 C:/Users/Lidiya Getale/Herd/immigrationknowhow/vendor/laravel/framework/src/Illuminate/Routing/Router.php(786): Illuminate/Routing/Router->runRouteWithinStack(Object(Illuminate/Routing/Route), Object(Illuminate/Http/Request))
#40 C:/Users/Lidiya Getale/Herd/immigrationknowhow/vendor/laravel/framework/src/Illuminate/Routing/Router.php(750): Illuminate/Routing/Router->runRoute(Object(Illuminate/Http/Request), Object(Illuminate/Routing/Route))
#41 C:/Users/Lidiya Getale/Herd/immigrationknowhow/vendor/laravel/framework/src/Illuminate/Routing/Router.php(739): Illuminate/Routing/Router->dispatchToRoute(Object(Illuminate/Http/Request))
#42 C:/Users/Lidiya Getale/Herd/immigrationknowhow/vendor/laravel/framework/src/Illuminate/Foundation/Http/Kernel.php(201): Illuminate/Routing/Router->dispatch(Object(Illuminate/Http/Request))
#43 C:/Users/Lidiya Getale/Herd/immigrationknowhow/vendor/laravel/framework/src/Illuminate/Pipeline/Pipeline.php(170): Illuminate/Foundation/Http/Kernel->{closure:Illuminate/Foundation/Http/Kernel::dispatchToRouter():198}(Object(Illuminate/Http/Request))
#44 C:/Users/Lidiya Getale/Herd/immigrationknowhow/vendor/laravel/framework/src/Illuminate/Foundation/Http/Middleware/TransformsRequest.php(21): Illuminate/Pipeline/Pipeline->{closure:Illuminate/Pipeline/Pipeline::prepareDestination():168}(Object(Illuminate/Http/Request))
#45 C:/Users/Lidiya Getale/Herd/immigrationknowhow/vendor/laravel/framework/src/Illuminate/Foundation/Http/Middleware/ConvertEmptyStringsToNull.php(31): Illuminate/Foundation/Http/Middleware/TransformsRequest->handle(Object(Illuminate/Http/Request), Object(Closure))
#46 C:/Users/Lidiya Getale/Herd/immigrationknowhow/vendor/laravel/framework/src/Illuminate/Pipeline/Pipeline.php(209): Illuminate/Foundation/Http/Middleware/ConvertEmptyStringsToNull->handle(Object(Illuminate/Http/Request), Object(Closure))
#47 C:/Users/Lidiya Getale/Herd/immigrationknowhow/vendor/laravel/framework/src/Illuminate/Foundation/Http/Middleware/TransformsRequest.php(21): Illuminate/Pipeline/Pipeline->{closure:{closure:Illuminate/Pipeline/Pipeline::carry():184}:185}(Object(Illuminate/Http/Request))
#48 C:/Users/Lidiya Getale/Herd/immigrationknowhow/vendor/laravel/framework/src/Illuminate/Foundation/Http/Middleware/TrimStrings.php(51): Illuminate/Foundation/Http/Middleware/TransformsRequest->handle(Object(Illuminate/Http/Request), Object(Closure))
#49 C:/Users/Lidiya Getale/Herd/immigrationknowhow/vendor/laravel/framework/src/Illuminate/Pipeline/Pipeline.php(209): Illuminate/Foundation/Http/Middleware/TrimStrings->handle(Object(Illuminate/Http/Request), Object(Closure))
#50 C:/Users/Lidiya Getale/Herd/immigrationknowhow/vendor/laravel/framework/src/Illuminate/Http/Middleware/ValidatePostSize.php(27): Illuminate/Pipeline/Pipeline->{closure:{closure:Illuminate/Pipeline/Pipeline::carry():184}:185}(Object(Illuminate/Http/Request))
#51 C:/Users/Lidiya Getale/Herd/immigrationknowhow/vendor/laravel/framework/src/Illuminate/Pipeline/Pipeline.php(209): Illuminate/Http/Middleware/ValidatePostSize->handle(Object(Illuminate/Http/Request), Object(Closure))
#52 C:/Users/Lidiya Getale/Herd/immigrationknowhow/vendor/laravel/framework/src/Illuminate/Foundation/Http/Middleware/PreventRequestsDuringMaintenance.php(110): Illuminate/Pipeline/Pipeline->{closure:{closure:Illuminate/Pipeline/Pipeline::carry():184}:185}(Object(Illuminate/Http/Request))
#53 C:/Users/Lidiya Getale/Herd/immigrationknowhow/vendor/laravel/framework/src/Illuminate/Pipeline/Pipeline.php(209): Illuminate/Foundation/Http/Middleware/PreventRequestsDuringMaintenance->handle(Object(Illuminate/Http/Request), Object(Closure))
#54 C:/Users/Lidiya Getale/Herd/immigrationknowhow/vendor/laravel/framework/src/Illuminate/Http/Middleware/HandleCors.php(49): Illuminate/Pipeline/Pipeline->{closure:{closure:Illuminate/Pipeline/Pipeline::carry():184}:185}(Object(Illuminate/Http/Request))
#55 C:/Users/Lidiya Getale/Herd/immigrationknowhow/vendor/laravel/framework/src/Illuminate/Pipeline/Pipeline.php(209): Illuminate/Http/Middleware/HandleCors->handle(Object(Illuminate/Http/Request), Object(Closure))
#56 C:/Users/Lidiya Getale/Herd/immigrationknowhow/vendor/laravel/framework/src/Illuminate/Http/Middleware/TrustProxies.php(58): Illuminate/Pipeline/Pipeline->{closure:{closure:Illuminate/Pipeline/Pipeline::carry():184}:185}(Object(Illuminate/Http/Request))
#57 C:/Users/Lidiya Getale/Herd/immigrationknowhow/vendor/laravel/framework/src/Illuminate/Pipeline/Pipeline.php(209): Illuminate/Http/Middleware/TrustProxies->handle(Object(Illuminate/Http/Request), Object(Closure))
#58 C:/Users/Lidiya Getale/Herd/immigrationknowhow/vendor/laravel/framework/src/Illuminate/Foundation/Http/Middleware/InvokeDeferredCallbacks.php(22): Illuminate/Pipeline/Pipeline->{closure:{closure:Illuminate/Pipeline/Pipeline::carry():184}:185}(Object(Illuminate/Http/Request))
#59 C:/Users/Lidiya Getale/Herd/immigrationknowhow/vendor/laravel/framework/src/Illuminate/Pipeline/Pipeline.php(209): Illuminate/Foundation/Http/Middleware/InvokeDeferredCallbacks->handle(Object(Illuminate/Http/Request), Object(Closure))
#60 C:/Users/Lidiya Getale/Herd/immigrationknowhow/vendor/laravel/framework/src/Illuminate/Pipeline/Pipeline.php(127): Illuminate/Pipeline/Pipeline->{closure:{closure:Illuminate/Pipeline/Pipeline::carry():184}:185}(Object(Illuminate/Http/Request))
#61 C:/Users/Lidiya Getale/Herd/immigrationknowhow/vendor/laravel/framework/src/Illuminate/Foundation/Http/Kernel.php(176): Illuminate/Pipeline/Pipeline->then(Object(Closure))
#62 C:/Users/Lidiya Getale/Herd/immigrationknowhow/vendor/laravel/framework/src/Illuminate/Foundation/Http/Kernel.php(145): Illuminate/Foundation/Http/Kernel->sendRequestThroughRouter(Object(Illuminate/Http/Request))
#63 C:/Users/Lidiya Getale/Herd/immigrationknowhow/vendor/laravel/framework/src/Illuminate/Foundation/Application.php(1220): Illuminate/Foundation/Http/Kernel->handle(Object(Illuminate/Http/Request))
#64 C:/Users/Lidiya Getale/Herd/immigrationknowhow/public/index.php(17): Illuminate/Foundation/Application->handleRequest(Object(Illuminate/Http/Request))
#65 C:/Program Files/Herd/resources/app.asar.unpacked/resources/valet/server.php(139): require('C://Users//Lidiya...')
#66 {main}
"} 
[2026-04-10 16:14:44] local.ERROR: SQLSTATE[42S22]: Column not found: 1054 Unknown column 'is_flagged' in 'where clause' (Connection: mysql, SQL: select count(*) as aggregate from `reviews` where `is_flagged` = 1 and `reviews`.`deleted_at` is null) {"userId":48,"exception":"[object] (Illuminate\\Database\\QueryException(code: 42S22): SQLSTATE[42S22]: Column not found: 1054 Unknown column 'is_flagged' in 'where clause' (Connection: mysql, SQL: select count(*) as aggregate from `reviews` where `is_flagged` = 1 and `reviews`.`deleted_at` is null) at C:/Users/Lidiya Getale/Herd/immigrationknowhow/vendor/laravel/framework/src/Illuminate/Database/Connection.php:825)
[stacktrace]
#0 C:/Users/Lidiya Getale/Herd/immigrationknowhow/vendor/laravel/framework/src/Illuminate/Database/Connection.php(779): Illuminate/Database/Connection->runQueryCallback('select count(*)...', Array, Object(Closure))
#1 C:/Users/Lidiya Getale/Herd/immigrationknowhow/vendor/laravel/framework/src/Illuminate/Database/Connection.php(398): Illuminate/Database/Connection->run('select count(*)...', Array, Object(Closure))
#2 C:/Users/Lidiya Getale/Herd/immigrationknowhow/vendor/laravel/framework/src/Illuminate/Database/Query/Builder.php(3106): Illuminate/Database/Connection->select('select count(*)...', Array, true)
#3 C:/Users/Lidiya Getale/Herd/immigrationknowhow/vendor/laravel/framework/src/Illuminate/Database/Query/Builder.php(3091): Illuminate/Database/Query/Builder->runSelect()
#4 C:/Users/Lidiya Getale/Herd/immigrationknowhow/vendor/laravel/framework/src/Illuminate/Database/Query/Builder.php(3676): Illuminate/Database/Query/Builder->{closure:Illuminate/Database/Query/Builder::get():3090}()
#5 C:/Users/Lidiya Getale/Herd/immigrationknowhow/vendor/laravel/framework/src/Illuminate/Database/Query/Builder.php(3090): Illuminate/Database/Query/Builder->onceWithColumns(Array, Object(Closure))
#6 C:/Users/Lidiya Getale/Herd/immigrationknowhow/vendor/laravel/framework/src/Illuminate/Database/Query/Builder.php(3603): Illuminate/Database/Query/Builder->get(Array)
#7 C:/Users/Lidiya Getale/Herd/immigrationknowhow/vendor/laravel/framework/src/Illuminate/Database/Query/Builder.php(3531): Illuminate/Database/Query/Builder->aggregate('count', Array)
#8 C:/Users/Lidiya Getale/Herd/immigrationknowhow/vendor/laravel/framework/src/Illuminate/Database/Eloquent/Builder.php(2120): Illuminate/Database/Query/Builder->count()
#9 C:/Users/Lidiya Getale/Herd/immigrationknowhow/app/Http/Controllers/Admin/ReviewController.php(49): Illuminate/Database/Eloquent/Builder->__call('count', Array)
#10 C:/Users/Lidiya Getale/Herd/immigrationknowhow/vendor/laravel/framework/src/Illuminate/Routing/ControllerDispatcher.php(47): App/Http/Controllers/Admin/ReviewController->index(Object(Illuminate/Http/Request))
#11 C:/Users/Lidiya Getale/Herd/immigrationknowhow/vendor/laravel/framework/src/Illuminate/Routing/Route.php(266): Illuminate/Routing/ControllerDispatcher->dispatch(Object(Illuminate/Routing/Route), Object(App/Http/Controllers/Admin/ReviewController), 'index')
#12 C:/Users/Lidiya Getale/Herd/immigrationknowhow/vendor/laravel/framework/src/Illuminate/Routing/Route.php(212): Illuminate/Routing/Route->runController()
#13 C:/Users/Lidiya Getale/Herd/immigrationknowhow/vendor/laravel/framework/src/Illuminate/Routing/Router.php(808): Illuminate/Routing/Route->run()
#14 C:/Users/Lidiya Getale/Herd/immigrationknowhow/vendor/laravel/framework/src/Illuminate/Pipeline/Pipeline.php(170): Illuminate/Routing/Router->{closure:Illuminate/Routing/Router::runRouteWithinStack():807}(Object(Illuminate/Http/Request))
#15 C:/Users/Lidiya Getale/Herd/immigrationknowhow/app/Http/Middleware/EnsureOnboardingComplete.php(30): Illuminate/Pipeline/Pipeline->{closure:Illuminate/Pipeline/Pipeline::prepareDestination():168}(Object(Illuminate/Http/Request))
#16 C:/Users/Lidiya Getale/Herd/immigrationknowhow/vendor/laravel/framework/src/Illuminate/Pipeline/Pipeline.php(209): App/Http/Middleware/EnsureOnboardingComplete->handle(Object(Illuminate/Http/Request), Object(Closure))
#17 C:/Users/Lidiya Getale/Herd/immigrationknowhow/vendor/spatie/laravel-permission/src/Middleware/RoleMiddleware.php(37): Illuminate/Pipeline/Pipeline->{closure:{closure:Illuminate/Pipeline/Pipeline::carry():184}:185}(Object(Illuminate/Http/Request))
#18 C:/Users/Lidiya Getale/Herd/immigrationknowhow/vendor/laravel/framework/src/Illuminate/Pipeline/Pipeline.php(209): Spatie/Permission/Middleware/RoleMiddleware->handle(Object(Illuminate/Http/Request), Object(Closure), 'admin|super_adm...')
#19 C:/Users/Lidiya Getale/Herd/immigrationknowhow/vendor/inertiajs/inertia-laravel/src/Middleware.php(87): Illuminate/Pipeline/Pipeline->{closure:{closure:Illuminate/Pipeline/Pipeline::carry():184}:185}(Object(Illuminate/Http/Request))
#20 C:/Users/Lidiya Getale/Herd/immigrationknowhow/vendor/laravel/framework/src/Illuminate/Pipeline/Pipeline.php(209): Inertia/Middleware->handle(Object(Illuminate/Http/Request), Object(Closure))
#21 C:/Users/Lidiya Getale/Herd/immigrationknowhow/vendor/laravel/framework/src/Illuminate/Routing/Middleware/SubstituteBindings.php(51): Illuminate/Pipeline/Pipeline->{closure:{closure:Illuminate/Pipeline/Pipeline::carry():184}:185}(Object(Illuminate/Http/Request))
#22 C:/Users/Lidiya Getale/Herd/immigrationknowhow/vendor/laravel/framework/src/Illuminate/Pipeline/Pipeline.php(209): Illuminate/Routing/Middleware/SubstituteBindings->handle(Object(Illuminate/Http/Request), Object(Closure))
#23 C:/Users/Lidiya Getale/Herd/immigrationknowhow/vendor/laravel/framework/src/Illuminate/Auth/Middleware/Authenticate.php(64): Illuminate/Pipeline/Pipeline->{closure:{closure:Illuminate/Pipeline/Pipeline::carry():184}:185}(Object(Illuminate/Http/Request))
#24 C:/Users/Lidiya Getale/Herd/immigrationknowhow/vendor/laravel/framework/src/Illuminate/Pipeline/Pipeline.php(209): Illuminate/Auth/Middleware/Authenticate->handle(Object(Illuminate/Http/Request), Object(Closure))
#25 C:/Users/Lidiya Getale/Herd/immigrationknowhow/vendor/laravel/framework/src/Illuminate/Foundation/Http/Middleware/VerifyCsrfToken.php(88): Illuminate/Pipeline/Pipeline->{closure:{closure:Illuminate/Pipeline/Pipeline::carry():184}:185}(Object(Illuminate/Http/Request))
#26 C:/Users/Lidiya Getale/Herd/immigrationknowhow/vendor/laravel/framework/src/Illuminate/Pipeline/Pipeline.php(209): Illuminate/Foundation/Http/Middleware/VerifyCsrfToken->handle(Object(Illuminate/Http/Request), Object(Closure))
#27 C:/Users/Lidiya Getale/Herd/immigrationknowhow/vendor/laravel/framework/src/Illuminate/View/Middleware/ShareErrorsFromSession.php(49): Illuminate/Pipeline/Pipeline->{closure:{closure:Illuminate/Pipeline/Pipeline::carry():184}:185}(Object(Illuminate/Http/Request))
#28 C:/Users/Lidiya Getale/Herd/immigrationknowhow/vendor/laravel/framework/src/Illuminate/Pipeline/Pipeline.php(209): Illuminate/View/Middleware/ShareErrorsFromSession->handle(Object(Illuminate/Http/Request), Object(Closure))
#29 C:/Users/Lidiya Getale/Herd/immigrationknowhow/vendor/laravel/framework/src/Illuminate/Session/Middleware/StartSession.php(121): Illuminate/Pipeline/Pipeline->{closure:{closure:Illuminate/Pipeline/Pipeline::carry():184}:185}(Object(Illuminate/Http/Request))
#30 C:/Users/Lidiya Getale/Herd/immigrationknowhow/vendor/laravel/framework/src/Illuminate/Session/Middleware/StartSession.php(64): Illuminate/Session/Middleware/StartSession->handleStatefulRequest(Object(Illuminate/Http/Request), Object(Illuminate/Session/Store), Object(Closure))
#31 C:/Users/Lidiya Getale/Herd/immigrationknowhow/vendor/laravel/framework/src/Illuminate/Pipeline/Pipeline.php(209): Illuminate/Session/Middleware/StartSession->handle(Object(Illuminate/Http/Request), Object(Closure))
#32 C:/Users/Lidiya Getale/Herd/immigrationknowhow/vendor/laravel/framework/src/Illuminate/Cookie/Middleware/AddQueuedCookiesToResponse.php(37): Illuminate/Pipeline/Pipeline->{closure:{closure:Illuminate/Pipeline/Pipeline::carry():184}:185}(Object(Illuminate/Http/Request))
#33 C:/Users/Lidiya Getale/Herd/immigrationknowhow/vendor/laravel/framework/src/Illuminate/Pipeline/Pipeline.php(209): Illuminate/Cookie/Middleware/AddQueuedCookiesToResponse->handle(Object(Illuminate/Http/Request), Object(Closure))
#34 C:/Users/Lidiya Getale/Herd/immigrationknowhow/vendor/laravel/framework/src/Illuminate/Cookie/Middleware/EncryptCookies.php(75): Illuminate/Pipeline/Pipeline->{closure:{closure:Illuminate/Pipeline/Pipeline::carry():184}:185}(Object(Illuminate/Http/Request))
#35 C:/Users/Lidiya Getale/Herd/immigrationknowhow/vendor/laravel/framework/src/Illuminate/Pipeline/Pipeline.php(209): Illuminate/Cookie/Middleware/EncryptCookies->handle(Object(Illuminate/Http/Request), Object(Closure))
#36 C:/Users/Lidiya Getale/Herd/immigrationknowhow/vendor/laravel/framework/src/Illuminate/Pipeline/Pipeline.php(127): Illuminate/Pipeline/Pipeline->{closure:{closure:Illuminate/Pipeline/Pipeline::carry():184}:185}(Object(Illuminate/Http/Request))
#37 C:/Users/Lidiya Getale/Herd/immigrationknowhow/vendor/laravel/framework/src/Illuminate/Routing/Router.php(807): Illuminate/Pipeline/Pipeline->then(Object(Closure))
#38 C:/Users/Lidiya Getale/Herd/immigrationknowhow/vendor/laravel/framework/src/Illuminate/Routing/Router.php(786): Illuminate/Routing/Router->runRouteWithinStack(Object(Illuminate/Routing/Route), Object(Illuminate/Http/Request))
#39 C:/Users/Lidiya Getale/Herd/immigrationknowhow/vendor/laravel/framework/src/Illuminate/Routing/Router.php(750): Illuminate/Routing/Router->runRoute(Object(Illuminate/Http/Request), Object(Illuminate/Routing/Route))
#40 C:/Users/Lidiya Getale/Herd/immigrationknowhow/vendor/laravel/framework/src/Illuminate/Routing/Router.php(739): Illuminate/Routing/Router->dispatchToRoute(Object(Illuminate/Http/Request))
#41 C:/Users/Lidiya Getale/Herd/immigrationknowhow/vendor/laravel/framework/src/Illuminate/Foundation/Http/Kernel.php(201): Illuminate/Routing/Router->dispatch(Object(Illuminate/Http/Request))
#42 C:/Users/Lidiya Getale/Herd/immigrationknowhow/vendor/laravel/framework/src/Illuminate/Pipeline/Pipeline.php(170): Illuminate/Foundation/Http/Kernel->{closure:Illuminate/Foundation/Http/Kernel::dispatchToRouter():198}(Object(Illuminate/Http/Request))
#43 C:/Users/Lidiya Getale/Herd/immigrationknowhow/vendor/laravel/framework/src/Illuminate/Foundation/Http/Middleware/TransformsRequest.php(21): Illuminate/Pipeline/Pipeline->{closure:Illuminate/Pipeline/Pipeline::prepareDestination():168}(Object(Illuminate/Http/Request))
#44 C:/Users/Lidiya Getale/Herd/immigrationknowhow/vendor/laravel/framework/src/Illuminate/Foundation/Http/Middleware/ConvertEmptyStringsToNull.php(31): Illuminate/Foundation/Http/Middleware/TransformsRequest->handle(Object(Illuminate/Http/Request), Object(Closure))
#45 C:/Users/Lidiya Getale/Herd/immigrationknowhow/vendor/laravel/framework/src/Illuminate/Pipeline/Pipeline.php(209): Illuminate/Foundation/Http/Middleware/ConvertEmptyStringsToNull->handle(Object(Illuminate/Http/Request), Object(Closure))
#46 C:/Users/Lidiya Getale/Herd/immigrationknowhow/vendor/laravel/framework/src/Illuminate/Foundation/Http/Middleware/TransformsRequest.php(21): Illuminate/Pipeline/Pipeline->{closure:{closure:Illuminate/Pipeline/Pipeline::carry():184}:185}(Object(Illuminate/Http/Request))
#47 C:/Users/Lidiya Getale/Herd/immigrationknowhow/vendor/laravel/framework/src/Illuminate/Foundation/Http/Middleware/TrimStrings.php(51): Illuminate/Foundation/Http/Middleware/TransformsRequest->handle(Object(Illuminate/Http/Request), Object(Closure))
#48 C:/Users/Lidiya Getale/Herd/immigrationknowhow/vendor/laravel/framework/src/Illuminate/Pipeline/Pipeline.php(209): Illuminate/Foundation/Http/Middleware/TrimStrings->handle(Object(Illuminate/Http/Request), Object(Closure))
#49 C:/Users/Lidiya Getale/Herd/immigrationknowhow/vendor/laravel/framework/src/Illuminate/Http/Middleware/ValidatePostSize.php(27): Illuminate/Pipeline/Pipeline->{closure:{closure:Illuminate/Pipeline/Pipeline::carry():184}:185}(Object(Illuminate/Http/Request))
#50 C:/Users/Lidiya Getale/Herd/immigrationknowhow/vendor/laravel/framework/src/Illuminate/Pipeline/Pipeline.php(209): Illuminate/Http/Middleware/ValidatePostSize->handle(Object(Illuminate/Http/Request), Object(Closure))
#51 C:/Users/Lidiya Getale/Herd/immigrationknowhow/vendor/laravel/framework/src/Illuminate/Foundation/Http/Middleware/PreventRequestsDuringMaintenance.php(110): Illuminate/Pipeline/Pipeline->{closure:{closure:Illuminate/Pipeline/Pipeline::carry():184}:185}(Object(Illuminate/Http/Request))
#52 C:/Users/Lidiya Getale/Herd/immigrationknowhow/vendor/laravel/framework/src/Illuminate/Pipeline/Pipeline.php(209): Illuminate/Foundation/Http/Middleware/PreventRequestsDuringMaintenance->handle(Object(Illuminate/Http/Request), Object(Closure))
#53 C:/Users/Lidiya Getale/Herd/immigrationknowhow/vendor/laravel/framework/src/Illuminate/Http/Middleware/HandleCors.php(49): Illuminate/Pipeline/Pipeline->{closure:{closure:Illuminate/Pipeline/Pipeline::carry():184}:185}(Object(Illuminate/Http/Request))
#54 C:/Users/Lidiya Getale/Herd/immigrationknowhow/vendor/laravel/framework/src/Illuminate/Pipeline/Pipeline.php(209): Illuminate/Http/Middleware/HandleCors->handle(Object(Illuminate/Http/Request), Object(Closure))
#55 C:/Users/Lidiya Getale/Herd/immigrationknowhow/vendor/laravel/framework/src/Illuminate/Http/Middleware/TrustProxies.php(58): Illuminate/Pipeline/Pipeline->{closure:{closure:Illuminate/Pipeline/Pipeline::carry():184}:185}(Object(Illuminate/Http/Request))
#56 C:/Users/Lidiya Getale/Herd/immigrationknowhow/vendor/laravel/framework/src/Illuminate/Pipeline/Pipeline.php(209): Illuminate/Http/Middleware/TrustProxies->handle(Object(Illuminate/Http/Request), Object(Closure))
#57 C:/Users/Lidiya Getale/Herd/immigrationknowhow/vendor/laravel/framework/src/Illuminate/Foundation/Http/Middleware/InvokeDeferredCallbacks.php(22): Illuminate/Pipeline/Pipeline->{closure:{closure:Illuminate/Pipeline/Pipeline::carry():184}:185}(Object(Illuminate/Http/Request))
#58 C:/Users/Lidiya Getale/Herd/immigrationknowhow/vendor/laravel/framework/src/Illuminate/Pipeline/Pipeline.php(209): Illuminate/Foundation/Http/Middleware/InvokeDeferredCallbacks->handle(Object(Illuminate/Http/Request), Object(Closure))
#59 C:/Users/Lidiya Getale/Herd/immigrationknowhow/vendor/laravel/framework/src/Illuminate/Pipeline/Pipeline.php(127): Illuminate/Pipeline/Pipeline->{closure:{closure:Illuminate/Pipeline/Pipeline::carry():184}:185}(Object(Illuminate/Http/Request))
#60 C:/Users/Lidiya Getale/Herd/immigrationknowhow/vendor/laravel/framework/src/Illuminate/Foundation/Http/Kernel.php(176): Illuminate/Pipeline/Pipeline->then(Object(Closure))
#61 C:/Users/Lidiya Getale/Herd/immigrationknowhow/vendor/laravel/framework/src/Illuminate/Foundation/Http/Kernel.php(145): Illuminate/Foundation/Http/Kernel->sendRequestThroughRouter(Object(Illuminate/Http/Request))
#62 C:/Users/Lidiya Getale/Herd/immigrationknowhow/vendor/laravel/framework/src/Illuminate/Foundation/Application.php(1220): Illuminate/Foundation/Http/Kernel->handle(Object(Illuminate/Http/Request))
#63 C:/Users/Lidiya Getale/Herd/immigrationknowhow/public/index.php(17): Illuminate/Foundation/Application->handleRequest(Object(Illuminate/Http/Request))
#64 C:/Program Files/Herd/resources/app.asar.unpacked/resources/valet/server.php(139): require('C://Users//Lidiya...')
#65 {main}

[previous exception] [object] (PDOException(code: 42S22): SQLSTATE[42S22]: Column not found: 1054 Unknown column 'is_flagged' in 'where clause' at C:/Users/Lidiya Getale/Herd/immigrationknowhow/vendor/laravel/framework/src/Illuminate/Database/Connection.php:407)
[stacktrace]
#0 C:/Users/Lidiya Getale/Herd/immigrationknowhow/vendor/laravel/framework/src/Illuminate/Database/Connection.php(407): PDO->prepare('select count(*)...')
#1 C:/Users/Lidiya Getale/Herd/immigrationknowhow/vendor/laravel/framework/src/Illuminate/Database/Connection.php(812): Illuminate/Database/Connection->{closure:Illuminate/Database/Connection::select():398}('select count(*)...', Array)
#2 C:/Users/Lidiya Getale/Herd/immigrationknowhow/vendor/laravel/framework/src/Illuminate/Database/Connection.php(779): Illuminate/Database/Connection->runQueryCallback('select count(*)...', Array, Object(Closure))
#3 C:/Users/Lidiya Getale/Herd/immigrationknowhow/vendor/laravel/framework/src/Illuminate/Database/Connection.php(398): Illuminate/Database/Connection->run('select count(*)...', Array, Object(Closure))
#4 C:/Users/Lidiya Getale/Herd/immigrationknowhow/vendor/laravel/framework/src/Illuminate/Database/Query/Builder.php(3106): Illuminate/Database/Connection->select('select count(*)...', Array, true)
#5 C:/Users/Lidiya Getale/Herd/immigrationknowhow/vendor/laravel/framework/src/Illuminate/Database/Query/Builder.php(3091): Illuminate/Database/Query/Builder->runSelect()
#6 C:/Users/Lidiya Getale/Herd/immigrationknowhow/vendor/laravel/framework/src/Illuminate/Database/Query/Builder.php(3676): Illuminate/Database/Query/Builder->{closure:Illuminate/Database/Query/Builder::get():3090}()
#7 C:/Users/Lidiya Getale/Herd/immigrationknowhow/vendor/laravel/framework/src/Illuminate/Database/Query/Builder.php(3090): Illuminate/Database/Query/Builder->onceWithColumns(Array, Object(Closure))
#8 C:/Users/Lidiya Getale/Herd/immigrationknowhow/vendor/laravel/framework/src/Illuminate/Database/Query/Builder.php(3603): Illuminate/Database/Query/Builder->get(Array)
#9 C:/Users/Lidiya Getale/Herd/immigrationknowhow/vendor/laravel/framework/src/Illuminate/Database/Query/Builder.php(3531): Illuminate/Database/Query/Builder->aggregate('count', Array)
#10 C:/Users/Lidiya Getale/Herd/immigrationknowhow/vendor/laravel/framework/src/Illuminate/Database/Eloquent/Builder.php(2120): Illuminate/Database/Query/Builder->count()
#11 C:/Users/Lidiya Getale/Herd/immigrationknowhow/app/Http/Controllers/Admin/ReviewController.php(49): Illuminate/Database/Eloquent/Builder->__call('count', Array)
#12 C:/Users/Lidiya Getale/Herd/immigrationknowhow/vendor/laravel/framework/src/Illuminate/Routing/ControllerDispatcher.php(47): App/Http/Controllers/Admin/ReviewController->index(Object(Illuminate/Http/Request))
#13 C:/Users/Lidiya Getale/Herd/immigrationknowhow/vendor/laravel/framework/src/Illuminate/Routing/Route.php(266): Illuminate/Routing/ControllerDispatcher->dispatch(Object(Illuminate/Routing/Route), Object(App/Http/Controllers/Admin/ReviewController), 'index')
#14 C:/Users/Lidiya Getale/Herd/immigrationknowhow/vendor/laravel/framework/src/Illuminate/Routing/Route.php(212): Illuminate/Routing/Route->runController()
#15 C:/Users/Lidiya Getale/Herd/immigrationknowhow/vendor/laravel/framework/src/Illuminate/Routing/Router.php(808): Illuminate/Routing/Route->run()
#16 C:/Users/Lidiya Getale/Herd/immigrationknowhow/vendor/laravel/framework/src/Illuminate/Pipeline/Pipeline.php(170): Illuminate/Routing/Router->{closure:Illuminate/Routing/Router::runRouteWithinStack():807}(Object(Illuminate/Http/Request))
#17 C:/Users/Lidiya Getale/Herd/immigrationknowhow/app/Http/Middleware/EnsureOnboardingComplete.php(30): Illuminate/Pipeline/Pipeline->{closure:Illuminate/Pipeline/Pipeline::prepareDestination():168}(Object(Illuminate/Http/Request))
#18 C:/Users/Lidiya Getale/Herd/immigrationknowhow/vendor/laravel/framework/src/Illuminate/Pipeline/Pipeline.php(209): App/Http/Middleware/EnsureOnboardingComplete->handle(Object(Illuminate/Http/Request), Object(Closure))
#19 C:/Users/Lidiya Getale/Herd/immigrationknowhow/vendor/spatie/laravel-permission/src/Middleware/RoleMiddleware.php(37): Illuminate/Pipeline/Pipeline->{closure:{closure:Illuminate/Pipeline/Pipeline::carry():184}:185}(Object(Illuminate/Http/Request))
#20 C:/Users/Lidiya Getale/Herd/immigrationknowhow/vendor/laravel/framework/src/Illuminate/Pipeline/Pipeline.php(209): Spatie/Permission/Middleware/RoleMiddleware->handle(Object(Illuminate/Http/Request), Object(Closure), 'admin|super_adm...')
#21 C:/Users/Lidiya Getale/Herd/immigrationknowhow/vendor/inertiajs/inertia-laravel/src/Middleware.php(87): Illuminate/Pipeline/Pipeline->{closure:{closure:Illuminate/Pipeline/Pipeline::carry():184}:185}(Object(Illuminate/Http/Request))
#22 C:/Users/Lidiya Getale/Herd/immigrationknowhow/vendor/laravel/framework/src/Illuminate/Pipeline/Pipeline.php(209): Inertia/Middleware->handle(Object(Illuminate/Http/Request), Object(Closure))
#23 C:/Users/Lidiya Getale/Herd/immigrationknowhow/vendor/laravel/framework/src/Illuminate/Routing/Middleware/SubstituteBindings.php(51): Illuminate/Pipeline/Pipeline->{closure:{closure:Illuminate/Pipeline/Pipeline::carry():184}:185}(Object(Illuminate/Http/Request))
#24 C:/Users/Lidiya Getale/Herd/immigrationknowhow/vendor/laravel/framework/src/Illuminate/Pipeline/Pipeline.php(209): Illuminate/Routing/Middleware/SubstituteBindings->handle(Object(Illuminate/Http/Request), Object(Closure))
#25 C:/Users/Lidiya Getale/Herd/immigrationknowhow/vendor/laravel/framework/src/Illuminate/Auth/Middleware/Authenticate.php(64): Illuminate/Pipeline/Pipeline->{closure:{closure:Illuminate/Pipeline/Pipeline::carry():184}:185}(Object(Illuminate/Http/Request))
#26 C:/Users/Lidiya Getale/Herd/immigrationknowhow/vendor/laravel/framework/src/Illuminate/Pipeline/Pipeline.php(209): Illuminate/Auth/Middleware/Authenticate->handle(Object(Illuminate/Http/Request), Object(Closure))
#27 C:/Users/Lidiya Getale/Herd/immigrationknowhow/vendor/laravel/framework/src/Illuminate/Foundation/Http/Middleware/VerifyCsrfToken.php(88): Illuminate/Pipeline/Pipeline->{closure:{closure:Illuminate/Pipeline/Pipeline::carry():184}:185}(Object(Illuminate/Http/Request))
#28 C:/Users/Lidiya Getale/Herd/immigrationknowhow/vendor/laravel/framework/src/Illuminate/Pipeline/Pipeline.php(209): Illuminate/Foundation/Http/Middleware/VerifyCsrfToken->handle(Object(Illuminate/Http/Request), Object(Closure))
#29 C:/Users/Lidiya Getale/Herd/immigrationknowhow/vendor/laravel/framework/src/Illuminate/View/Middleware/ShareErrorsFromSession.php(49): Illuminate/Pipeline/Pipeline->{closure:{closure:Illuminate/Pipeline/Pipeline::carry():184}:185}(Object(Illuminate/Http/Request))
#30 C:/Users/Lidiya Getale/Herd/immigrationknowhow/vendor/laravel/framework/src/Illuminate/Pipeline/Pipeline.php(209): Illuminate/View/Middleware/ShareErrorsFromSession->handle(Object(Illuminate/Http/Request), Object(Closure))
#31 C:/Users/Lidiya Getale/Herd/immigrationknowhow/vendor/laravel/framework/src/Illuminate/Session/Middleware/StartSession.php(121): Illuminate/Pipeline/Pipeline->{closure:{closure:Illuminate/Pipeline/Pipeline::carry():184}:185}(Object(Illuminate/Http/Request))
#32 C:/Users/Lidiya Getale/Herd/immigrationknowhow/vendor/laravel/framework/src/Illuminate/Session/Middleware/StartSession.php(64): Illuminate/Session/Middleware/StartSession->handleStatefulRequest(Object(Illuminate/Http/Request), Object(Illuminate/Session/Store), Object(Closure))
#33 C:/Users/Lidiya Getale/Herd/immigrationknowhow/vendor/laravel/framework/src/Illuminate/Pipeline/Pipeline.php(209): Illuminate/Session/Middleware/StartSession->handle(Object(Illuminate/Http/Request), Object(Closure))
#34 C:/Users/Lidiya Getale/Herd/immigrationknowhow/vendor/laravel/framework/src/Illuminate/Cookie/Middleware/AddQueuedCookiesToResponse.php(37): Illuminate/Pipeline/Pipeline->{closure:{closure:Illuminate/Pipeline/Pipeline::carry():184}:185}(Object(Illuminate/Http/Request))
#35 C:/Users/Lidiya Getale/Herd/immigrationknowhow/vendor/laravel/framework/src/Illuminate/Pipeline/Pipeline.php(209): Illuminate/Cookie/Middleware/AddQueuedCookiesToResponse->handle(Object(Illuminate/Http/Request), Object(Closure))
#36 C:/Users/Lidiya Getale/Herd/immigrationknowhow/vendor/laravel/framework/src/Illuminate/Cookie/Middleware/EncryptCookies.php(75): Illuminate/Pipeline/Pipeline->{closure:{closure:Illuminate/Pipeline/Pipeline::carry():184}:185}(Object(Illuminate/Http/Request))
#37 C:/Users/Lidiya Getale/Herd/immigrationknowhow/vendor/laravel/framework/src/Illuminate/Pipeline/Pipeline.php(209): Illuminate/Cookie/Middleware/EncryptCookies->handle(Object(Illuminate/Http/Request), Object(Closure))
#38 C:/Users/Lidiya Getale/Herd/immigrationknowhow/vendor/laravel/framework/src/Illuminate/Pipeline/Pipeline.php(127): Illuminate/Pipeline/Pipeline->{closure:{closure:Illuminate/Pipeline/Pipeline::carry():184}:185}(Object(Illuminate/Http/Request))
#39 C:/Users/Lidiya Getale/Herd/immigrationknowhow/vendor/laravel/framework/src/Illuminate/Routing/Router.php(807): Illuminate/Pipeline/Pipeline->then(Object(Closure))
#40 C:/Users/Lidiya Getale/Herd/immigrationknowhow/vendor/laravel/framework/src/Illuminate/Routing/Router.php(786): Illuminate/Routing/Router->runRouteWithinStack(Object(Illuminate/Routing/Route), Object(Illuminate/Http/Request))
#41 C:/Users/Lidiya Getale/Herd/immigrationknowhow/vendor/laravel/framework/src/Illuminate/Routing/Router.php(750): Illuminate/Routing/Router->runRoute(Object(Illuminate/Http/Request), Object(Illuminate/Routing/Route))
#42 C:/Users/Lidiya Getale/Herd/immigrationknowhow/vendor/laravel/framework/src/Illuminate/Routing/Router.php(739): Illuminate/Routing/Router->dispatchToRoute(Object(Illuminate/Http/Request))
#43 C:/Users/Lidiya Getale/Herd/immigrationknowhow/vendor/laravel/framework/src/Illuminate/Foundation/Http/Kernel.php(201): Illuminate/Routing/Router->dispatch(Object(Illuminate/Http/Request))
#44 C:/Users/Lidiya Getale/Herd/immigrationknowhow/vendor/laravel/framework/src/Illuminate/Pipeline/Pipeline.php(170): Illuminate/Foundation/Http/Kernel->{closure:Illuminate/Foundation/Http/Kernel::dispatchToRouter():198}(Object(Illuminate/Http/Request))
#45 C:/Users/Lidiya Getale/Herd/immigrationknowhow/vendor/laravel/framework/src/Illuminate/Foundation/Http/Middleware/TransformsRequest.php(21): Illuminate/Pipeline/Pipeline->{closure:Illuminate/Pipeline/Pipeline::prepareDestination():168}(Object(Illuminate/Http/Request))
#46 C:/Users/Lidiya Getale/Herd/immigrationknowhow/vendor/laravel/framework/src/Illuminate/Foundation/Http/Middleware/ConvertEmptyStringsToNull.php(31): Illuminate/Foundation/Http/Middleware/TransformsRequest->handle(Object(Illuminate/Http/Request), Object(Closure))
#47 C:/Users/Lidiya Getale/Herd/immigrationknowhow/vendor/laravel/framework/src/Illuminate/Pipeline/Pipeline.php(209): Illuminate/Foundation/Http/Middleware/ConvertEmptyStringsToNull->handle(Object(Illuminate/Http/Request), Object(Closure))
#48 C:/Users/Lidiya Getale/Herd/immigrationknowhow/vendor/laravel/framework/src/Illuminate/Foundation/Http/Middleware/TransformsRequest.php(21): Illuminate/Pipeline/Pipeline->{closure:{closure:Illuminate/Pipeline/Pipeline::carry():184}:185}(Object(Illuminate/Http/Request))
#49 C:/Users/Lidiya Getale/Herd/immigrationknowhow/vendor/laravel/framework/src/Illuminate/Foundation/Http/Middleware/TrimStrings.php(51): Illuminate/Foundation/Http/Middleware/TransformsRequest->handle(Object(Illuminate/Http/Request), Object(Closure))
#50 C:/Users/Lidiya Getale/Herd/immigrationknowhow/vendor/laravel/framework/src/Illuminate/Pipeline/Pipeline.php(209): Illuminate/Foundation/Http/Middleware/TrimStrings->handle(Object(Illuminate/Http/Request), Object(Closure))
#51 C:/Users/Lidiya Getale/Herd/immigrationknowhow/vendor/laravel/framework/src/Illuminate/Http/Middleware/ValidatePostSize.php(27): Illuminate/Pipeline/Pipeline->{closure:{closure:Illuminate/Pipeline/Pipeline::carry():184}:185}(Object(Illuminate/Http/Request))
#52 C:/Users/Lidiya Getale/Herd/immigrationknowhow/vendor/laravel/framework/src/Illuminate/Pipeline/Pipeline.php(209): Illuminate/Http/Middleware/ValidatePostSize->handle(Object(Illuminate/Http/Request), Object(Closure))
#53 C:/Users/Lidiya Getale/Herd/immigrationknowhow/vendor/laravel/framework/src/Illuminate/Foundation/Http/Middleware/PreventRequestsDuringMaintenance.php(110): Illuminate/Pipeline/Pipeline->{closure:{closure:Illuminate/Pipeline/Pipeline::carry():184}:185}(Object(Illuminate/Http/Request))
#54 C:/Users/Lidiya Getale/Herd/immigrationknowhow/vendor/laravel/framework/src/Illuminate/Pipeline/Pipeline.php(209): Illuminate/Foundation/Http/Middleware/PreventRequestsDuringMaintenance->handle(Object(Illuminate/Http/Request), Object(Closure))
#55 C:/Users/Lidiya Getale/Herd/immigrationknowhow/vendor/laravel/framework/src/Illuminate/Http/Middleware/HandleCors.php(49): Illuminate/Pipeline/Pipeline->{closure:{closure:Illuminate/Pipeline/Pipeline::carry():184}:185}(Object(Illuminate/Http/Request))
#56 C:/Users/Lidiya Getale/Herd/immigrationknowhow/vendor/laravel/framework/src/Illuminate/Pipeline/Pipeline.php(209): Illuminate/Http/Middleware/HandleCors->handle(Object(Illuminate/Http/Request), Object(Closure))
#57 C:/Users/Lidiya Getale/Herd/immigrationknowhow/vendor/laravel/framework/src/Illuminate/Http/Middleware/TrustProxies.php(58): Illuminate/Pipeline/Pipeline->{closure:{closure:Illuminate/Pipeline/Pipeline::carry():184}:185}(Object(Illuminate/Http/Request))
#58 C:/Users/Lidiya Getale/Herd/immigrationknowhow/vendor/laravel/framework/src/Illuminate/Pipeline/Pipeline.php(209): Illuminate/Http/Middleware/TrustProxies->handle(Object(Illuminate/Http/Request), Object(Closure))
#59 C:/Users/Lidiya Getale/Herd/immigrationknowhow/vendor/laravel/framework/src/Illuminate/Foundation/Http/Middleware/InvokeDeferredCallbacks.php(22): Illuminate/Pipeline/Pipeline->{closure:{closure:Illuminate/Pipeline/Pipeline::carry():184}:185}(Object(Illuminate/Http/Request))
#60 C:/Users/Lidiya Getale/Herd/immigrationknowhow/vendor/laravel/framework/src/Illuminate/Pipeline/Pipeline.php(209): Illuminate/Foundation/Http/Middleware/InvokeDeferredCallbacks->handle(Object(Illuminate/Http/Request), Object(Closure))
#61 C:/Users/Lidiya Getale/Herd/immigrationknowhow/vendor/laravel/framework/src/Illuminate/Pipeline/Pipeline.php(127): Illuminate/Pipeline/Pipeline->{closure:{closure:Illuminate/Pipeline/Pipeline::carry():184}:185}(Object(Illuminate/Http/Request))
#62 C:/Users/Lidiya Getale/Herd/immigrationknowhow/vendor/laravel/framework/src/Illuminate/Foundation/Http/Kernel.php(176): Illuminate/Pipeline/Pipeline->then(Object(Closure))
#63 C:/Users/Lidiya Getale/Herd/immigrationknowhow/vendor/laravel/framework/src/Illuminate/Foundation/Http/Kernel.php(145): Illuminate/Foundation/Http/Kernel->sendRequestThroughRouter(Object(Illuminate/Http/Request))
#64 C:/Users/Lidiya Getale/Herd/immigrationknowhow/vendor/laravel/framework/src/Illuminate/Foundation/Application.php(1220): Illuminate/Foundation/Http/Kernel->handle(Object(Illuminate/Http/Request))
#65 C:/Users/Lidiya Getale/Herd/immigrationknowhow/public/index.php(17): Illuminate/Foundation/Application->handleRequest(Object(Illuminate/Http/Request))
#66 C:/Program Files/Herd/resources/app.asar.unpacked/resources/valet/server.php(139): require('C://Users//Lidiya...')
#67 {main}
"} 
